# t	u	y	backlog	allocated_capacity	service_rate	response_time
# model_name=cloud_server_workload, controlled_output=latency_deviation, dt=0.2 sec, dt_sim=0.02 sec, input_type=alternating_steps, preg_blackbox_enabled=False, r_preg=1, backlog_nom=8, arrival_rate=5, service_nom=5, service_gain=3, tau_capacity=1.5, half_saturation=2, abandonment=0.03, latency_gain=0.18
0.0000000000e+00	0.0000000000e+00	0.0000000000e+00	8.0000000000e+00	5.0000000000e+00	4.0000000000e+00	1.4400000000e+00
2.0000000000e-01	0.0000000000e+00	2.7010054243e-02	8.1500558569e+00	5.0000000000e+00	4.0147837469e+00	1.4670100542e+00
4.0000000000e-01	0.0000000000e+00	5.3342232111e-02	8.2963457340e+00	5.0000000000e+00	4.0287816417e+00	1.4933422321e+00
6.0000000000e-01	0.0000000000e+00	7.9027621642e-02	8.4390423425e+00	5.0000000000e+00	4.0420577222e+00	1.5190276216e+00
8.0000000000e-01	0.0000000000e+00	1.0409495591e-01	8.5783053106e+00	5.0000000000e+00	4.0546689941e+00	1.5440949559e+00
1.0000000000e+00	0.0000000000e+00	1.2857086171e-01	8.7142825651e+00	5.0000000000e+00	4.0666663923e+00	1.5685708617e+00
1.2000000000e+00	0.0000000000e+00	1.5248007522e-01	8.8471115290e+00	5.0000000000e+00	4.0780955858e+00	1.5924800752e+00
1.4000000000e+00	0.0000000000e+00	1.7584562973e-01	8.9769201651e+00	5.0000000000e+00	4.0889976560e+00	1.6158456297e+00
1.6000000000e+00	0.0000000000e+00	1.9868901991e-01	9.1038278884e+00	5.0000000000e+00	4.0994096720e+00	1.6386890199e+00
1.8000000000e+00	0.0000000000e+00	2.2103034601e-01	9.2279463667e+00	5.0000000000e+00	4.1093651792e+00	1.6610303460e+00
2.0000000000e+00	0.0000000000e+00	2.4288844096e-01	9.3493802276e+00	5.0000000000e+00	4.1188946181e+00	1.6828884410e+00
2.2000000000e+00	0.0000000000e+00	2.6428098277e-01	9.4682276820e+00	5.0000000000e+00	4.1280256830e+00	1.7042809828e+00
2.4000000000e+00	0.0000000000e+00	2.8522459431e-01	9.5845810795e+00	5.0000000000e+00	4.1367836324e+00	1.7252245943e+00
2.6000000000e+00	0.0000000000e+00	3.0573493213e-01	9.6985274007e+00	5.0000000000e+00	4.1451915564e+00	1.7457349321e+00
2.8000000000e+00	0.0000000000e+00	3.2582676577e-01	9.8101486987e+00	5.0000000000e+00	4.1532706103e+00	1.7658267658e+00
3.0000000000e+00	0.0000000000e+00	3.4551404879e-01	9.9195224933e+00	5.0000000000e+00	4.1610402174e+00	1.7855140488e+00
3.2000000000e+00	0.0000000000e+00	3.6480998256e-01	1.0026722125e+01	5.0000000000e+00	4.1685182466e+00	1.8048099826e+00
3.4000000000e+00	0.0000000000e+00	3.8372707366e-01	1.0131817076e+01	5.0000000000e+00	4.1757211688e+00	1.8237270737e+00
3.6000000000e+00	0.0000000000e+00	4.0227718576e-01	1.0234873254e+01	5.0000000000e+00	4.1826641934e+00	1.8422771858e+00
3.8000000000e+00	0.0000000000e+00	4.2047158642e-01	1.0335953258e+01	5.0000000000e+00	4.1893613902e+00	1.8604715864e+00
4.0000000000e+00	0.0000000000e+00	4.3832098970e-01	1.0435116609e+01	5.0000000000e+00	4.1958257961e+00	1.8783209897e+00
4.2000000000e+00	0.0000000000e+00	4.5583559474e-01	1.0532419971e+01	5.0000000000e+00	4.2020695107e+00	1.8958355947e+00
4.4000000000e+00	0.0000000000e+00	4.7302512095e-01	1.0627917339e+01	5.0000000000e+00	4.2081037805e+00	1.9130251210e+00
4.6000000000e+00	0.0000000000e+00	4.8989884010e-01	1.0721660223e+01	5.0000000000e+00	4.2139390752e+00	1.9298988401e+00
4.8000000000e+00	0.0000000000e+00	5.0646560567e-01	1.0813697809e+01	5.0000000000e+00	4.2195851542e+00	1.9464656057e+00
5.0000000000e+00	0.0000000000e+00	5.2273387971e-01	1.0904077110e+01	5.0000000000e+00	4.2250511280e+00	1.9627338797e+00
5.2000000000e+00	0.0000000000e+00	5.3871175752e-01	1.0992843097e+01	5.0000000000e+00	4.2303455121e+00	1.9787117575e+00
5.4000000000e+00	0.0000000000e+00	5.5440699026e-01	1.1080038835e+01	5.0000000000e+00	4.2354762760e+00	1.9944069903e+00
5.6000000000e+00	0.0000000000e+00	5.6982700583e-01	1.1165705588e+01	5.0000000000e+00	4.2404508871e+00	2.0098270058e+00
5.8000000000e+00	0.0000000000e+00	5.8497892809e-01	1.1249882934e+01	5.0000000000e+00	4.2452763507e+00	2.0249789281e+00
6.0000000000e+00	0.0000000000e+00	5.9986959459e-01	1.1332608859e+01	5.0000000000e+00	4.2499592461e+00	2.0398695946e+00
6.2000000000e+00	0.0000000000e+00	6.1450557304e-01	1.1413919850e+01	5.0000000000e+00	4.2545057588e+00	2.0545055730e+00
6.4000000000e+00	0.0000000000e+00	6.2889317641e-01	1.1493850980e+01	5.0000000000e+00	4.2589217107e+00	2.0688931764e+00
6.6000000000e+00	0.0000000000e+00	6.4303847712e-01	1.1572435984e+01	5.0000000000e+00	4.2632125868e+00	2.0830384771e+00
6.8000000000e+00	0.0000000000e+00	6.5694732006e-01	1.1649707334e+01	5.0000000000e+00	4.2673835595e+00	2.0969473201e+00
7.0000000000e+00	0.0000000000e+00	6.7062533478e-01	1.1725696304e+01	5.0000000000e+00	4.2714395118e+00	2.1106253348e+00
7.2000000000e+00	0.0000000000e+00	6.8407794677e-01	1.1800433038e+01	5.0000000000e+00	4.2753850569e+00	2.1240779468e+00
7.4000000000e+00	0.0000000000e+00	6.9731038809e-01	1.1873946600e+01	5.0000000000e+00	4.2792245575e+00	2.1373103881e+00
7.6000000000e+00	0.0000000000e+00	7.1032770711e-01	1.1946265039e+01	5.0000000000e+00	4.2829621428e+00	2.1503277071e+00
7.8000000000e+00	0.0000000000e+00	7.2313477777e-01	1.2017415432e+01	5.0000000000e+00	4.2866017242e+00	2.1631347778e+00
8.0000000000e+00	0.0000000000e+00	7.3573630817e-01	1.2087423934e+01	5.0000000000e+00	4.2901470101e+00	2.1757363082e+00
8.2000000000e+00	0.0000000000e+00	7.4813684857e-01	1.2156315825e+01	5.0000000000e+00	4.2936015187e+00	2.1881368486e+00
8.4000000000e+00	0.0000000000e+00	7.6034079898e-01	1.2224115550e+01	5.0000000000e+00	4.2969685908e+00	2.2003407990e+00
8.6000000000e+00	0.0000000000e+00	7.7235241619e-01	1.2290846757e+01	5.0000000000e+00	4.3002514008e+00	2.2123524162e+00
8.8000000000e+00	0.0000000000e+00	7.8417582042e-01	1.2356532336e+01	5.0000000000e+00	4.3034529672e+00	2.2241758204e+00
9.0000000000e+00	0.0000000000e+00	7.9581500154e-01	1.2421194453e+01	5.0000000000e+00	4.3065761624e+00	2.2358150015e+00
9.2000000000e+00	0.0000000000e+00	8.0727382499e-01	1.2484854583e+01	5.0000000000e+00	4.3096237216e+00	2.2472738250e+00
9.4000000000e+00	0.0000000000e+00	8.1855603721e-01	1.2547533540e+01	5.0000000000e+00	4.3125982509e+00	2.2585560372e+00
9.6000000000e+00	0.0000000000e+00	8.2966527092e-01	1.2609251505e+01	5.0000000000e+00	4.3155022352e+00	2.2696652709e+00
9.8000000000e+00	0.0000000000e+00	8.4060504997e-01	1.2670028055e+01	5.0000000000e+00	4.3183380453e+00	2.2806050500e+00
1.0000000000e+01	0.0000000000e+00	8.5137879402e-01	1.2729882189e+01	5.0000000000e+00	4.3211079443e+00	2.2913787940e+00
1.0200000000e+01	0.0000000000e+00	8.6198982284e-01	1.2788832349e+01	5.0000000000e+00	4.3238140940e+00	2.3019898228e+00
1.0400000000e+01	0.0000000000e+00	8.7244136051e-01	1.2846896447e+01	5.0000000000e+00	4.3264585608e+00	2.3124413605e+00
1.0600000000e+01	0.0000000000e+00	8.8273653929e-01	1.2904091885e+01	5.0000000000e+00	4.3290433206e+00	2.3227365393e+00
1.0800000000e+01	0.0000000000e+00	8.9287840334e-01	1.2960435574e+01	5.0000000000e+00	4.3315702641e+00	2.3328784033e+00
1.1000000000e+01	0.0000000000e+00	9.0286991219e-01	1.3015943957e+01	5.0000000000e+00	4.3340412012e+00	2.3428699122e+00
1.1200000000e+01	0.0000000000e+00	9.1271394409e-01	1.3070633023e+01	5.0000000000e+00	4.3364578658e+00	2.3527139441e+00
1.1400000000e+01	0.0000000000e+00	9.2241329918e-01	1.3124518329e+01	5.0000000000e+00	4.3388219193e+00	2.3624132992e+00
1.1600000000e+01	0.0000000000e+00	9.3197070240e-01	1.3177615013e+01	5.0000000000e+00	4.3411349549e+00	2.3719707024e+00
1.1800000000e+01	0.0000000000e+00	9.4138880644e-01	1.3229937814e+01	5.0000000000e+00	4.3433985009e+00	2.3813888064e+00
1.2000000000e+01	0.0000000000e+00	9.5067019434e-01	1.3281501080e+01	5.0000000000e+00	4.3456140239e+00	2.3906701943e+00
1.2200000000e+01	0.0000000000e+00	9.5981738213e-01	1.3332318790e+01	5.0000000000e+00	4.3477829324e+00	2.3998173821e+00
1.2400000000e+01	0.0000000000e+00	9.6883282123e-01	1.3382404562e+01	5.0000000000e+00	4.3499065793e+00	2.4088328212e+00
1.2600000000e+01	0.0000000000e+00	9.7771890080e-01	1.3431771671e+01	5.0000000000e+00	4.3519862649e+00	2.4177189008e+00
1.2800000000e+01	0.0000000000e+00	9.8647794992e-01	1.3480433055e+01	5.0000000000e+00	4.3540232392e+00	2.4264779499e+00
1.3000000000e+01	0.0000000000e+00	9.9511223977e-01	1.3528401332e+01	5.0000000000e+00	4.3560187049e+00	2.4351122398e+00
1.3200000000e+01	0.0000000000e+00	1.0036239856e+00	1.3575688809e+01	5.0000000000e+00	4.3579738191e+00	2.4436239856e+00
1.3400000000e+01	0.0000000000e+00	1.0120153486e+00	1.3622307492e+01	5.0000000000e+00	4.3598896959e+00	2.4520153486e+00
1.3600000000e+01	0.0000000000e+00	1.0202884378e+00	1.3668269099e+01	5.0000000000e+00	4.3617674079e+00	2.4602884378e+00
1.3800000000e+01	0.0000000000e+00	1.0284453119e+00	1.3713585066e+01	5.0000000000e+00	4.3636079890e+00	2.4684453119e+00
1.4000000000e+01	0.0000000000e+00	1.0364879809e+00	1.3758266560e+01	5.0000000000e+00	4.3654124353e+00	2.4764879809e+00
1.4200000000e+01	0.0000000000e+00	1.0444184074e+00	1.3802324485e+01	5.0000000000e+00	4.3671817074e+00	2.4844184074e+00
1.4400000000e+01	0.0000000000e+00	1.0522385086e+00	1.3845769492e+01	5.0000000000e+00	4.3689167317e+00	2.4922385086e+00
1.4600000000e+01	0.0000000000e+00	1.0599501577e+00	1.3888611987e+01	5.0000000000e+00	4.3706184022e+00	2.4999501577e+00
1.4800000000e+01	0.0000000000e+00	1.0675551849e+00	1.3930862138e+01	5.0000000000e+00	4.3722875816e+00	2.5075551849e+00
1.5000000000e+01	0.0000000000e+00	1.0750553792e+00	1.3972529884e+01	5.0000000000e+00	4.3739251031e+00	2.5150553792e+00
1.5200000000e+01	0.0000000000e+00	1.0824524893e+00	1.4013624941e+01	5.0000000000e+00	4.3755317714e+00	2.5224524893e+00
1.5400000000e+01	0.0000000000e+00	1.0897482254e+00	1.4054156808e+01	5.0000000000e+00	4.3771083639e+00	2.5297482254e+00
1.5600000000e+01	0.0000000000e+00	1.0969442597e+00	1.4094134776e+01	5.0000000000e+00	4.3786556321e+00	2.5369442597e+00
1.5800000000e+01	0.0000000000e+00	1.1040422281e+00	1.4133567934e+01	5.0000000000e+00	4.3801743024e+00	2.5440422281e+00
1.6000000000e+01	0.0000000000e+00	1.1110437309e+00	1.4172465171e+01	5.0000000000e+00	4.3816650774e+00	2.5510437309e+00
1.6200000000e+01	0.0000000000e+00	1.1179503341e+00	1.4210835189e+01	5.0000000000e+00	4.3831286369e+00	2.5579503341e+00
1.6400000000e+01	0.0000000000e+00	1.1247635704e+00	1.4248686502e+01	5.0000000000e+00	4.3845656387e+00	2.5647635704e+00
1.6600000000e+01	0.0000000000e+00	1.1314849400e+00	1.4286027445e+01	5.0000000000e+00	4.3859767194e+00	2.5714849400e+00
1.6800000000e+01	0.0000000000e+00	1.1381159118e+00	1.4322866177e+01	5.0000000000e+00	4.3873624955e+00	2.5781159118e+00
1.7000000000e+01	0.0000000000e+00	1.1446579238e+00	1.4359210688e+01	5.0000000000e+00	4.3887235643e+00	2.5846579238e+00
1.7200000000e+01	0.0000000000e+00	1.1511123847e+00	1.4395068804e+01	5.0000000000e+00	4.3900605042e+00	2.5911123847e+00
1.7400000000e+01	0.0000000000e+00	1.1574806741e+00	1.4430448189e+01	5.0000000000e+00	4.3913738758e+00	2.5974806741e+00
1.7600000000e+01	0.0000000000e+00	1.1637641435e+00	1.4465356353e+01	5.0000000000e+00	4.3926642226e+00	2.6037641435e+00
1.7800000000e+01	0.0000000000e+00	1.1699641173e+00	1.4499800651e+01	5.0000000000e+00	4.3939320716e+00	2.6099641173e+00
1.8000000000e+01	0.0000000000e+00	1.1760818932e+00	1.4533788295e+01	5.0000000000e+00	4.3951779337e+00	2.6160818932e+00
1.8200000000e+01	0.0000000000e+00	1.1821187431e+00	1.4567326350e+01	5.0000000000e+00	4.3964023048e+00	2.6221187431e+00
1.8400000000e+01	0.0000000000e+00	1.1880759138e+00	1.4600421743e+01	5.0000000000e+00	4.3976056660e+00	2.6280759138e+00
1.8600000000e+01	0.0000000000e+00	1.1939546276e+00	1.4633081264e+01	5.0000000000e+00	4.3987884842e+00	2.6339546276e+00
1.8800000000e+01	0.0000000000e+00	1.1997560830e+00	1.4665311572e+01	5.0000000000e+00	4.3999512126e+00	2.6397560830e+00
1.9000000000e+01	0.0000000000e+00	1.2054814552e+00	1.4697119196e+01	5.0000000000e+00	4.4010942916e+00	2.6454814552e+00
1.9200000000e+01	0.0000000000e+00	1.2111318970e+00	1.4728510539e+01	5.0000000000e+00	4.4022181487e+00	2.6511318970e+00
1.9400000000e+01	0.0000000000e+00	1.2167085390e+00	1.4759491883e+01	5.0000000000e+00	4.4033231992e+00	2.6567085390e+00
1.9600000000e+01	0.0000000000e+00	1.2222124904e+00	1.4790069391e+01	5.0000000000e+00	4.4044098469e+00	2.6622124904e+00
1.9800000000e+01	0.0000000000e+00	1.2276448395e+00	1.4820249108e+01	5.0000000000e+00	4.4054784840e+00	2.6676448395e+00
2.0000000000e+01	0.0000000000e+00	1.2330066541e+00	1.4850036967e+01	5.0000000000e+00	4.4065294919e+00	2.6730066541e+00
2.0200000000e+01	0.0000000000e+00	1.2382989823e+00	1.4879438790e+01	5.0000000000e+00	4.4075632416e+00	2.6782989823e+00
2.0400000000e+01	0.0000000000e+00	1.2435228526e+00	1.4908460292e+01	5.0000000000e+00	4.4085800938e+00	2.6835228526e+00
2.0600000000e+01	0.0000000000e+00	1.2486792747e+00	1.4937107082e+01	5.0000000000e+00	4.4095803993e+00	2.6886792747e+00
2.0800000000e+01	0.0000000000e+00	1.2537692399e+00	1.4965384666e+01	5.0000000000e+00	4.4105644996e+00	2.6937692399e+00
2.1000000000e+01	0.0000000000e+00	1.2587937213e+00	1.4993298452e+01	5.0000000000e+00	4.4115327270e+00	2.6987937213e+00
2.1200000000e+01	0.0000000000e+00	1.2637536746e+00	1.5020853748e+01	5.0000000000e+00	4.4124854048e+00	2.7037536746e+00
2.1400000000e+01	0.0000000000e+00	1.2686500381e+00	1.5048055767e+01	5.0000000000e+00	4.4134228479e+00	2.7086500381e+00
2.1600000000e+01	0.0000000000e+00	1.2734837335e+00	1.5074909631e+01	5.0000000000e+00	4.4143453631e+00	2.7134837335e+00
2.1800000000e+01	0.0000000000e+00	1.2782556662e+00	1.5101420368e+01	5.0000000000e+00	4.4152532489e+00	2.7182556662e+00
2.2000000000e+01	0.0000000000e+00	1.2829667254e+00	1.5127592919e+01	5.0000000000e+00	4.4161467962e+00	2.7229667254e+00
2.2200000000e+01	0.0000000000e+00	1.2876177848e+00	1.5153432138e+01	5.0000000000e+00	4.4170262884e+00	2.7276177848e+00
2.2400000000e+01	0.0000000000e+00	1.2922097029e+00	1.5178942794e+01	5.0000000000e+00	4.4178920018e+00	2.7322097029e+00
2.2600000000e+01	0.0000000000e+00	1.2967433230e+00	1.5204129572e+01	5.0000000000e+00	4.4187442057e+00	2.7367433230e+00
2.2800000000e+01	0.0000000000e+00	1.3012194741e+00	1.5228997078e+01	5.0000000000e+00	4.4195831624e+00	2.7412194741e+00
2.3000000000e+01	0.0000000000e+00	1.3056389708e+00	1.5253549838e+01	5.0000000000e+00	4.4204091277e+00	2.7456389708e+00
2.3200000000e+01	0.0000000000e+00	1.3100026138e+00	1.5277792299e+01	5.0000000000e+00	4.4212223514e+00	2.7500026138e+00
2.3400000000e+01	0.0000000000e+00	1.3143111902e+00	1.5301728835e+01	5.0000000000e+00	4.4220230767e+00	2.7543111902e+00
2.3600000000e+01	0.0000000000e+00	1.3185654737e+00	1.5325363743e+01	5.0000000000e+00	4.4228115410e+00	2.7585654737e+00
2.3800000000e+01	0.0000000000e+00	1.3227662250e+00	1.5348701250e+01	5.0000000000e+00	4.4235879761e+00	2.7627662250e+00
2.4000000000e+01	0.0000000000e+00	1.3269141920e+00	1.5371745511e+01	5.0000000000e+00	4.4243526079e+00	2.7669141920e+00
2.4200000000e+01	0.0000000000e+00	1.3310101100e+00	1.5394500611e+01	5.0000000000e+00	4.4251056570e+00	2.7710101100e+00
2.4400000000e+01	0.0000000000e+00	1.3350547024e+00	1.5416970569e+01	5.0000000000e+00	4.4258473389e+00	2.7750547024e+00
2.4600000000e+01	0.0000000000e+00	1.3390486803e+00	1.5439159335e+01	5.0000000000e+00	4.4265778638e+00	2.7790486803e+00
2.4800000000e+01	0.0000000000e+00	1.3429927433e+00	1.5461070796e+01	5.0000000000e+00	4.4272974369e+00	2.7829927433e+00
2.5000000000e+01	0.0000000000e+00	1.3468875794e+00	1.5482708774e+01	5.0000000000e+00	4.4280062587e+00	2.7868875794e+00
2.5200000000e+01	0.0000000000e+00	1.3507338655e+00	1.5504077030e+01	5.0000000000e+00	4.4287045251e+00	2.7907338655e+00
2.5400000000e+01	0.0000000000e+00	1.3545322674e+00	1.5525179263e+01	5.0000000000e+00	4.4293924273e+00	2.7945322674e+00
2.5600000000e+01	0.0000000000e+00	1.3582834401e+00	1.5546019112e+01	5.0000000000e+00	4.4300701523e+00	2.7982834401e+00
2.5800000000e+01	0.0000000000e+00	1.3619880282e+00	1.5566600157e+01	5.0000000000e+00	4.4307378826e+00	2.8019880282e+00
2.6000000000e+01	0.0000000000e+00	1.3656466659e+00	1.5586925922e+01	5.0000000000e+00	4.4313957968e+00	2.8056466659e+00
2.6200000000e+01	0.0000000000e+00	1.3692599772e+00	1.5606999873e+01	5.0000000000e+00	4.4320440693e+00	2.8092599772e+00
2.6400000000e+01	0.0000000000e+00	1.3728285763e+00	1.5626825424e+01	5.0000000000e+00	4.4326828706e+00	2.8128285763e+00
2.6600000000e+01	0.0000000000e+00	1.3763530675e+00	1.5646405930e+01	5.0000000000e+00	4.4333123674e+00	2.8163530675e+00
2.6800000000e+01	0.0000000000e+00	1.3798340457e+00	1.5665744698e+01	5.0000000000e+00	4.4339327229e+00	2.8198340457e+00
2.7000000000e+01	0.0000000000e+00	1.3832720965e+00	1.5684844981e+01	5.0000000000e+00	4.4345440963e+00	2.8232720965e+00
2.7200000000e+01	0.0000000000e+00	1.3866677962e+00	1.5703709979e+01	5.0000000000e+00	4.4351466437e+00	2.8266677962e+00
2.7400000000e+01	0.0000000000e+00	1.3900217123e+00	1.5722342846e+01	5.0000000000e+00	4.4357405177e+00	2.8300217123e+00
2.7600000000e+01	0.0000000000e+00	1.3933344031e+00	1.5740746684e+01	5.0000000000e+00	4.4363258673e+00	2.8333344031e+00
2.7800000000e+01	0.0000000000e+00	1.3966064189e+00	1.5758924549e+01	5.0000000000e+00	4.4369028388e+00	2.8366064189e+00
2.8000000000e+01	0.0000000000e+00	1.3998383008e+00	1.5776879449e+01	5.0000000000e+00	4.4374715749e+00	2.8398383008e+00
2.8200000000e+01	0.0000000000e+00	1.4030305822e+00	1.5794614346e+01	5.0000000000e+00	4.4380322155e+00	2.8430305822e+00
2.8400000000e+01	0.0000000000e+00	1.4061837880e+00	1.5812132155e+01	5.0000000000e+00	4.4385848975e+00	2.8461837880e+00
2.8600000000e+01	0.0000000000e+00	1.4092984351e+00	1.5829435751e+01	5.0000000000e+00	4.4391297549e+00	2.8492984351e+00
2.8800000000e+01	0.0000000000e+00	1.4123750328e+00	1.5846527960e+01	5.0000000000e+00	4.4396669188e+00	2.8523750328e+00
2.9000000000e+01	0.0000000000e+00	1.4154140825e+00	1.5863411569e+01	5.0000000000e+00	4.4401965178e+00	2.8554140825e+00
2.9200000000e+01	0.0000000000e+00	1.4184160779e+00	1.5880089322e+01	5.0000000000e+00	4.4407186776e+00	2.8584160779e+00
2.9400000000e+01	0.0000000000e+00	1.4213815057e+00	1.5896563920e+01	5.0000000000e+00	4.4412335214e+00	2.8613815057e+00
2.9600000000e+01	0.0000000000e+00	1.4243108448e+00	1.5912838027e+01	5.0000000000e+00	4.4417411699e+00	2.8643108448e+00
2.9800000000e+01	0.0000000000e+00	1.4272045674e+00	1.5928914264e+01	5.0000000000e+00	4.4422417413e+00	2.8672045674e+00
3.0000000000e+01	0.0000000000e+00	1.4300631385e+00	1.5944795214e+01	5.0000000000e+00	4.4427353513e+00	2.8700631385e+00
3.0200000000e+01	0.0000000000e+00	1.4328870160e+00	1.5960483422e+01	5.0000000000e+00	4.4432221135e+00	2.8728870160e+00
3.0400000000e+01	0.0000000000e+00	1.4356766514e+00	1.5975981397e+01	5.0000000000e+00	4.4437021390e+00	2.8756766514e+00
3.0600000000e+01	0.0000000000e+00	1.4384324893e+00	1.5991291607e+01	5.0000000000e+00	4.4441755368e+00	2.8784324893e+00
3.0800000000e+01	0.0000000000e+00	1.4411549679e+00	1.6006416488e+01	5.0000000000e+00	4.4446424136e+00	2.8811549679e+00
3.1000000000e+01	0.0000000000e+00	1.4438445188e+00	1.6021358438e+01	5.0000000000e+00	4.4451028742e+00	2.8838445188e+00
3.1200000000e+01	0.0000000000e+00	1.4465015675e+00	1.6036119819e+01	5.0000000000e+00	4.4455570211e+00	2.8865015675e+00
3.1400000000e+01	0.0000000000e+00	1.4491265332e+00	1.6050702962e+01	5.0000000000e+00	4.4460049550e+00	2.8891265332e+00
3.1600000000e+01	0.0000000000e+00	1.4517198290e+00	1.6065110161e+01	5.0000000000e+00	4.4464467744e+00	2.8917198290e+00
3.1800000000e+01	0.0000000000e+00	1.4542818622e+00	1.6079343679e+01	5.0000000000e+00	4.4468825762e+00	2.8942818622e+00
3.2000000000e+01	0.0000000000e+00	1.4568130340e+00	1.6093405744e+01	5.0000000000e+00	4.4473124551e+00	2.8968130340e+00
3.2200000000e+01	0.0000000000e+00	1.4593137399e+00	1.6107298555e+01	5.0000000000e+00	4.4477365042e+00	2.8993137399e+00
3.2400000000e+01	0.0000000000e+00	1.4617843698e+00	1.6121024277e+01	5.0000000000e+00	4.4481548147e+00	2.9017843698e+00
3.2600000000e+01	0.0000000000e+00	1.4642253080e+00	1.6134585044e+01	5.0000000000e+00	4.4485674762e+00	2.9042253080e+00
3.2800000000e+01	0.0000000000e+00	1.4666369332e+00	1.6147982962e+01	5.0000000000e+00	4.4489745764e+00	2.9066369332e+00
3.3000000000e+01	0.0000000000e+00	1.4690196189e+00	1.6161220105e+01	5.0000000000e+00	4.4493762015e+00	2.9090196189e+00
3.3200000000e+01	0.0000000000e+00	1.4713737331e+00	1.6174298517e+01	5.0000000000e+00	4.4497724360e+00	2.9113737331e+00
3.3400000000e+01	0.0000000000e+00	1.4736996388e+00	1.6187220216e+01	5.0000000000e+00	4.4501633630e+00	2.9136996388e+00
3.3600000000e+01	0.0000000000e+00	1.4759976937e+00	1.6199987187e+01	5.0000000000e+00	4.4505490637e+00	2.9159976937e+00
3.3800000000e+01	0.0000000000e+00	1.4782682506e+00	1.6212601392e+01	5.0000000000e+00	4.4509296182e+00	2.9182682506e+00
3.4000000000e+01	0.0000000000e+00	1.4805116573e+00	1.6225064763e+01	5.0000000000e+00	4.4513051048e+00	2.9205116573e+00
3.4200000000e+01	0.0000000000e+00	1.4827282567e+00	1.6237379204e+01	5.0000000000e+00	4.4516756005e+00	2.9227282567e+00
3.4400000000e+01	0.0000000000e+00	1.4849183869e+00	1.6249546594e+01	5.0000000000e+00	4.4520411809e+00	2.9249183869e+00
3.4600000000e+01	0.0000000000e+00	1.4870823814e+00	1.6261568786e+01	5.0000000000e+00	4.4524019203e+00	2.9270823814e+00
3.4800000000e+01	0.0000000000e+00	1.4892205689e+00	1.6273447605e+01	5.0000000000e+00	4.4527578913e+00	2.9292205689e+00
3.5000000000e+01	0.0000000000e+00	1.4913332737e+00	1.6285184854e+01	5.0000000000e+00	4.4531091657e+00	2.9313332737e+00
3.5200000000e+01	0.0000000000e+00	1.4934208156e+00	1.6296782309e+01	5.0000000000e+00	4.4534558136e+00	2.9334208156e+00
3.5400000000e+01	0.0000000000e+00	1.4954835097e+00	1.6308241721e+01	5.0000000000e+00	4.4537979041e+00	2.9354835097e+00
3.5600000000e+01	0.0000000000e+00	1.4975216673e+00	1.6319564818e+01	5.0000000000e+00	4.4541355049e+00	2.9375216673e+00
3.5800000000e+01	0.0000000000e+00	1.4995355949e+00	1.6330753305e+01	5.0000000000e+00	4.4544686826e+00	2.9395355949e+00
3.6000000000e+01	0.0000000000e+00	1.5015255952e+00	1.6341808862e+01	5.0000000000e+00	4.4547975025e+00	2.9415255952e+00
3.6200000000e+01	0.0000000000e+00	1.5034919664e+00	1.6352733147e+01	5.0000000000e+00	4.4551220290e+00	2.9434919664e+00
3.6400000000e+01	0.0000000000e+00	1.5054350029e+00	1.6363527794e+01	5.0000000000e+00	4.4554423250e+00	2.9454350029e+00
3.6600000000e+01	0.0000000000e+00	1.5073549950e+00	1.6374194417e+01	5.0000000000e+00	4.4557584527e+00	2.9473549950e+00
3.6800000000e+01	0.0000000000e+00	1.5092522292e+00	1.6384734607e+01	5.0000000000e+00	4.4560704729e+00	2.9492522292e+00
3.7000000000e+01	0.0000000000e+00	1.5111269878e+00	1.6395149932e+01	5.0000000000e+00	4.4563784456e+00	2.9511269878e+00
3.7200000000e+01	0.0000000000e+00	1.5129795495e+00	1.6405441942e+01	5.0000000000e+00	4.4566824295e+00	2.9529795495e+00
3.7400000000e+01	0.0000000000e+00	1.5148101893e+00	1.6415612163e+01	5.0000000000e+00	4.4569824825e+00	2.9548101893e+00
3.7600000000e+01	0.0000000000e+00	1.5166191783e+00	1.6425662102e+01	5.0000000000e+00	4.4572786614e+00	2.9566191783e+00
3.7800000000e+01	0.0000000000e+00	1.5184067841e+00	1.6435593245e+01	5.0000000000e+00	4.4575710221e+00	2.9584067841e+00
3.8000000000e+01	0.0000000000e+00	1.5201732707e+00	1.6445407059e+01	5.0000000000e+00	4.4578596196e+00	2.9601732707e+00
3.8200000000e+01	0.0000000000e+00	1.5219188985e+00	1.6455104991e+01	5.0000000000e+00	4.4581445077e+00	2.9619188985e+00
3.8400000000e+01	0.0000000000e+00	1.5236439244e+00	1.6464688469e+01	5.0000000000e+00	4.4584257397e+00	2.9636439244e+00
3.8600000000e+01	0.0000000000e+00	1.5253486021e+00	1.6474158900e+01	5.0000000000e+00	4.4587033676e+00	2.9653486021e+00
3.8800000000e+01	0.0000000000e+00	1.5270331815e+00	1.6483517675e+01	5.0000000000e+00	4.4589774427e+00	2.9670331815e+00
3.9000000000e+01	0.0000000000e+00	1.5286979097e+00	1.6492766165e+01	5.0000000000e+00	4.4592480156e+00	2.9686979097e+00
3.9200000000e+01	0.0000000000e+00	1.5303430302e+00	1.6501905723e+01	5.0000000000e+00	4.4595151359e+00	2.9703430302e+00
3.9400000000e+01	0.0000000000e+00	1.5319687832e+00	1.6510937684e+01	5.0000000000e+00	4.4597788523e+00	2.9719687832e+00
3.9600000000e+01	0.0000000000e+00	1.5335754059e+00	1.6519863366e+01	5.0000000000e+00	4.4600392129e+00	2.9735754059e+00
3.9800000000e+01	0.0000000000e+00	1.5351631325e+00	1.6528684069e+01	5.0000000000e+00	4.4602962648e+00	2.9751631325e+00
4.0000000000e+01	0.0000000000e+00	1.5367321937e+00	1.6537401076e+01	5.0000000000e+00	4.4605500545e+00	2.9767321937e+00
4.0200000000e+01	0.0000000000e+00	1.5382828177e+00	1.6546015654e+01	5.0000000000e+00	4.4608006277e+00	2.9782828177e+00
4.0400000000e+01	0.0000000000e+00	1.5398152292e+00	1.6554529051e+01	5.0000000000e+00	4.4610480292e+00	2.9798152292e+00
4.0600000000e+01	0.0000000000e+00	1.5413296503e+00	1.6562942502e+01	5.0000000000e+00	4.4612923033e+00	2.9813296503e+00
4.0800000000e+01	0.0000000000e+00	1.5428263001e+00	1.6571257223e+01	5.0000000000e+00	4.4615334934e+00	2.9828263001e+00
4.1000000000e+01	0.0000000000e+00	1.5443053948e+00	1.6579474416e+01	5.0000000000e+00	4.4617716424e+00	2.9843053948e+00
4.1200000000e+01	0.0000000000e+00	1.5457671478e+00	1.6587595266e+01	5.0000000000e+00	4.4620067923e+00	2.9857671478e+00
4.1400000000e+01	0.0000000000e+00	1.5472117697e+00	1.6595620943e+01	5.0000000000e+00	4.4622389846e+00	2.9872117697e+00
4.1600000000e+01	0.0000000000e+00	1.5486394685e+00	1.6603552603e+01	5.0000000000e+00	4.4624682600e+00	2.9886394685e+00
4.1800000000e+01	0.0000000000e+00	1.5500504494e+00	1.6611391385e+01	5.0000000000e+00	4.4626946587e+00	2.9900504494e+00
4.2000000000e+01	0.0000000000e+00	1.5514449148e+00	1.6619138415e+01	5.0000000000e+00	4.4629182201e+00	2.9914449148e+00
4.2200000000e+01	0.0000000000e+00	1.5528230647e+00	1.6626794804e+01	5.0000000000e+00	4.4631389831e+00	2.9928230647e+00
4.2400000000e+01	0.0000000000e+00	1.5541850966e+00	1.6634361648e+01	5.0000000000e+00	4.4633569859e+00	2.9941850966e+00
4.2600000000e+01	0.0000000000e+00	1.5555312051e+00	1.6641840028e+01	5.0000000000e+00	4.4635722662e+00	2.9955312051e+00
4.2800000000e+01	0.0000000000e+00	1.5568615826e+00	1.6649231015e+01	5.0000000000e+00	4.4637848610e+00	2.9968615826e+00
4.3000000000e+01	0.0000000000e+00	1.5581764190e+00	1.6656535661e+01	5.0000000000e+00	4.4639948069e+00	2.9981764190e+00
4.3200000000e+01	0.0000000000e+00	1.5594759016e+00	1.6663755009e+01	5.0000000000e+00	4.4642021396e+00	2.9994759016e+00
4.3400000000e+01	0.0000000000e+00	1.5607602154e+00	1.6670890086e+01	5.0000000000e+00	4.4644068947e+00	3.0007602154e+00
4.3600000000e+01	0.0000000000e+00	1.5620295431e+00	1.6677941906e+01	5.0000000000e+00	4.4646091068e+00	3.0020295431e+00
4.3800000000e+01	0.0000000000e+00	1.5632840649e+00	1.6684911472e+01	5.0000000000e+00	4.4648088103e+00	3.0032840649e+00
4.4000000000e+01	0.0000000000e+00	1.5645239589e+00	1.6691799772e+01	5.0000000000e+00	4.4650060389e+00	3.0045239589e+00
4.4200000000e+01	0.0000000000e+00	1.5657494008e+00	1.6698607782e+01	5.0000000000e+00	4.4652008258e+00	3.0057494008e+00
4.4400000000e+01	0.0000000000e+00	1.5669605641e+00	1.6705336467e+01	5.0000000000e+00	4.4653932038e+00	3.0069605641e+00
4.4600000000e+01	0.0000000000e+00	1.5681576201e+00	1.6711986778e+01	5.0000000000e+00	4.4655832051e+00	3.0081576201e+00
4.4800000000e+01	0.0000000000e+00	1.5693407379e+00	1.6718559655e+01	5.0000000000e+00	4.4657708614e+00	3.0093407379e+00
4.5000000000e+01	0.0000000000e+00	1.5705100845e+00	1.6725056025e+01	5.0000000000e+00	4.4659562040e+00	3.0105100845e+00
4.5200000000e+01	0.0000000000e+00	1.5716658248e+00	1.6731476804e+01	5.0000000000e+00	4.4661392636e+00	3.0116658248e+00
4.5400000000e+01	0.0000000000e+00	1.5728081216e+00	1.6737822898e+01	5.0000000000e+00	4.4663200707e+00	3.0128081216e+00
4.5600000000e+01	0.0000000000e+00	1.5739371355e+00	1.6744095197e+01	5.0000000000e+00	4.4664986549e+00	3.0139371355e+00
4.5800000000e+01	0.0000000000e+00	1.5750530253e+00	1.6750294585e+01	5.0000000000e+00	4.4666750458e+00	3.0150530253e+00
4.6000000000e+01	0.0000000000e+00	1.5761559478e+00	1.6756421932e+01	5.0000000000e+00	4.4668492724e+00	3.0161559478e+00
4.6200000000e+01	0.0000000000e+00	1.5772460576e+00	1.6762478098e+01	5.0000000000e+00	4.4670213632e+00	3.0172460576e+00
4.6400000000e+01	0.0000000000e+00	1.5783235076e+00	1.6768463931e+01	5.0000000000e+00	4.4671913463e+00	3.0183235076e+00
4.6600000000e+01	0.0000000000e+00	1.5793884486e+00	1.6774380270e+01	5.0000000000e+00	4.4673592493e+00	3.0193884486e+00
4.6800000000e+01	0.0000000000e+00	1.5804410296e+00	1.6780227942e+01	5.0000000000e+00	4.4675250998e+00	3.0204410296e+00
4.7000000000e+01	0.0000000000e+00	1.5814813978e+00	1.6786007765e+01	5.0000000000e+00	4.4676889244e+00	3.0214813978e+00
4.7200000000e+01	0.0000000000e+00	1.5825096984e+00	1.6791720547e+01	5.0000000000e+00	4.4678507497e+00	3.0225096984e+00
4.7400000000e+01	0.0000000000e+00	1.5835260749e+00	1.6797367083e+01	5.0000000000e+00	4.4680106019e+00	3.0235260749e+00
4.7600000000e+01	0.0000000000e+00	1.5845306691e+00	1.6802948162e+01	5.0000000000e+00	4.4681685067e+00	3.0245306691e+00
4.7800000000e+01	0.0000000000e+00	1.5855236208e+00	1.6808464560e+01	5.0000000000e+00	4.4683244893e+00	3.0255236208e+00
4.8000000000e+01	0.0000000000e+00	1.5865050682e+00	1.6813917045e+01	5.0000000000e+00	4.4684785749e+00	3.0265050682e+00
4.8200000000e+01	0.0000000000e+00	1.5874751478e+00	1.6819306376e+01	5.0000000000e+00	4.4686307880e+00	3.0274751478e+00
4.8400000000e+01	0.0000000000e+00	1.5884339943e+00	1.6824633302e+01	5.0000000000e+00	4.4687811529e+00	3.0284339943e+00
4.8600000000e+01	0.0000000000e+00	1.5893817409e+00	1.6829898561e+01	5.0000000000e+00	4.4689296935e+00	3.0293817409e+00
4.8800000000e+01	0.0000000000e+00	1.5903185190e+00	1.6835102884e+01	5.0000000000e+00	4.4690764334e+00	3.0303185190e+00
4.9000000000e+01	0.0000000000e+00	1.5912444585e+00	1.6840246992e+01	5.0000000000e+00	4.4692213959e+00	3.0312444585e+00
4.9200000000e+01	0.0000000000e+00	1.5921596875e+00	1.6845331597e+01	5.0000000000e+00	4.4693646037e+00	3.0321596875e+00
4.9400000000e+01	0.0000000000e+00	1.5930643327e+00	1.6850357404e+01	5.0000000000e+00	4.4695060796e+00	3.0330643327e+00
4.9600000000e+01	0.0000000000e+00	1.5939585192e+00	1.6855325107e+01	5.0000000000e+00	4.4696458458e+00	3.0339585192e+00
4.9800000000e+01	0.0000000000e+00	1.5948423705e+00	1.6860235392e+01	5.0000000000e+00	4.4697839241e+00	3.0348423705e+00
5.0000000000e+01	0.0000000000e+00	1.5957160087e+00	1.6865088937e+01	5.0000000000e+00	4.4699203363e+00	3.0357160087e+00
5.0200000000e+01	0.0000000000e+00	1.5965795541e+00	1.6869886412e+01	5.0000000000e+00	4.4700551036e+00	3.0365795541e+00
5.0400000000e+01	0.0000000000e+00	1.5974331260e+00	1.6874628478e+01	5.0000000000e+00	4.4701882471e+00	3.0374331260e+00
5.0600000000e+01	0.0000000000e+00	1.5982768418e+00	1.6879315788e+01	5.0000000000e+00	4.4703197874e+00	3.0382768418e+00
5.0800000000e+01	0.0000000000e+00	1.5991108177e+00	1.6883948987e+01	5.0000000000e+00	4.4704497451e+00	3.0391108177e+00
5.1000000000e+01	0.0000000000e+00	1.5999351683e+00	1.6888528713e+01	5.0000000000e+00	4.4705781402e+00	3.0399351683e+00
5.1200000000e+01	0.0000000000e+00	1.6007500071e+00	1.6893055595e+01	5.0000000000e+00	4.4707049926e+00	3.0407500071e+00
5.1400000000e+01	0.0000000000e+00	1.6015554458e+00	1.6897530255e+01	5.0000000000e+00	4.4708303220e+00	3.0415554458e+00
5.1600000000e+01	0.0000000000e+00	1.6023515952e+00	1.6901953306e+01	5.0000000000e+00	4.4709541476e+00	3.0423515952e+00
5.1800000000e+01	0.0000000000e+00	1.6031385643e+00	1.6906325357e+01	5.0000000000e+00	4.4710764884e+00	3.0431385643e+00
5.2000000000e+01	0.0000000000e+00	1.6039164610e+00	1.6910647005e+01	5.0000000000e+00	4.4711973632e+00	3.0439164610e+00
5.2200000000e+01	0.0000000000e+00	1.6046853919e+00	1.6914918844e+01	5.0000000000e+00	4.4713167906e+00	3.0446853919e+00
5.2400000000e+01	0.0000000000e+00	1.6054454622e+00	1.6919141457e+01	5.0000000000e+00	4.4714347888e+00	3.0454454622e+00
5.2600000000e+01	0.0000000000e+00	1.6061967760e+00	1.6923315422e+01	5.0000000000e+00	4.4715513758e+00	3.0461967760e+00
5.2800000000e+01	0.0000000000e+00	1.6069394359e+00	1.6927441310e+01	5.0000000000e+00	4.4716665694e+00	3.0469394359e+00
5.3000000000e+01	0.0000000000e+00	1.6076735434e+00	1.6931519685e+01	5.0000000000e+00	4.4717803871e+00	3.0476735434e+00
5.3200000000e+01	0.0000000000e+00	1.6083991987e+00	1.6935551104e+01	5.0000000000e+00	4.4718928462e+00	3.0483991987e+00
5.3400000000e+01	0.0000000000e+00	1.6091165009e+00	1.6939536116e+01	5.0000000000e+00	4.4720039636e+00	3.0491165009e+00
5.3600000000e+01	0.0000000000e+00	1.6098255477e+00	1.6943475265e+01	5.0000000000e+00	4.4721137563e+00	3.0498255477e+00
5.3800000000e+01	0.0000000000e+00	1.6105264359e+00	1.6947369088e+01	5.0000000000e+00	4.4722222408e+00	3.0505264359e+00
5.4000000000e+01	0.0000000000e+00	1.6112192608e+00	1.6951218115e+01	5.0000000000e+00	4.4723294334e+00	3.0512192608e+00
5.4200000000e+01	0.0000000000e+00	1.6119041168e+00	1.6955022871e+01	5.0000000000e+00	4.4724353504e+00	3.0519041168e+00
5.4400000000e+01	0.0000000000e+00	1.6125810970e+00	1.6958783872e+01	5.0000000000e+00	4.4725400075e+00	3.0525810970e+00
5.4600000000e+01	0.0000000000e+00	1.6132502936e+00	1.6962501631e+01	5.0000000000e+00	4.4726434204e+00	3.0532502936e+00
5.4800000000e+01	0.0000000000e+00	1.6139117973e+00	1.6966176652e+01	5.0000000000e+00	4.4727456048e+00	3.0539117973e+00
5.5000000000e+01	0.0000000000e+00	1.6145656982e+00	1.6969809435e+01	5.0000000000e+00	4.4728465758e+00	3.0545656982e+00
5.5200000000e+01	0.0000000000e+00	1.6152120849e+00	1.6973400472e+01	5.0000000000e+00	4.4729463485e+00	3.0552120849e+00
5.5400000000e+01	0.0000000000e+00	1.6158510452e+00	1.6976950251e+01	5.0000000000e+00	4.4730449378e+00	3.0558510452e+00
5.5600000000e+01	0.0000000000e+00	1.6164826656e+00	1.6980459253e+01	5.0000000000e+00	4.4731423583e+00	3.0564826656e+00
5.5800000000e+01	0.0000000000e+00	1.6171070317e+00	1.6983927954e+01	5.0000000000e+00	4.4732386246e+00	3.0571070317e+00
5.6000000000e+01	0.0000000000e+00	1.6177242282e+00	1.6987356824e+01	5.0000000000e+00	4.4733337508e+00	3.0577242282e+00
5.6200000000e+01	0.0000000000e+00	1.6183343386e+00	1.6990746326e+01	5.0000000000e+00	4.4734277512e+00	3.0583343386e+00
5.6400000000e+01	0.0000000000e+00	1.6189374454e+00	1.6994096919e+01	5.0000000000e+00	4.4735206395e+00	3.0589374454e+00
5.6600000000e+01	0.0000000000e+00	1.6195336303e+00	1.6997409057e+01	5.0000000000e+00	4.4736124295e+00	3.0595336303e+00
5.6800000000e+01	0.0000000000e+00	1.6201229737e+00	1.7000683187e+01	5.0000000000e+00	4.4737031347e+00	3.0601229737e+00
5.7000000000e+01	0.0000000000e+00	1.6207055553e+00	1.7003919751e+01	5.0000000000e+00	4.4737927685e+00	3.0607055553e+00
5.7200000000e+01	0.0000000000e+00	1.6212814537e+00	1.7007119187e+01	5.0000000000e+00	4.4738813441e+00	3.0612814537e+00
5.7400000000e+01	0.0000000000e+00	1.6218507468e+00	1.7010281927e+01	5.0000000000e+00	4.4739688744e+00	3.0618507468e+00
5.7600000000e+01	0.0000000000e+00	1.6224135113e+00	1.7013408396e+01	5.0000000000e+00	4.4740553723e+00	3.0624135113e+00
5.7800000000e+01	0.0000000000e+00	1.6229698230e+00	1.7016499017e+01	5.0000000000e+00	4.4741408505e+00	3.0629698230e+00
5.8000000000e+01	0.0000000000e+00	1.6235197570e+00	1.7019554205e+01	5.0000000000e+00	4.4742253214e+00	3.0635197570e+00
5.8200000000e+01	0.0000000000e+00	1.6240633873e+00	1.7022574374e+01	5.0000000000e+00	4.4743087974e+00	3.0640633873e+00
5.8400000000e+01	0.0000000000e+00	1.6246007872e+00	1.7025559929e+01	5.0000000000e+00	4.4743912906e+00	3.0646007872e+00
5.8600000000e+01	0.0000000000e+00	1.6251320289e+00	1.7028511272e+01	5.0000000000e+00	4.4744728131e+00	3.0651320289e+00
5.8800000000e+01	0.0000000000e+00	1.6256571840e+00	1.7031428800e+01	5.0000000000e+00	4.4745533767e+00	3.0656571840e+00
5.9000000000e+01	0.0000000000e+00	1.6261763230e+00	1.7034312905e+01	5.0000000000e+00	4.4746329931e+00	3.0661763230e+00
5.9200000000e+01	0.0000000000e+00	1.6266895157e+00	1.7037163976e+01	5.0000000000e+00	4.4747116738e+00	3.0666895157e+00
5.9400000000e+01	0.0000000000e+00	1.6271968311e+00	1.7039982395e+01	5.0000000000e+00	4.4747894303e+00	3.0671968311e+00
5.9600000000e+01	0.0000000000e+00	1.6276983373e+00	1.7042768541e+01	5.0000000000e+00	4.4748662739e+00	3.0676983373e+00
5.9800000000e+01	0.0000000000e+00	1.6281941017e+00	1.7045522787e+01	5.0000000000e+00	4.4749422155e+00	3.0681941017e+00
6.0000000000e+01	0.0000000000e+00	1.6286841906e+00	1.7048245504e+01	5.0000000000e+00	4.4750172661e+00	3.0686841906e+00
6.0200000000e+01	0.0000000000e+00	1.6291686700e+00	1.7050937056e+01	5.0000000000e+00	4.4750914367e+00	3.0691686700e+00
6.0400000000e+01	0.0000000000e+00	1.6296476047e+00	1.7053597804e+01	5.0000000000e+00	4.4751647378e+00	3.0696476047e+00
6.0600000000e+01	0.0000000000e+00	1.6301210589e+00	1.7056228105e+01	5.0000000000e+00	4.4752371799e+00	3.0701210589e+00
6.0800000000e+01	0.0000000000e+00	1.6305890960e+00	1.7058828311e+01	5.0000000000e+00	4.4753087736e+00	3.0705890960e+00
6.1000000000e+01	0.0000000000e+00	1.6310517788e+00	1.7061398771e+01	5.0000000000e+00	4.4753795291e+00	3.0710517788e+00
6.1200000000e+01	0.0000000000e+00	1.6315091691e+00	1.7063939828e+01	5.0000000000e+00	4.4754494564e+00	3.0715091691e+00
6.1400000000e+01	0.0000000000e+00	1.6319613282e+00	1.7066451823e+01	5.0000000000e+00	4.4755185657e+00	3.0719613282e+00
6.1600000000e+01	0.0000000000e+00	1.6324083165e+00	1.7068935092e+01	5.0000000000e+00	4.4755868667e+00	3.0724083165e+00
6.1800000000e+01	0.0000000000e+00	1.6328501938e+00	1.7071389966e+01	5.0000000000e+00	4.4756543693e+00	3.0728501938e+00
6.2000000000e+01	0.0000000000e+00	1.6332870191e+00	1.7073816773e+01	5.0000000000e+00	4.4757210830e+00	3.0732870191e+00
6.2200000000e+01	0.0000000000e+00	1.6337188509e+00	1.7076215838e+01	5.0000000000e+00	4.4757870175e+00	3.0737188509e+00
6.2400000000e+01	0.0000000000e+00	1.6341457468e+00	1.7078587482e+01	5.0000000000e+00	4.4758521820e+00	3.0741457468e+00
6.2600000000e+01	0.0000000000e+00	1.6345677637e+00	1.7080932021e+01	5.0000000000e+00	4.4759165858e+00	3.0745677637e+00
6.2800000000e+01	0.0000000000e+00	1.6349849581e+00	1.7083249767e+01	5.0000000000e+00	4.4759802381e+00	3.0749849581e+00
6.3000000000e+01	0.0000000000e+00	1.6353973856e+00	1.7085541031e+01	5.0000000000e+00	4.4760431479e+00	3.0753973856e+00
6.3200000000e+01	0.0000000000e+00	1.6358051011e+00	1.7087806117e+01	5.0000000000e+00	4.4761053241e+00	3.0758051011e+00
6.3400000000e+01	0.0000000000e+00	1.6362081590e+00	1.7090045328e+01	5.0000000000e+00	4.4761667755e+00	3.0762081590e+00
6.3600000000e+01	0.0000000000e+00	1.6366066131e+00	1.7092258962e+01	5.0000000000e+00	4.4762275108e+00	3.0766066131e+00
6.3800000000e+01	0.0000000000e+00	1.6370005165e+00	1.7094447314e+01	5.0000000000e+00	4.4762875387e+00	3.0770005165e+00
6.4000000000e+01	0.0000000000e+00	1.6373899215e+00	1.7096610675e+01	5.0000000000e+00	4.4763468675e+00	3.0773899215e+00
6.4200000000e+01	0.0000000000e+00	1.6377748801e+00	1.7098749334e+01	5.0000000000e+00	4.4764055057e+00	3.0777748801e+00
6.4400000000e+01	0.0000000000e+00	1.6381554435e+00	1.7100863575e+01	5.0000000000e+00	4.4764634614e+00	3.0781554435e+00
6.4600000000e+01	0.0000000000e+00	1.6385316624e+00	1.7102953680e+01	5.0000000000e+00	4.4765207429e+00	3.0785316624e+00
6.4800000000e+01	0.0000000000e+00	1.6389035867e+00	1.7105019926e+01	5.0000000000e+00	4.4765773583e+00	3.0789035867e+00
6.5000000000e+01	0.0000000000e+00	1.6392712659e+00	1.7107062588e+01	5.0000000000e+00	4.4766333154e+00	3.0792712659e+00
6.5200000000e+01	0.0000000000e+00	1.6396347490e+00	1.7109081939e+01	5.0000000000e+00	4.4766886221e+00	3.0796347490e+00
6.5400000000e+01	0.0000000000e+00	1.6399940842e+00	1.7111078245e+01	5.0000000000e+00	4.4767432862e+00	3.0799940842e+00
6.5600000000e+01	0.0000000000e+00	1.6403493192e+00	1.7113051773e+01	5.0000000000e+00	4.4767973153e+00	3.0803493192e+00
6.5800000000e+01	0.0000000000e+00	1.6407005013e+00	1.7115002785e+01	5.0000000000e+00	4.4768507171e+00	3.0807005013e+00
6.6000000000e+01	0.0000000000e+00	1.6410476770e+00	1.7116931539e+01	5.0000000000e+00	4.4769034989e+00	3.0810476770e+00
6.6200000000e+01	0.0000000000e+00	1.6413908925e+00	1.7118838292e+01	5.0000000000e+00	4.4769556681e+00	3.0813908925e+00
6.6400000000e+01	0.0000000000e+00	1.6417301933e+00	1.7120723296e+01	5.0000000000e+00	4.4770072321e+00	3.0817301933e+00
6.6600000000e+01	0.0000000000e+00	1.6420656244e+00	1.7122586802e+01	5.0000000000e+00	4.4770581981e+00	3.0820656244e+00
6.6800000000e+01	0.0000000000e+00	1.6423972303e+00	1.7124429057e+01	5.0000000000e+00	4.4771085730e+00	3.0823972303e+00
6.7000000000e+01	0.0000000000e+00	1.6427250549e+00	1.7126250305e+01	5.0000000000e+00	4.4771583640e+00	3.0827250549e+00
6.7200000000e+01	0.0000000000e+00	1.6430491418e+00	1.7128050788e+01	5.0000000000e+00	4.4772075780e+00	3.0830491418e+00
6.7400000000e+01	0.0000000000e+00	1.6433695338e+00	1.7129830743e+01	5.0000000000e+00	4.4772562218e+00	3.0833695338e+00
6.7600000000e+01	0.0000000000e+00	1.6436862735e+00	1.7131590408e+01	5.0000000000e+00	4.4773043021e+00	3.0836862735e+00
6.7800000000e+01	0.0000000000e+00	1.6439994027e+00	1.7133330015e+01	5.0000000000e+00	4.4773518257e+00	3.0839994027e+00
6.8000000000e+01	0.0000000000e+00	1.6443089629e+00	1.7135049794e+01	5.0000000000e+00	4.4773987992e+00	3.0843089629e+00
6.8200000000e+01	0.0000000000e+00	1.6446149952e+00	1.7136749973e+01	5.0000000000e+00	4.4774452290e+00	3.0846149952e+00
6.8400000000e+01	0.0000000000e+00	1.6449175399e+00	1.7138430777e+01	5.0000000000e+00	4.4774911216e+00	3.0849175399e+00
6.8600000000e+01	0.0000000000e+00	1.6452166372e+00	1.7140092429e+01	5.0000000000e+00	4.4775364833e+00	3.0852166372e+00
6.8800000000e+01	0.0000000000e+00	1.6455123266e+00	1.7141735148e+01	5.0000000000e+00	4.4775813205e+00	3.0855123266e+00
6.9000000000e+01	0.0000000000e+00	1.6458046472e+00	1.7143359151e+01	5.0000000000e+00	4.4776256392e+00	3.0858046472e+00
6.9200000000e+01	0.0000000000e+00	1.6460936376e+00	1.7144964653e+01	5.0000000000e+00	4.4776694457e+00	3.0860936376e+00
6.9400000000e+01	0.0000000000e+00	1.6463793361e+00	1.7146551867e+01	5.0000000000e+00	4.4777127459e+00	3.0863793361e+00
6.9600000000e+01	0.0000000000e+00	1.6466617804e+00	1.7148121002e+01	5.0000000000e+00	4.4777555459e+00	3.0866617804e+00
6.9800000000e+01	0.0000000000e+00	1.6469410078e+00	1.7149672266e+01	5.0000000000e+00	4.4777978515e+00	3.0869410078e+00
7.0000000000e+01	0.0000000000e+00	1.6472170552e+00	1.7151205862e+01	5.0000000000e+00	4.4778396686e+00	3.0872170552e+00
7.0200000000e+01	0.0000000000e+00	1.6474899591e+00	1.7152721995e+01	5.0000000000e+00	4.4778810029e+00	3.0874899591e+00
7.0400000000e+01	0.0000000000e+00	1.6477597554e+00	1.7154220863e+01	5.0000000000e+00	4.4779218601e+00	3.0877597554e+00
7.0600000000e+01	0.0000000000e+00	1.6480264799e+00	1.7155702666e+01	5.0000000000e+00	4.4779622458e+00	3.0880264799e+00
7.0800000000e+01	0.0000000000e+00	1.6482901676e+00	1.7157167598e+01	5.0000000000e+00	4.4780021656e+00	3.0882901676e+00
7.1000000000e+01	0.0000000000e+00	1.6485508535e+00	1.7158615853e+01	5.0000000000e+00	4.4780416249e+00	3.0885508535e+00
7.1200000000e+01	0.0000000000e+00	1.6488085718e+00	1.7160047621e+01	5.0000000000e+00	4.4780806291e+00	3.0888085718e+00
7.1400000000e+01	0.0000000000e+00	1.6490633566e+00	1.7161463092e+01	5.0000000000e+00	4.4781191837e+00	3.0890633566e+00
7.1600000000e+01	0.0000000000e+00	1.6493152414e+00	1.7162862452e+01	5.0000000000e+00	4.4781572938e+00	3.0893152414e+00
7.1800000000e+01	0.0000000000e+00	1.6495642595e+00	1.7164245886e+01	5.0000000000e+00	4.4781949648e+00	3.0895642595e+00
7.2000000000e+01	0.0000000000e+00	1.6498104437e+00	1.7165613576e+01	5.0000000000e+00	4.4782322016e+00	3.0898104437e+00
7.2200000000e+01	0.0000000000e+00	1.6500538264e+00	1.7166965702e+01	5.0000000000e+00	4.4782690095e+00	3.0900538264e+00
7.2400000000e+01	0.0000000000e+00	1.6502944397e+00	1.7168302443e+01	5.0000000000e+00	4.4783053935e+00	3.0902944397e+00
7.2600000000e+01	0.0000000000e+00	1.6505323153e+00	1.7169623974e+01	5.0000000000e+00	4.4783413585e+00	3.0905323153e+00
7.2800000000e+01	0.0000000000e+00	1.6507674845e+00	1.7170930470e+01	5.0000000000e+00	4.4783769095e+00	3.0907674845e+00
7.3000000000e+01	0.0000000000e+00	1.6509999783e+00	1.7172222102e+01	5.0000000000e+00	4.4784120512e+00	3.0909999783e+00
7.3200000000e+01	0.0000000000e+00	1.6512298272e+00	1.7173499040e+01	5.0000000000e+00	4.4784467885e+00	3.0912298272e+00
7.3400000000e+01	0.0000000000e+00	1.6514570616e+00	1.7174761453e+01	5.0000000000e+00	4.4784811261e+00	3.0914570616e+00
7.3600000000e+01	0.0000000000e+00	1.6516817113e+00	1.7176009507e+01	5.0000000000e+00	4.4785150687e+00	3.0916817113e+00
7.3800000000e+01	0.0000000000e+00	1.6519038059e+00	1.7177243366e+01	5.0000000000e+00	4.4785486209e+00	3.0919038059e+00
7.4000000000e+01	0.0000000000e+00	1.6521233746e+00	1.7178463192e+01	5.0000000000e+00	4.4785817873e+00	3.0921233746e+00
7.4200000000e+01	0.0000000000e+00	1.6523404463e+00	1.7179669146e+01	5.0000000000e+00	4.4786145724e+00	3.0923404463e+00
7.4400000000e+01	0.0000000000e+00	1.6525550495e+00	1.7180861386e+01	5.0000000000e+00	4.4786469805e+00	3.0925550495e+00
7.4600000000e+01	0.0000000000e+00	1.6527672125e+00	1.7182040069e+01	5.0000000000e+00	4.4786790162e+00	3.0927672125e+00
7.4800000000e+01	0.0000000000e+00	1.6529769631e+00	1.7183205350e+01	5.0000000000e+00	4.4787106838e+00	3.0929769631e+00
7.5000000000e+01	0.0000000000e+00	1.6531843288e+00	1.7184357382e+01	5.0000000000e+00	4.4787419875e+00	3.0931843288e+00
7.5200000000e+01	0.0000000000e+00	1.6533893370e+00	1.7185496317e+01	5.0000000000e+00	4.4787729317e+00	3.0933893370e+00
7.5400000000e+01	0.0000000000e+00	1.6535920146e+00	1.7186622304e+01	5.0000000000e+00	4.4788035204e+00	3.0935920146e+00
7.5600000000e+01	0.0000000000e+00	1.6537923882e+00	1.7187735490e+01	5.0000000000e+00	4.4788337579e+00	3.0937923882e+00
7.5800000000e+01	0.0000000000e+00	1.6539904841e+00	1.7188836023e+01	5.0000000000e+00	4.4788636482e+00	3.0939904841e+00
7.6000000000e+01	0.0000000000e+00	1.6541863284e+00	1.7189924046e+01	5.0000000000e+00	4.4788931954e+00	3.0941863284e+00
7.6200000000e+01	0.0000000000e+00	1.6543799466e+00	1.7190999704e+01	5.0000000000e+00	4.4789224035e+00	3.0943799466e+00
7.6400000000e+01	0.0000000000e+00	1.6545713644e+00	1.7192063135e+01	5.0000000000e+00	4.4789512764e+00	3.0945713644e+00
7.6600000000e+01	0.0000000000e+00	1.6547606067e+00	1.7193114482e+01	5.0000000000e+00	4.4789798180e+00	3.0947606067e+00
7.6800000000e+01	0.0000000000e+00	1.6549476984e+00	1.7194153880e+01	5.0000000000e+00	4.4790080322e+00	3.0949476984e+00
7.7000000000e+01	0.0000000000e+00	1.6551326641e+00	1.7195181467e+01	5.0000000000e+00	4.4790359228e+00	3.0951326641e+00
7.7200000000e+01	0.0000000000e+00	1.6553155281e+00	1.7196197378e+01	5.0000000000e+00	4.4790634935e+00	3.0953155281e+00
7.7400000000e+01	0.0000000000e+00	1.6554963142e+00	1.7197201746e+01	5.0000000000e+00	4.4790907481e+00	3.0954963142e+00
7.7600000000e+01	0.0000000000e+00	1.6556750463e+00	1.7198194702e+01	5.0000000000e+00	4.4791176902e+00	3.0956750463e+00
7.7800000000e+01	0.0000000000e+00	1.6558517477e+00	1.7199176376e+01	5.0000000000e+00	4.4791443235e+00	3.0958517477e+00
7.8000000000e+01	0.0000000000e+00	1.6560264417e+00	1.7200146898e+01	5.0000000000e+00	4.4791706515e+00	3.0960264417e+00
7.8200000000e+01	0.0000000000e+00	1.6561991511e+00	1.7201106395e+01	5.0000000000e+00	4.4791966778e+00	3.0961991511e+00
7.8400000000e+01	0.0000000000e+00	1.6563698986e+00	1.7202054992e+01	5.0000000000e+00	4.4792224059e+00	3.0963698986e+00
7.8600000000e+01	0.0000000000e+00	1.6565387065e+00	1.7202992814e+01	5.0000000000e+00	4.4792478393e+00	3.0965387065e+00
7.8800000000e+01	0.0000000000e+00	1.6567055970e+00	1.7203919983e+01	5.0000000000e+00	4.4792729813e+00	3.0967055970e+00
7.9000000000e+01	0.0000000000e+00	1.6568705919e+00	1.7204836622e+01	5.0000000000e+00	4.4792978354e+00	3.0968705919e+00
7.9200000000e+01	0.0000000000e+00	1.6570337129e+00	1.7205742850e+01	5.0000000000e+00	4.4793224048e+00	3.0970337129e+00
7.9400000000e+01	0.0000000000e+00	1.6571949813e+00	1.7206638785e+01	5.0000000000e+00	4.4793466930e+00	3.0971949813e+00
7.9600000000e+01	0.0000000000e+00	1.6573544182e+00	1.7207524546e+01	5.0000000000e+00	4.4793707031e+00	3.0973544182e+00
7.9800000000e+01	0.0000000000e+00	1.6575120446e+00	1.7208400248e+01	5.0000000000e+00	4.4793944383e+00	3.0975120446e+00
8.0000000000e+01	0.0000000000e+00	1.6576678810e+00	1.7209266006e+01	5.0000000000e+00	4.4794179019e+00	3.0976678810e+00
8.0200000000e+01	0.0000000000e+00	1.6578219478e+00	1.7210121932e+01	5.0000000000e+00	4.4794410970e+00	3.0978219478e+00
8.0400000000e+01	0.0000000000e+00	1.6579742653e+00	1.7210968141e+01	5.0000000000e+00	4.4794640267e+00	3.0979742653e+00
8.0600000000e+01	0.0000000000e+00	1.6581248533e+00	1.7211804741e+01	5.0000000000e+00	4.4794866940e+00	3.0981248533e+00
8.0800000000e+01	0.0000000000e+00	1.6582737316e+00	1.7212631842e+01	5.0000000000e+00	4.4795091020e+00	3.0982737316e+00
8.1000000000e+01	0.0000000000e+00	1.6584209197e+00	1.7213449554e+01	5.0000000000e+00	4.4795312538e+00	3.0984209197e+00
8.1200000000e+01	0.0000000000e+00	1.6585664367e+00	1.7214257982e+01	5.0000000000e+00	4.4795531522e+00	3.0985664367e+00
8.1400000000e+01	0.0000000000e+00	1.6587103018e+00	1.7215057232e+01	5.0000000000e+00	4.4795748002e+00	3.0987103018e+00
8.1600000000e+01	0.0000000000e+00	1.6588525337e+00	1.7215847410e+01	5.0000000000e+00	4.4795962006e+00	3.0988525337e+00
8.1800000000e+01	0.0000000000e+00	1.6589931511e+00	1.7216628617e+01	5.0000000000e+00	4.4796173564e+00	3.0989931511e+00
8.2000000000e+01	0.0000000000e+00	1.6591321723e+00	1.7217400957e+01	5.0000000000e+00	4.4796382704e+00	3.0991321723e+00
8.2200000000e+01	0.0000000000e+00	1.6592696156e+00	1.7218164531e+01	5.0000000000e+00	4.4796589454e+00	3.0992696156e+00
8.2400000000e+01	0.0000000000e+00	1.6594054988e+00	1.7218919438e+01	5.0000000000e+00	4.4796793840e+00	3.0994054988e+00
8.2600000000e+01	0.0000000000e+00	1.6595398398e+00	1.7219665777e+01	5.0000000000e+00	4.4796995892e+00	3.0995398398e+00
8.2800000000e+01	0.0000000000e+00	1.6596726562e+00	1.7220403645e+01	5.0000000000e+00	4.4797195634e+00	3.0996726562e+00
8.3000000000e+01	0.0000000000e+00	1.6598039652e+00	1.7221133140e+01	5.0000000000e+00	4.4797393095e+00	3.0998039652e+00
8.3200000000e+01	0.0000000000e+00	1.6599337840e+00	1.7221854355e+01	5.0000000000e+00	4.4797588300e+00	3.0999337840e+00
8.3400000000e+01	0.0000000000e+00	1.6600621296e+00	1.7222567387e+01	5.0000000000e+00	4.4797781275e+00	3.1000621296e+00
8.3600000000e+01	0.0000000000e+00	1.6601890188e+00	1.7223272327e+01	5.0000000000e+00	4.4797972047e+00	3.1001890188e+00
8.3800000000e+01	0.0000000000e+00	1.6603144681e+00	1.7223969267e+01	5.0000000000e+00	4.4798160640e+00	3.1003144681e+00
8.4000000000e+01	0.0000000000e+00	1.6604384940e+00	1.7224658300e+01	5.0000000000e+00	4.4798347079e+00	3.1004384940e+00
8.4200000000e+01	0.0000000000e+00	1.6605611126e+00	1.7225339515e+01	5.0000000000e+00	4.4798531390e+00	3.1005611126e+00
8.4400000000e+01	0.0000000000e+00	1.6606823400e+00	1.7226013000e+01	5.0000000000e+00	4.4798713597e+00	3.1006823400e+00
8.4600000000e+01	0.0000000000e+00	1.6608021919e+00	1.7226678844e+01	5.0000000000e+00	4.4798893724e+00	3.1008021919e+00
8.4800000000e+01	0.0000000000e+00	1.6609206840e+00	1.7227337134e+01	5.0000000000e+00	4.4799071795e+00	3.1009206840e+00
8.5000000000e+01	0.0000000000e+00	1.6610378319e+00	1.7227987955e+01	5.0000000000e+00	4.4799247834e+00	3.1010378319e+00
8.5200000000e+01	0.0000000000e+00	1.6611536507e+00	1.7228631393e+01	5.0000000000e+00	4.4799421864e+00	3.1011536507e+00
8.5400000000e+01	0.0000000000e+00	1.6612681557e+00	1.7229267531e+01	5.0000000000e+00	4.4799593909e+00	3.1012681557e+00
8.5600000000e+01	0.0000000000e+00	1.6613813617e+00	1.7229896454e+01	5.0000000000e+00	4.4799763990e+00	3.1013813617e+00
8.5800000000e+01	0.0000000000e+00	1.6614932835e+00	1.7230518242e+01	5.0000000000e+00	4.4799932132e+00	3.1014932835e+00
8.6000000000e+01	0.0000000000e+00	1.6616039357e+00	1.7231132976e+01	5.0000000000e+00	4.4800098355e+00	3.1016039357e+00
8.6200000000e+01	0.0000000000e+00	1.6617133329e+00	1.7231740738e+01	5.0000000000e+00	4.4800262682e+00	3.1017133329e+00
8.6400000000e+01	0.0000000000e+00	1.6618214892e+00	1.7232341606e+01	5.0000000000e+00	4.4800425136e+00	3.1018214892e+00
8.6600000000e+01	0.0000000000e+00	1.6619284187e+00	1.7232935660e+01	5.0000000000e+00	4.4800585736e+00	3.1019284187e+00
8.6800000000e+01	0.0000000000e+00	1.6620341355e+00	1.7233522975e+01	5.0000000000e+00	4.4800744506e+00	3.1020341355e+00
8.7000000000e+01	0.0000000000e+00	1.6621386532e+00	1.7234103629e+01	5.0000000000e+00	4.4800901465e+00	3.1021386532e+00
8.7200000000e+01	0.0000000000e+00	1.6622419856e+00	1.7234677698e+01	5.0000000000e+00	4.4801056635e+00	3.1022419856e+00
8.7400000000e+01	0.0000000000e+00	1.6623441461e+00	1.7235245256e+01	5.0000000000e+00	4.4801210036e+00	3.1023441461e+00
8.7600000000e+01	0.0000000000e+00	1.6624451480e+00	1.7235806378e+01	5.0000000000e+00	4.4801361688e+00	3.1024451480e+00
8.7800000000e+01	0.0000000000e+00	1.6625450045e+00	1.7236361136e+01	5.0000000000e+00	4.4801511612e+00	3.1025450045e+00
8.8000000000e+01	0.0000000000e+00	1.6626437287e+00	1.7236909604e+01	5.0000000000e+00	4.4801659827e+00	3.1026437287e+00
8.8200000000e+01	0.0000000000e+00	1.6627413333e+00	1.7237451852e+01	5.0000000000e+00	4.4801806353e+00	3.1027413333e+00
8.8400000000e+01	0.0000000000e+00	1.6628378311e+00	1.7237987951e+01	5.0000000000e+00	4.4801951209e+00	3.1028378311e+00
8.8600000000e+01	0.0000000000e+00	1.6629332348e+00	1.7238517971e+01	5.0000000000e+00	4.4802094415e+00	3.1029332348e+00
8.8800000000e+01	0.0000000000e+00	1.6630275566e+00	1.7239041981e+01	5.0000000000e+00	4.4802235990e+00	3.1030275566e+00
8.9000000000e+01	0.0000000000e+00	1.6631208090e+00	1.7239560050e+01	5.0000000000e+00	4.4802375951e+00	3.1031208090e+00
8.9200000000e+01	0.0000000000e+00	1.6632130041e+00	1.7240072245e+01	5.0000000000e+00	4.4802514319e+00	3.1032130041e+00
8.9400000000e+01	0.0000000000e+00	1.6633041539e+00	1.7240578633e+01	5.0000000000e+00	4.4802651110e+00	3.1033041539e+00
8.9600000000e+01	0.0000000000e+00	1.6633942702e+00	1.7241079279e+01	5.0000000000e+00	4.4802786343e+00	3.1033942702e+00
8.9800000000e+01	0.0000000000e+00	1.6634833649e+00	1.7241574249e+01	5.0000000000e+00	4.4802920036e+00	3.1034833649e+00
9.0000000000e+01	0.0000000000e+00	1.6635714494e+00	1.7242063608e+01	5.0000000000e+00	4.4803052207e+00	3.1035714494e+00
9.0200000000e+01	0.0000000000e+00	1.6636585354e+00	1.7242547419e+01	5.0000000000e+00	4.4803182873e+00	3.1036585354e+00
9.0400000000e+01	0.0000000000e+00	1.6637446341e+00	1.7243025745e+01	5.0000000000e+00	4.4803312051e+00	3.1037446341e+00
9.0600000000e+01	0.0000000000e+00	1.6638297567e+00	1.7243498648e+01	5.0000000000e+00	4.4803439758e+00	3.1038297567e+00
9.0800000000e+01	0.0000000000e+00	1.6639139144e+00	1.7243966191e+01	5.0000000000e+00	4.4803566011e+00	3.1039139144e+00
9.1000000000e+01	0.0000000000e+00	1.6639971181e+00	1.7244428434e+01	5.0000000000e+00	4.4803690827e+00	3.1039971181e+00
9.1200000000e+01	0.0000000000e+00	1.6640793786e+00	1.7244885437e+01	5.0000000000e+00	4.4803814222e+00	3.1040793786e+00
9.1400000000e+01	0.0000000000e+00	1.6641607067e+00	1.7245337260e+01	5.0000000000e+00	4.4803936213e+00	3.1041607067e+00
9.1600000000e+01	0.0000000000e+00	1.6642411129e+00	1.7245783961e+01	5.0000000000e+00	4.4804056816e+00	3.1042411129e+00
9.1800000000e+01	0.0000000000e+00	1.6643206078e+00	1.7246225599e+01	5.0000000000e+00	4.4804176045e+00	3.1043206078e+00
9.2000000000e+01	0.0000000000e+00	1.6643992015e+00	1.7246662231e+01	5.0000000000e+00	4.4804293919e+00	3.1043992015e+00
9.2200000000e+01	0.0000000000e+00	1.6644769045e+00	1.7247093914e+01	5.0000000000e+00	4.4804410450e+00	3.1044769045e+00
9.2400000000e+01	0.0000000000e+00	1.6645537268e+00	1.7247520704e+01	5.0000000000e+00	4.4804525656e+00	3.1045537268e+00
9.2600000000e+01	0.0000000000e+00	1.6646296784e+00	1.7247942658e+01	5.0000000000e+00	4.4804639551e+00	3.1046296784e+00
9.2800000000e+01	0.0000000000e+00	1.6647047692e+00	1.7248359829e+01	5.0000000000e+00	4.4804752151e+00	3.1047047692e+00
9.3000000000e+01	0.0000000000e+00	1.6647790089e+00	1.7248772272e+01	5.0000000000e+00	4.4804863469e+00	3.1047790089e+00
9.3200000000e+01	0.0000000000e+00	1.6648524073e+00	1.7249180040e+01	5.0000000000e+00	4.4804973521e+00	3.1048524073e+00
9.3400000000e+01	0.0000000000e+00	1.6649249738e+00	1.7249583188e+01	5.0000000000e+00	4.4805082322e+00	3.1049249738e+00
9.3600000000e+01	0.0000000000e+00	1.6649967180e+00	1.7249981767e+01	5.0000000000e+00	4.4805189885e+00	3.1049967180e+00
9.3800000000e+01	0.0000000000e+00	1.6650676491e+00	1.7250375829e+01	5.0000000000e+00	4.4805296224e+00	3.1050676491e+00
9.4000000000e+01	0.0000000000e+00	1.6651377765e+00	1.7250765425e+01	5.0000000000e+00	4.4805401355e+00	3.1051377765e+00
9.4200000000e+01	0.0000000000e+00	1.6652071091e+00	1.7251150606e+01	5.0000000000e+00	4.4805505289e+00	3.1052071091e+00
9.4400000000e+01	0.0000000000e+00	1.6652756561e+00	1.7251531423e+01	5.0000000000e+00	4.4805608042e+00	3.1052756561e+00
9.4600000000e+01	0.0000000000e+00	1.6653434263e+00	1.7251907924e+01	5.0000000000e+00	4.4805709626e+00	3.1053434263e+00
9.4800000000e+01	0.0000000000e+00	1.6654104286e+00	1.7252280159e+01	5.0000000000e+00	4.4805810056e+00	3.1054104286e+00
9.5000000000e+01	0.0000000000e+00	1.6654766716e+00	1.7252648176e+01	5.0000000000e+00	4.4805909344e+00	3.1054766716e+00
9.5200000000e+01	0.0000000000e+00	1.6655421641e+00	1.7253012023e+01	5.0000000000e+00	4.4806007502e+00	3.1055421641e+00
9.5400000000e+01	0.0000000000e+00	1.6656069144e+00	1.7253371747e+01	5.0000000000e+00	4.4806104546e+00	3.1056069144e+00
9.5600000000e+01	0.0000000000e+00	1.6656709312e+00	1.7253727395e+01	5.0000000000e+00	4.4806200485e+00	3.1056709312e+00
9.5800000000e+01	0.0000000000e+00	1.6657342225e+00	1.7254079014e+01	5.0000000000e+00	4.4806295335e+00	3.1057342225e+00
9.6000000000e+01	0.0000000000e+00	1.6657967968e+00	1.7254426649e+01	5.0000000000e+00	4.4806389106e+00	3.1057967968e+00
9.6200000000e+01	0.0000000000e+00	1.6658586621e+00	1.7254770345e+01	5.0000000000e+00	4.4806481812e+00	3.1058586621e+00
9.6400000000e+01	0.0000000000e+00	1.6659198265e+00	1.7255110147e+01	5.0000000000e+00	4.4806573464e+00	3.1059198265e+00
9.6600000000e+01	0.0000000000e+00	1.6659802979e+00	1.7255446099e+01	5.0000000000e+00	4.4806664074e+00	3.1059802979e+00
9.6800000000e+01	0.0000000000e+00	1.6660400842e+00	1.7255778245e+01	5.0000000000e+00	4.4806753655e+00	3.1060400842e+00
9.7000000000e+01	0.0000000000e+00	1.6660991931e+00	1.7256106629e+01	5.0000000000e+00	4.4806842217e+00	3.1060991931e+00
9.7200000000e+01	0.0000000000e+00	1.6661576324e+00	1.7256431291e+01	5.0000000000e+00	4.4806929774e+00	3.1061576324e+00
9.7400000000e+01	0.0000000000e+00	1.6662154097e+00	1.7256752276e+01	5.0000000000e+00	4.4807016336e+00	3.1062154097e+00
9.7600000000e+01	0.0000000000e+00	1.6662725324e+00	1.7257069624e+01	5.0000000000e+00	4.4807101914e+00	3.1062725324e+00
9.7800000000e+01	0.0000000000e+00	1.6663290080e+00	1.7257383378e+01	5.0000000000e+00	4.4807186520e+00	3.1063290080e+00
9.8000000000e+01	0.0000000000e+00	1.6663848438e+00	1.7257693577e+01	5.0000000000e+00	4.4807270164e+00	3.1063848438e+00
9.8200000000e+01	0.0000000000e+00	1.6664400471e+00	1.7258000262e+01	5.0000000000e+00	4.4807352859e+00	3.1064400471e+00
9.8400000000e+01	0.0000000000e+00	1.6664946250e+00	1.7258303472e+01	5.0000000000e+00	4.4807434614e+00	3.1064946250e+00
9.8600000000e+01	0.0000000000e+00	1.6665485847e+00	1.7258603248e+01	5.0000000000e+00	4.4807515441e+00	3.1065485847e+00
9.8800000000e+01	0.0000000000e+00	1.6666019332e+00	1.7258899629e+01	5.0000000000e+00	4.4807595349e+00	3.1066019332e+00
9.9000000000e+01	0.0000000000e+00	1.6666546773e+00	1.7259192652e+01	5.0000000000e+00	4.4807674350e+00	3.1066546773e+00
9.9200000000e+01	0.0000000000e+00	1.6667068240e+00	1.7259482355e+01	5.0000000000e+00	4.4807752454e+00	3.1067068240e+00
9.9400000000e+01	0.0000000000e+00	1.6667583800e+00	1.7259768778e+01	5.0000000000e+00	4.4807829671e+00	3.1067583800e+00
9.9600000000e+01	0.0000000000e+00	1.6668093520e+00	1.7260051956e+01	5.0000000000e+00	4.4807906010e+00	3.1068093520e+00
9.9800000000e+01	0.0000000000e+00	1.6668597467e+00	1.7260331926e+01	5.0000000000e+00	4.4807981483e+00	3.1068597467e+00
1.0000000000e+02	1.5000000000e+00	1.6669095705e+00	1.7260608725e+01	5.0000000000e+00	4.4808056099e+00	3.1069095705e+00
1.0020000000e+02	1.5000000000e+00	1.6613915499e+00	1.7229953055e+01	5.3389599567e+00	4.7836845547e+00	3.1013915499e+00
1.0040000000e+02	1.5000000000e+00	1.6457644413e+00	1.7143135785e+01	5.6356086671e+00	5.0468223021e+00	3.0857644413e+00
1.0060000000e+02	1.5000000000e+00	1.6214286395e+00	1.7007936886e+01	5.8952277036e+00	5.2749365337e+00	3.0614286395e+00
1.0080000000e+02	1.5000000000e+00	1.5896168771e+00	1.6831204873e+01	6.1224393574e+00	5.4721953185e+00	3.0296168771e+00
1.0100000000e+02	1.5000000000e+00	1.5514139466e+00	1.6618966370e+01	6.3212889346e+00	5.6422728379e+00	2.9914139466e+00
1.0120000000e+02	1.5000000000e+00	1.5077743528e+00	1.6376524182e+01	6.4953167791e+00	5.7884021619e+00	2.9477743528e+00
1.0140000000e+02	1.5000000000e+00	1.4595380350e+00	1.6108544639e+01	6.6476213054e+00	5.9134241142e+00	2.8995380350e+00
1.0160000000e+02	1.5000000000e+00	1.4074443167e+00	1.5819135093e+01	6.7809141632e+00	6.0198318628e+00	2.8474443167e+00
1.0180000000e+02	1.5000000000e+00	1.3521442492e+00	1.5511912495e+01	6.8975685159e+00	6.1098112087e+00	2.7921442492e+00
1.0200000000e+02	1.5000000000e+00	1.2942115100e+00	1.5190063944e+01	6.9996612930e+00	6.1852767374e+00	2.7342115100e+00
1.0220000000e+02	1.5000000000e+00	1.2341520096e+00	1.4856400053e+01	7.0890101676e+00	6.2479041016e+00	2.6741520096e+00
1.0240000000e+02	1.5000000000e+00	1.1724123463e+00	1.4513401924e+01	7.1672059187e+00	6.2991587468e+00	2.6124123463e+00
1.0260000000e+02	1.5000000000e+00	1.1093872386e+00	1.4163262436e+01	7.2356407537e+00	6.3403214106e+00	2.5493872386e+00
1.0280000000e+02	1.5000000000e+00	1.0454260509e+00	1.3807922505e+01	7.2955330954e+00	6.3725107194e+00	2.4854260509e+00
1.0300000000e+02	1.5000000000e+00	9.8083851687e-01	1.3449102871e+01	7.3479492749e+00	6.3967031947e+00	2.4208385169e+00
1.0320000000e+02	1.5000000000e+00	9.1589975226e-01	1.3088331957e+01	7.3938225167e+00	6.4137509570e+00	2.3558997523e+00
1.0340000000e+02	1.5000000000e+00	8.5085463988e-01	1.2726970222e+01	7.4339695539e+00	6.4243973959e+00	2.2908546399e+00
1.0360000000e+02	1.5000000000e+00	7.8592165877e-01	1.2366231438e+01	7.4691051698e+00	6.4292910470e+00	2.2259216588e+00
1.0380000000e+02	1.5000000000e+00	7.2129622117e-01	1.2007201229e+01	7.4998549233e+00	6.4289978976e+00	2.1612962212e+00
1.0400000000e+02	1.5000000000e+00	6.5715357322e-01	1.1650853185e+01	7.5267662872e+00	6.4240123149e+00	2.0971535732e+00
1.0420000000e+02	1.5000000000e+00	5.9365130808e-01	1.1298062823e+01	7.5503183948e+00	6.4147667742e+00	2.0336513081e+00
1.0440000000e+02	1.5000000000e+00	5.3093153407e-01	1.0949619634e+01	7.5709305711e+00	6.4016405401e+00	1.9709315341e+00
1.0460000000e+02	1.5000000000e+00	4.6912273509e-01	1.0606237417e+01	7.5889697977e+00	6.3849674382e+00	1.9091227351e+00
1.0480000000e+02	1.5000000000e+00	4.0834135534e-01	1.0268563085e+01	7.6047572476e+00	6.3650428337e+00	1.8483413553e+00
1.0500000000e+02	1.5000000000e+00	3.4869313698e-01	9.9371840943e+00	7.6185740025e+00	6.3421299195e+00	1.7886931370e+00
1.0520000000e+02	1.5000000000e+00	2.9027423507e-01	9.6126346393e+00	7.6306660578e+00	6.3164653971e+00	1.7302742351e+00
1.0540000000e+02	1.5000000000e+00	2.3317213186e-01	9.2954007326e+00	7.6412487019e+00	6.2882646188e+00	1.6731721319e+00
1.0560000000e+02	1.5000000000e+00	1.7746636992e-01	8.9859242773e+00	7.6505103497e+00	6.2577262459e+00	1.6174663699e+00
1.0580000000e+02	1.5000000000e+00	1.2322912174e-01	8.6846062319e+00	7.6586158967e+00	6.2250364591e+00	1.5632291217e+00
1.0600000000e+02	1.5000000000e+00	7.0525612496e-02	8.3918089583e+00	7.6657096552e+00	6.1903727459e+00	1.5105256125e+00
1.0620000000e+02	1.5000000000e+00	1.9414411812e-02	8.1078578434e+00	7.6719179234e+00	6.1539072742e+00	1.4594144118e+00
1.0640000000e+02	1.5000000000e+00	-3.0052389874e-02	7.8330422785e+00	7.6773512341e+00	6.1158098481e+00	1.4099476101e+00
1.0660000000e+02	1.5000000000e+00	-7.7829104385e-02	7.5676160867e+00	7.6821063226e+00	6.0762504327e+00	1.3621708956e+00
1.0680000000e+02	1.5000000000e+00	-1.2387645187e-01	7.3117974896e+00	7.6862678492e+00	6.0354012238e+00	1.3161235481e+00
1.0700000000e+02	1.5000000000e+00	-1.6816163248e-01	7.0657687084e+00	7.6899099062e+00	5.9934382327e+00	1.2718383675e+00
1.0720000000e+02	1.5000000000e+00	-2.1065844541e-01	6.8296753033e+00	7.6930973374e+00	5.9505423570e+00	1.2293415546e+00
1.0740000000e+02	1.5000000000e+00	-2.5134743588e-01	6.6036253562e+00	7.6958868921e+00	5.9068999073e+00	1.1886525641e+00
1.0760000000e+02	1.5000000000e+00	-2.9021605017e-01	6.3876886102e+00	7.6983282360e+00	5.8627025723e+00	1.1497839498e+00
1.0780000000e+02	1.5000000000e+00	-3.2725877819e-01	6.1818956767e+00	7.7004648350e+00	5.8181468150e+00	1.1127412218e+00
1.0800000000e+02	1.5000000000e+00	-3.6247726356e-01	5.9862374247e+00	7.7023347294e+00	5.7734327146e+00	1.0775227364e+00
1.0820000000e+02	1.5000000000e+00	-3.9588036190e-01	5.8006646561e+00	7.7039712111e+00	5.7287622896e+00	1.0441196381e+00
1.0840000000e+02	1.5000000000e+00	-4.2748413027e-01	5.6250881652e+00	7.7054034163e+00	5.6843373645e+00	1.0125158697e+00
1.0860000000e+02	1.5000000000e+00	-4.5731173310e-01	5.4593792605e+00	7.7066568440e+00	5.6403570690e+00	9.8268826690e-01
1.0880000000e+02	1.5000000000e+00	-4.8539325407e-01	5.3033708107e+00	7.7077538105e+00	5.5970150817e+00	9.5460674593e-01
1.0900000000e+02	1.5000000000e+00	-5.1176540743e-01	5.1568588476e+00	7.7087138463e+00	5.5544967490e+00	9.2823459257e-01
1.0920000000e+02	1.5000000000e+00	-5.3647114755e-01	5.0196047358e+00	7.7095540440e+00	5.5129762212e+00	9.0352885245e-01
1.0940000000e+02	1.5000000000e+00	-5.5955918056e-01	4.8913378858e+00	7.7102893627e+00	5.4726137501e+00	8.8044081944e-01
1.0960000000e+02	1.5000000000e+00	-5.8108338674e-01	4.7717589625e+00	7.7109328939e+00	5.4335532835e+00	8.5891661326e-01
1.0980000000e+02	1.5000000000e+00	-6.0110216726e-01	4.6605435152e+00	7.7114960953e+00	5.3959204737e+00	8.3889783274e-01
1.1000000000e+02	1.5000000000e+00	-6.1967773209e-01	4.5573459328e+00	7.7119889941e+00	5.3598211893e+00	8.2032226791e-01
1.1020000000e+02	1.5000000000e+00	-6.3687534882e-01	4.4618036177e+00	7.7124203660e+00	5.3253405901e+00	8.0312465118e-01
1.1040000000e+02	1.5000000000e+00	-6.5276257315e-01	4.3735412603e+00	7.7127978912e+00	5.2925427846e+00	7.8723742685e-01
1.1060000000e+02	1.5000000000e+00	-6.6740848213e-01	4.2921750993e+00	7.7131282912e+00	5.2614710599e+00	7.7259151787e-01
1.1080000000e+02	1.5000000000e+00	-6.8088292980e-01	4.2173170567e+00	7.7134174484e+00	5.2321486380e+00	7.5911707020e-01
1.1100000000e+02	1.5000000000e+00	-6.9325584295e-01	4.1485786503e+00	7.7136705111e+00	5.2045798904e+00	7.4674415705e-01
1.1120000000e+02	1.5000000000e+00	-7.0459657162e-01	4.0855746021e+00	7.7138919848e+00	5.1787519235e+00	7.3540342838e-01
1.1140000000e+02	1.5000000000e+00	-7.1497330561e-01	4.0279260799e+00	7.7140858127e+00	5.1546364398e+00	7.2502669439e-01
1.1160000000e+02	1.5000000000e+00	-7.2445256473e-01	3.9752635293e+00	7.7142554457e+00	5.1321917734e+00	7.1554743527e-01
1.1180000000e+02	1.5000000000e+00	-7.3309876695e-01	3.9272290725e+00	7.7144039040e+00	5.1113650102e+00	7.0690123305e-01
1.1200000000e+02	1.5000000000e+00	-7.4097387540e-01	3.8834784700e+00	7.7145338307e+00	5.0920941056e+00	6.9902612460e-01
1.1220000000e+02	1.5000000000e+00	-7.4813712240e-01	3.8436826533e+00	7.7146475391e+00	5.0743099312e+00	6.9186287760e-01
1.1240000000e+02	1.5000000000e+00	-7.5464480650e-01	3.8075288528e+00	7.7147470537e+00	5.0579381942e+00	6.8535519350e-01
1.1260000000e+02	1.5000000000e+00	-7.6055015669e-01	3.7747213517e+00	7.7148341461e+00	5.0429011900e+00	6.7944984331e-01
1.1280000000e+02	1.5000000000e+00	-7.6590325688e-01	3.7449819062e+00	7.7149103672e+00	5.0291193610e+00	6.7409674312e-01
1.1300000000e+02	1.5000000000e+00	-7.7075102321e-01	3.7180498711e+00	7.7149770738e+00	5.0165126505e+00	6.6924897679e-01
1.1320000000e+02	1.5000000000e+00	-7.7513722621e-01	3.6936820766e+00	7.7150354536e+00	5.0050016478e+00	6.6486277379e-01
1.1340000000e+02	1.5000000000e+00	-7.7910255038e-01	3.6716524979e+00	7.7150865461e+00	4.9945085315e+00	6.6089744962e-01
1.1360000000e+02	1.5000000000e+00	-7.8268468378e-01	3.6517517568e+00	7.7151312608e+00	4.9849578234e+00	6.5731531622e-01
1.1380000000e+02	1.5000000000e+00	-7.8591843094e-01	3.6337864948e+00	7.7151703940e+00	4.9762769691e+00	6.5408156906e-01
1.1400000000e+02	1.5000000000e+00	-7.8883584321e-01	3.6175786488e+00	7.7152046423e+00	4.9683967649e+00	6.5116415679e-01
1.1420000000e+02	1.5000000000e+00	-7.9146636106e-01	3.6029646608e+00	7.7152346155e+00	4.9612516502e+00	6.4853363894e-01
1.1440000000e+02	1.5000000000e+00	-7.9383696401e-01	3.5897946444e+00	7.7152608473e+00	4.9547798858e+00	6.4616303599e-01
1.1460000000e+02	1.5000000000e+00	-7.9597232423e-01	3.5779315320e+00	7.7152838046e+00	4.9489236368e+00	6.4402767577e-01
1.1480000000e+02	1.5000000000e+00	-7.9789496082e-01	3.5672502177e+00	7.7153038963e+00	4.9436289779e+00	6.4210503918e-01
1.1500000000e+02	1.5000000000e+00	-7.9962539211e-01	3.5576367105e+00	7.7153214799e+00	4.9388458368e+00	6.4037460789e-01
1.1520000000e+02	1.5000000000e+00	-8.0118228421e-01	3.5489873100e+00	7.7153368687e+00	4.9345278894e+00	6.3881771579e-01
1.1540000000e+02	1.5000000000e+00	-8.0258259415e-01	3.5412078103e+00	7.7153503365e+00	4.9306324192e+00	6.3741740585e-01
1.1560000000e+02	1.5000000000e+00	-8.0384170668e-01	3.5342127407e+00	7.7153621232e+00	4.9271201510e+00	6.3615829332e-01
1.1580000000e+02	1.5000000000e+00	-8.0497356396e-01	3.5279246447e+00	7.7153724386e+00	4.9239550679e+00	6.3502643604e-01
1.1600000000e+02	1.5000000000e+00	-8.0599078763e-01	3.5222734021e+00	7.7153814664e+00	4.9211042169e+00	6.3400921237e-01
1.1620000000e+02	1.5000000000e+00	-8.0690479316e-01	3.5171955935e+00	7.7153893672e+00	4.9185375114e+00	6.3309520684e-01
1.1640000000e+02	1.5000000000e+00	-8.0772589640e-01	3.5126339089e+00	7.7153962818e+00	4.9162275326e+00	6.3227410360e-01
1.1660000000e+02	1.5000000000e+00	-8.0846341232e-01	3.5085365982e+00	7.7154023333e+00	4.9141493342e+00	6.3153658768e-01
1.1680000000e+02	1.5000000000e+00	-8.0912574639e-01	3.5048569645e+00	7.7154076294e+00	4.9122802533e+00	6.3087425361e-01
1.1700000000e+02	1.5000000000e+00	-8.0972047866e-01	3.5015528963e+00	7.7154122644e+00	4.9105997288e+00	6.3027952134e-01
1.1720000000e+02	1.5000000000e+00	-8.1025444100e-01	3.4985864389e+00	7.7154163208e+00	4.9090891287e+00	6.2974555900e-01
1.1740000000e+02	1.5000000000e+00	-8.1073378788e-01	3.4959234007e+00	7.7154198709e+00	4.9077315869e+00	6.2926621212e-01
1.1760000000e+02	1.5000000000e+00	-8.1116406100e-01	3.4935329945e+00	7.7154229779e+00	4.9065118507e+00	6.2883593900e-01
1.1780000000e+02	1.5000000000e+00	-8.1155024828e-01	3.4913875095e+00	7.7154256970e+00	4.9054161380e+00	6.2844975172e-01
1.1800000000e+02	1.5000000000e+00	-8.1189683759e-01	3.4894620134e+00	7.7154280767e+00	4.9044320053e+00	6.2810316241e-01
1.1820000000e+02	1.5000000000e+00	-8.1220786550e-01	3.4877340805e+00	7.7154301593e+00	4.9035482255e+00	6.2779213450e-01
1.1840000000e+02	1.5000000000e+00	-8.1248696163e-01	3.4861835465e+00	7.7154319820e+00	4.9027546749e+00	6.2751303837e-01
1.1860000000e+02	1.5000000000e+00	-8.1273738878e-01	3.4847922846e+00	7.7154335771e+00	4.9020422300e+00	6.2726261122e-01
1.1880000000e+02	1.5000000000e+00	-8.1296207931e-01	3.4835440039e+00	7.7154349732e+00	4.9014026730e+00	6.2703792069e-01
1.1900000000e+02	1.5000000000e+00	-8.1316366804e-01	3.4824240665e+00	7.7154361949e+00	4.9008286048e+00	6.2683633196e-01
1.1920000000e+02	1.5000000000e+00	-8.1334452198e-01	3.4814193223e+00	7.7154372642e+00	4.9003133664e+00	6.2665547802e-01
1.1940000000e+02	1.5000000000e+00	-8.1350676718e-01	3.4805179601e+00	7.7154382000e+00	4.8998509668e+00	6.2649323282e-01
1.1960000000e+02	1.5000000000e+00	-8.1365231296e-01	3.4797093725e+00	7.7154390190e+00	4.8994360179e+00	6.2634768704e-01
1.1980000000e+02	1.5000000000e+00	-8.1378287375e-01	3.4789840347e+00	7.7154397357e+00	4.8990636752e+00	6.2621712625e-01
1.2000000000e+02	1.5000000000e+00	-8.1389998881e-01	3.4783333955e+00	7.7154403630e+00	4.8987295840e+00	6.2610001119e-01
1.2020000000e+02	1.5000000000e+00	-8.1400503995e-01	3.4777497781e+00	7.7154409120e+00	4.8984298309e+00	6.2599496005e-01
1.2040000000e+02	1.5000000000e+00	-8.1409926752e-01	3.4772262916e+00	7.7154413924e+00	4.8981608998e+00	6.2590073248e-01
1.2060000000e+02	1.5000000000e+00	-8.1418378477e-01	3.4767567513e+00	7.7154418129e+00	4.8979196321e+00	6.2581621523e-01
1.2080000000e+02	1.5000000000e+00	-8.1425959083e-01	3.4763356065e+00	7.7154421809e+00	4.8977031907e+00	6.2574040917e-01
1.2100000000e+02	1.5000000000e+00	-8.1432758228e-01	3.4759578762e+00	7.7154425030e+00	4.8975090282e+00	6.2567241772e-01
1.2120000000e+02	1.5000000000e+00	-8.1438856368e-01	3.4756190906e+00	7.7154427848e+00	4.8973348569e+00	6.2561143632e-01
1.2140000000e+02	1.5000000000e+00	-8.1444325695e-01	3.4753152392e+00	7.7154430315e+00	4.8971786232e+00	6.2555674305e-01
1.2160000000e+02	1.5000000000e+00	-8.1449230980e-01	3.4750427234e+00	7.7154432474e+00	4.8970384833e+00	6.2550769020e-01
1.2180000000e+02	1.5000000000e+00	-8.1453630335e-01	3.4747983147e+00	7.7154434363e+00	4.8969127827e+00	6.2546369665e-01
1.2200000000e+02	1.5000000000e+00	-8.1457575896e-01	3.4745791169e+00	7.7154436017e+00	4.8968000358e+00	6.2542424104e-01
1.2220000000e+02	1.5000000000e+00	-8.1461114436e-01	3.4743825314e+00	7.7154437464e+00	4.8966989100e+00	6.2538885564e-01
1.2240000000e+02	1.5000000000e+00	-8.1464287910e-01	3.4742062272e+00	7.7154438730e+00	4.8966082089e+00	6.2535712090e-01
1.2260000000e+02	1.5000000000e+00	-8.1467133957e-01	3.4740481135e+00	7.7154439838e+00	4.8965268593e+00	6.2532866043e-01
1.2280000000e+02	1.5000000000e+00	-8.1469686339e-01	3.4739063145e+00	7.7154440808e+00	4.8964538981e+00	6.2530313661e-01
1.2300000000e+02	1.5000000000e+00	-8.1471975339e-01	3.4737791478e+00	7.7154441657e+00	4.8963884613e+00	6.2528024661e-01
1.2320000000e+02	1.5000000000e+00	-8.1474028124e-01	3.4736651042e+00	7.7154442400e+00	4.8963297735e+00	6.2525971876e-01
1.2340000000e+02	1.5000000000e+00	-8.1475869056e-01	3.4735628302e+00	7.7154443051e+00	4.8962771394e+00	6.2524130944e-01
1.2360000000e+02	1.5000000000e+00	-8.1477519992e-01	3.4734711116e+00	7.7154443620e+00	4.8962299349e+00	6.2522480008e-01
1.2380000000e+02	1.5000000000e+00	-8.1479000530e-01	3.4733888594e+00	7.7154444118e+00	4.8961876003e+00	6.2520999470e-01
1.2400000000e+02	1.5000000000e+00	-8.1480328253e-01	3.4733150971e+00	7.7154444554e+00	4.8961496337e+00	6.2519671747e-01
1.2420000000e+02	1.5000000000e+00	-8.1481518927e-01	3.4732489485e+00	7.7154444935e+00	4.8961155844e+00	6.2518481073e-01
1.2440000000e+02	1.5000000000e+00	-8.1482586694e-01	3.4731896281e+00	7.7154445269e+00	4.8960850487e+00	6.2517413306e-01
1.2460000000e+02	1.5000000000e+00	-8.1483544237e-01	3.4731364313e+00	7.7154445561e+00	4.8960576641e+00	6.2516455763e-01
1.2480000000e+02	1.5000000000e+00	-8.1484402932e-01	3.4730887260e+00	7.7154445817e+00	4.8960331056e+00	6.2515597068e-01
1.2500000000e+02	1.5000000000e+00	-8.1485172980e-01	3.4730459455e+00	7.7154446040e+00	4.8960110817e+00	6.2514827020e-01
1.2520000000e+02	1.5000000000e+00	-8.1485863530e-01	3.4730075816e+00	7.7154446236e+00	4.8959913309e+00	6.2514136470e-01
1.2540000000e+02	1.5000000000e+00	-8.1486482788e-01	3.4729731784e+00	7.7154446408e+00	4.8959736186e+00	6.2513517212e-01
1.2560000000e+02	1.5000000000e+00	-8.1487038112e-01	3.4729423271e+00	7.7154446558e+00	4.8959577346e+00	6.2512961888e-01
1.2580000000e+02	1.5000000000e+00	-8.1487536101e-01	3.4729146610e+00	7.7154446689e+00	4.8959434902e+00	6.2512463899e-01
1.2600000000e+02	1.5000000000e+00	-8.1487982675e-01	3.4728898514e+00	7.7154446804e+00	4.8959307161e+00	6.2512017325e-01
1.2620000000e+02	1.5000000000e+00	-8.1488383139e-01	3.4728676034e+00	7.7154446904e+00	4.8959192608e+00	6.2511616861e-01
1.2640000000e+02	1.5000000000e+00	-8.1488742256e-01	3.4728476525e+00	7.7154446992e+00	4.8959089880e+00	6.2511257744e-01
1.2660000000e+02	1.5000000000e+00	-8.1489064292e-01	3.4728297616e+00	7.7154447069e+00	4.8958997757e+00	6.2510935708e-01
1.2680000000e+02	1.5000000000e+00	-8.1489353076e-01	3.4728137180e+00	7.7154447137e+00	4.8958915144e+00	6.2510646924e-01
1.2700000000e+02	1.5000000000e+00	-8.1489612042e-01	3.4727993310e+00	7.7154447196e+00	4.8958841061e+00	6.2510387958e-01
1.2720000000e+02	1.5000000000e+00	-8.1489844267e-01	3.4727864296e+00	7.7154447247e+00	4.8958774626e+00	6.2510155733e-01
1.2740000000e+02	1.5000000000e+00	-8.1490052512e-01	3.4727748604e+00	7.7154447293e+00	4.8958715051e+00	6.2509947488e-01
1.2760000000e+02	1.5000000000e+00	-8.1490239254e-01	3.4727644859e+00	7.7154447332e+00	4.8958661626e+00	6.2509760746e-01
1.2780000000e+02	1.5000000000e+00	-8.1490406712e-01	3.4727551827e+00	7.7154447367e+00	4.8958613717e+00	6.2509593288e-01
1.2800000000e+02	1.5000000000e+00	-8.1490556878e-01	3.4727468401e+00	7.7154447397e+00	4.8958570756e+00	6.2509443122e-01
1.2820000000e+02	1.5000000000e+00	-8.1490691537e-01	3.4727393591e+00	7.7154447424e+00	4.8958532230e+00	6.2509308463e-01
1.2840000000e+02	1.5000000000e+00	-8.1490812290e-01	3.4727326506e+00	7.7154447447e+00	4.8958497682e+00	6.2509187710e-01
1.2860000000e+02	1.5000000000e+00	-8.1490920573e-01	3.4727266348e+00	7.7154447467e+00	4.8958466701e+00	6.2509079427e-01
1.2880000000e+02	1.5000000000e+00	-8.1491017674e-01	3.4727212404e+00	7.7154447485e+00	4.8958438919e+00	6.2508982326e-01
1.2900000000e+02	1.5000000000e+00	-8.1491104747e-01	3.4727164030e+00	7.7154447500e+00	4.8958414006e+00	6.2508895253e-01
1.2920000000e+02	1.5000000000e+00	-8.1491182828e-01	3.4727120651e+00	7.7154447514e+00	4.8958391666e+00	6.2508817172e-01
1.2940000000e+02	1.5000000000e+00	-8.1491252845e-01	3.4727081753e+00	7.7154447526e+00	4.8958371633e+00	6.2508747155e-01
1.2960000000e+02	1.5000000000e+00	-8.1491315632e-01	3.4727046871e+00	7.7154447536e+00	4.8958353668e+00	6.2508684368e-01
1.2980000000e+02	1.5000000000e+00	-8.1491371934e-01	3.4727015592e+00	7.7154447545e+00	4.8958337558e+00	6.2508628066e-01
1.3000000000e+02	1.5000000000e+00	-8.1491422422e-01	3.4726987544e+00	7.7154447553e+00	4.8958323112e+00	6.2508577578e-01
1.3020000000e+02	1.5000000000e+00	-8.1491467695e-01	3.4726962392e+00	7.7154447560e+00	4.8958310158e+00	6.2508532305e-01
1.3040000000e+02	1.5000000000e+00	-8.1491508293e-01	3.4726939837e+00	7.7154447566e+00	4.8958298542e+00	6.2508491707e-01
1.3060000000e+02	1.5000000000e+00	-8.1491544698e-01	3.4726919612e+00	7.7154447572e+00	4.8958288125e+00	6.2508455302e-01
1.3080000000e+02	1.5000000000e+00	-8.1491577343e-01	3.4726901476e+00	7.7154447577e+00	4.8958278784e+00	6.2508422657e-01
1.3100000000e+02	1.5000000000e+00	-8.1491606616e-01	3.4726885213e+00	7.7154447581e+00	4.8958270407e+00	6.2508393384e-01
1.3120000000e+02	1.5000000000e+00	-8.1491632867e-01	3.4726870630e+00	7.7154447584e+00	4.8958262896e+00	6.2508367133e-01
1.3140000000e+02	1.5000000000e+00	-8.1491656406e-01	3.4726857552e+00	7.7154447587e+00	4.8958256160e+00	6.2508343594e-01
1.3160000000e+02	1.5000000000e+00	-8.1491677513e-01	3.4726845826e+00	7.7154447590e+00	4.8958250120e+00	6.2508322487e-01
1.3180000000e+02	1.5000000000e+00	-8.1491696441e-01	3.4726835310e+00	7.7154447592e+00	4.8958244704e+00	6.2508303559e-01
1.3200000000e+02	1.5000000000e+00	-8.1491713414e-01	3.4726825881e+00	7.7154447595e+00	4.8958239847e+00	6.2508286586e-01
1.3220000000e+02	1.5000000000e+00	-8.1491728634e-01	3.4726817426e+00	7.7154447596e+00	4.8958235492e+00	6.2508271366e-01
1.3240000000e+02	1.5000000000e+00	-8.1491742282e-01	3.4726809843e+00	7.7154447598e+00	4.8958231587e+00	6.2508257718e-01
1.3260000000e+02	1.5000000000e+00	-8.1491754520e-01	3.4726803044e+00	7.7154447599e+00	4.8958228085e+00	6.2508245480e-01
1.3280000000e+02	1.5000000000e+00	-8.1491765494e-01	3.4726796948e+00	7.7154447601e+00	4.8958224944e+00	6.2508234506e-01
1.3300000000e+02	1.5000000000e+00	-8.1491775335e-01	3.4726791480e+00	7.7154447602e+00	4.8958222128e+00	6.2508224665e-01
1.3320000000e+02	1.5000000000e+00	-8.1491784160e-01	3.4726786578e+00	7.7154447603e+00	4.8958219603e+00	6.2508215840e-01
1.3340000000e+02	1.5000000000e+00	-8.1491792072e-01	3.4726782182e+00	7.7154447604e+00	4.8958217338e+00	6.2508207928e-01
1.3360000000e+02	1.5000000000e+00	-8.1491799168e-01	3.4726778240e+00	7.7154447604e+00	4.8958215308e+00	6.2508200832e-01
1.3380000000e+02	1.5000000000e+00	-8.1491805531e-01	3.4726774705e+00	7.7154447605e+00	4.8958213487e+00	6.2508194469e-01
1.3400000000e+02	1.5000000000e+00	-8.1491811236e-01	3.4726771535e+00	7.7154447605e+00	4.8958211854e+00	6.2508188764e-01
1.3420000000e+02	1.5000000000e+00	-8.1491816352e-01	3.4726768693e+00	7.7154447606e+00	4.8958210390e+00	6.2508183648e-01
1.3440000000e+02	1.5000000000e+00	-8.1491820940e-01	3.4726766144e+00	7.7154447606e+00	4.8958209077e+00	6.2508179060e-01
1.3460000000e+02	1.5000000000e+00	-8.1491825054e-01	3.4726763859e+00	7.7154447607e+00	4.8958207900e+00	6.2508174946e-01
1.3480000000e+02	1.5000000000e+00	-8.1491828743e-01	3.4726761809e+00	7.7154447607e+00	4.8958206844e+00	6.2508171257e-01
1.3500000000e+02	1.5000000000e+00	-8.1491832051e-01	3.4726759972e+00	7.7154447607e+00	4.8958205898e+00	6.2508167949e-01
1.3520000000e+02	1.5000000000e+00	-8.1491835017e-01	3.4726758324e+00	7.7154447608e+00	4.8958205049e+00	6.2508164983e-01
1.3540000000e+02	1.5000000000e+00	-8.1491837677e-01	3.4726756846e+00	7.7154447608e+00	4.8958204288e+00	6.2508162323e-01
1.3560000000e+02	1.5000000000e+00	-8.1491840062e-01	3.4726755521e+00	7.7154447608e+00	4.8958203605e+00	6.2508159938e-01
1.3580000000e+02	1.5000000000e+00	-8.1491842201e-01	3.4726754333e+00	7.7154447608e+00	4.8958202993e+00	6.2508157799e-01
1.3600000000e+02	1.5000000000e+00	-8.1491844119e-01	3.4726753267e+00	7.7154447608e+00	4.8958202444e+00	6.2508155881e-01
1.3620000000e+02	1.5000000000e+00	-8.1491845838e-01	3.4726752312e+00	7.7154447608e+00	4.8958201952e+00	6.2508154162e-01
1.3640000000e+02	1.5000000000e+00	-8.1491847381e-01	3.4726751455e+00	7.7154447609e+00	4.8958201511e+00	6.2508152619e-01
1.3660000000e+02	1.5000000000e+00	-8.1491848763e-01	3.4726750687e+00	7.7154447609e+00	4.8958201115e+00	6.2508151237e-01
1.3680000000e+02	1.5000000000e+00	-8.1491850003e-01	3.4726749998e+00	7.7154447609e+00	4.8958200760e+00	6.2508149997e-01
1.3700000000e+02	1.5000000000e+00	-8.1491851115e-01	3.4726749380e+00	7.7154447609e+00	4.8958200442e+00	6.2508148885e-01
1.3720000000e+02	1.5000000000e+00	-8.1491852112e-01	3.4726748827e+00	7.7154447609e+00	4.8958200157e+00	6.2508147888e-01
1.3740000000e+02	1.5000000000e+00	-8.1491853006e-01	3.4726748330e+00	7.7154447609e+00	4.8958199901e+00	6.2508146994e-01
1.3760000000e+02	1.5000000000e+00	-8.1491853808e-01	3.4726747884e+00	7.7154447609e+00	4.8958199671e+00	6.2508146192e-01
1.3780000000e+02	1.5000000000e+00	-8.1491854527e-01	3.4726747485e+00	7.7154447609e+00	4.8958199465e+00	6.2508145473e-01
1.3800000000e+02	1.5000000000e+00	-8.1491855171e-01	3.4726747127e+00	7.7154447609e+00	4.8958199281e+00	6.2508144829e-01
1.3820000000e+02	1.5000000000e+00	-8.1491855749e-01	3.4726746806e+00	7.7154447609e+00	4.8958199116e+00	6.2508144251e-01
1.3840000000e+02	1.5000000000e+00	-8.1491856268e-01	3.4726746518e+00	7.7154447609e+00	4.8958198967e+00	6.2508143732e-01
1.3860000000e+02	1.5000000000e+00	-8.1491856733e-01	3.4726746260e+00	7.7154447609e+00	4.8958198834e+00	6.2508143267e-01
1.3880000000e+02	1.5000000000e+00	-8.1491857149e-01	3.4726746028e+00	7.7154447609e+00	4.8958198715e+00	6.2508142851e-01
1.3900000000e+02	1.5000000000e+00	-8.1491857523e-01	3.4726745820e+00	7.7154447609e+00	4.8958198608e+00	6.2508142477e-01
1.3920000000e+02	1.5000000000e+00	-8.1491857858e-01	3.4726745634e+00	7.7154447609e+00	4.8958198512e+00	6.2508142142e-01
1.3940000000e+02	1.5000000000e+00	-8.1491858159e-01	3.4726745467e+00	7.7154447609e+00	4.8958198426e+00	6.2508141841e-01
1.3960000000e+02	1.5000000000e+00	-8.1491858428e-01	3.4726745318e+00	7.7154447609e+00	4.8958198349e+00	6.2508141572e-01
1.3980000000e+02	1.5000000000e+00	-8.1491858670e-01	3.4726745183e+00	7.7154447609e+00	4.8958198280e+00	6.2508141330e-01
1.4000000000e+02	1.5000000000e+00	-8.1491858886e-01	3.4726745063e+00	7.7154447609e+00	4.8958198218e+00	6.2508141114e-01
1.4020000000e+02	1.5000000000e+00	-8.1491859081e-01	3.4726744955e+00	7.7154447609e+00	4.8958198162e+00	6.2508140919e-01
1.4040000000e+02	1.5000000000e+00	-8.1491859255e-01	3.4726744858e+00	7.7154447609e+00	4.8958198112e+00	6.2508140745e-01
1.4060000000e+02	1.5000000000e+00	-8.1491859411e-01	3.4726744772e+00	7.7154447609e+00	4.8958198068e+00	6.2508140589e-01
1.4080000000e+02	1.5000000000e+00	-8.1491859551e-01	3.4726744694e+00	7.7154447609e+00	4.8958198027e+00	6.2508140449e-01
1.4100000000e+02	1.5000000000e+00	-8.1491859677e-01	3.4726744624e+00	7.7154447609e+00	4.8958197992e+00	6.2508140323e-01
1.4120000000e+02	1.5000000000e+00	-8.1491859790e-01	3.4726744561e+00	7.7154447609e+00	4.8958197959e+00	6.2508140210e-01
1.4140000000e+02	1.5000000000e+00	-8.1491859891e-01	3.4726744505e+00	7.7154447609e+00	4.8958197930e+00	6.2508140109e-01
1.4160000000e+02	1.5000000000e+00	-8.1491859981e-01	3.4726744455e+00	7.7154447609e+00	4.8958197904e+00	6.2508140019e-01
1.4180000000e+02	1.5000000000e+00	-8.1491860062e-01	3.4726744410e+00	7.7154447609e+00	4.8958197881e+00	6.2508139938e-01
1.4200000000e+02	1.5000000000e+00	-8.1491860135e-01	3.4726744369e+00	7.7154447609e+00	4.8958197860e+00	6.2508139865e-01
1.4220000000e+02	1.5000000000e+00	-8.1491860200e-01	3.4726744333e+00	7.7154447609e+00	4.8958197842e+00	6.2508139800e-01
1.4240000000e+02	1.5000000000e+00	-8.1491860259e-01	3.4726744301e+00	7.7154447609e+00	4.8958197825e+00	6.2508139741e-01
1.4260000000e+02	1.5000000000e+00	-8.1491860311e-01	3.4726744271e+00	7.7154447609e+00	4.8958197810e+00	6.2508139689e-01
1.4280000000e+02	1.5000000000e+00	-8.1491860359e-01	3.4726744245e+00	7.7154447609e+00	4.8958197796e+00	6.2508139641e-01
1.4300000000e+02	1.5000000000e+00	-8.1491860401e-01	3.4726744222e+00	7.7154447609e+00	4.8958197784e+00	6.2508139599e-01
1.4320000000e+02	1.5000000000e+00	-8.1491860439e-01	3.4726744201e+00	7.7154447609e+00	4.8958197774e+00	6.2508139561e-01
1.4340000000e+02	1.5000000000e+00	-8.1491860473e-01	3.4726744182e+00	7.7154447609e+00	4.8958197764e+00	6.2508139527e-01
1.4360000000e+02	1.5000000000e+00	-8.1491860503e-01	3.4726744165e+00	7.7154447609e+00	4.8958197755e+00	6.2508139497e-01
1.4380000000e+02	1.5000000000e+00	-8.1491860530e-01	3.4726744150e+00	7.7154447609e+00	4.8958197747e+00	6.2508139470e-01
1.4400000000e+02	1.5000000000e+00	-8.1491860555e-01	3.4726744136e+00	7.7154447609e+00	4.8958197740e+00	6.2508139445e-01
1.4420000000e+02	1.5000000000e+00	-8.1491860577e-01	3.4726744124e+00	7.7154447609e+00	4.8958197734e+00	6.2508139423e-01
1.4440000000e+02	1.5000000000e+00	-8.1491860596e-01	3.4726744113e+00	7.7154447609e+00	4.8958197728e+00	6.2508139404e-01
1.4460000000e+02	1.5000000000e+00	-8.1491860614e-01	3.4726744103e+00	7.7154447609e+00	4.8958197723e+00	6.2508139386e-01
1.4480000000e+02	1.5000000000e+00	-8.1491860630e-01	3.4726744095e+00	7.7154447609e+00	4.8958197719e+00	6.2508139370e-01
1.4500000000e+02	1.5000000000e+00	-8.1491860644e-01	3.4726744087e+00	7.7154447609e+00	4.8958197715e+00	6.2508139356e-01
1.4520000000e+02	1.5000000000e+00	-8.1491860657e-01	3.4726744080e+00	7.7154447609e+00	4.8958197711e+00	6.2508139343e-01
1.4540000000e+02	1.5000000000e+00	-8.1491860668e-01	3.4726744073e+00	7.7154447609e+00	4.8958197708e+00	6.2508139332e-01
1.4560000000e+02	1.5000000000e+00	-8.1491860678e-01	3.4726744068e+00	7.7154447609e+00	4.8958197705e+00	6.2508139322e-01
1.4580000000e+02	1.5000000000e+00	-8.1491860688e-01	3.4726744062e+00	7.7154447609e+00	4.8958197702e+00	6.2508139312e-01
1.4600000000e+02	1.5000000000e+00	-8.1491860696e-01	3.4726744058e+00	7.7154447609e+00	4.8958197700e+00	6.2508139304e-01
1.4620000000e+02	1.5000000000e+00	-8.1491860703e-01	3.4726744054e+00	7.7154447609e+00	4.8958197698e+00	6.2508139297e-01
1.4640000000e+02	1.5000000000e+00	-8.1491860710e-01	3.4726744050e+00	7.7154447609e+00	4.8958197696e+00	6.2508139290e-01
1.4660000000e+02	1.5000000000e+00	-8.1491860716e-01	3.4726744047e+00	7.7154447609e+00	4.8958197694e+00	6.2508139284e-01
1.4680000000e+02	1.5000000000e+00	-8.1491860721e-01	3.4726744044e+00	7.7154447609e+00	4.8958197693e+00	6.2508139279e-01
1.4700000000e+02	1.5000000000e+00	-8.1491860726e-01	3.4726744041e+00	7.7154447609e+00	4.8958197691e+00	6.2508139274e-01
1.4720000000e+02	1.5000000000e+00	-8.1491860730e-01	3.4726744039e+00	7.7154447609e+00	4.8958197690e+00	6.2508139270e-01
1.4740000000e+02	1.5000000000e+00	-8.1491860734e-01	3.4726744037e+00	7.7154447609e+00	4.8958197689e+00	6.2508139266e-01
1.4760000000e+02	1.5000000000e+00	-8.1491860737e-01	3.4726744035e+00	7.7154447609e+00	4.8958197688e+00	6.2508139263e-01
1.4780000000e+02	1.5000000000e+00	-8.1491860740e-01	3.4726744033e+00	7.7154447609e+00	4.8958197687e+00	6.2508139260e-01
1.4800000000e+02	1.5000000000e+00	-8.1491860743e-01	3.4726744032e+00	7.7154447609e+00	4.8958197686e+00	6.2508139257e-01
1.4820000000e+02	1.5000000000e+00	-8.1491860746e-01	3.4726744030e+00	7.7154447609e+00	4.8958197686e+00	6.2508139254e-01
1.4840000000e+02	1.5000000000e+00	-8.1491860748e-01	3.4726744029e+00	7.7154447609e+00	4.8958197685e+00	6.2508139252e-01
1.4860000000e+02	1.5000000000e+00	-8.1491860750e-01	3.4726744028e+00	7.7154447609e+00	4.8958197684e+00	6.2508139250e-01
1.4880000000e+02	1.5000000000e+00	-8.1491860752e-01	3.4726744027e+00	7.7154447609e+00	4.8958197684e+00	6.2508139248e-01
1.4900000000e+02	1.5000000000e+00	-8.1491860753e-01	3.4726744026e+00	7.7154447609e+00	4.8958197683e+00	6.2508139247e-01
1.4920000000e+02	1.5000000000e+00	-8.1491860755e-01	3.4726744025e+00	7.7154447609e+00	4.8958197683e+00	6.2508139245e-01
1.4940000000e+02	1.5000000000e+00	-8.1491860756e-01	3.4726744024e+00	7.7154447609e+00	4.8958197683e+00	6.2508139244e-01
1.4960000000e+02	1.5000000000e+00	-8.1491860757e-01	3.4726744024e+00	7.7154447609e+00	4.8958197682e+00	6.2508139243e-01
1.4980000000e+02	1.5000000000e+00	-8.1491860758e-01	3.4726744023e+00	7.7154447609e+00	4.8958197682e+00	6.2508139242e-01
1.5000000000e+02	1.5000000000e+00	-8.1491860759e-01	3.4726744023e+00	7.7154447609e+00	4.8958197682e+00	6.2508139241e-01
1.5020000000e+02	1.5000000000e+00	-8.1491860760e-01	3.4726744022e+00	7.7154447609e+00	4.8958197682e+00	6.2508139240e-01
1.5040000000e+02	1.5000000000e+00	-8.1491860761e-01	3.4726744022e+00	7.7154447609e+00	4.8958197681e+00	6.2508139239e-01
1.5060000000e+02	1.5000000000e+00	-8.1491860761e-01	3.4726744021e+00	7.7154447609e+00	4.8958197681e+00	6.2508139239e-01
1.5080000000e+02	1.5000000000e+00	-8.1491860762e-01	3.4726744021e+00	7.7154447609e+00	4.8958197681e+00	6.2508139238e-01
1.5100000000e+02	1.5000000000e+00	-8.1491860763e-01	3.4726744021e+00	7.7154447609e+00	4.8958197681e+00	6.2508139237e-01
1.5120000000e+02	1.5000000000e+00	-8.1491860763e-01	3.4726744021e+00	7.7154447609e+00	4.8958197681e+00	6.2508139237e-01
1.5140000000e+02	1.5000000000e+00	-8.1491860763e-01	3.4726744020e+00	7.7154447609e+00	4.8958197681e+00	6.2508139237e-01
1.5160000000e+02	1.5000000000e+00	-8.1491860764e-01	3.4726744020e+00	7.7154447609e+00	4.8958197680e+00	6.2508139236e-01
1.5180000000e+02	1.5000000000e+00	-8.1491860764e-01	3.4726744020e+00	7.7154447609e+00	4.8958197680e+00	6.2508139236e-01
1.5200000000e+02	1.5000000000e+00	-8.1491860764e-01	3.4726744020e+00	7.7154447609e+00	4.8958197680e+00	6.2508139236e-01
1.5220000000e+02	1.5000000000e+00	-8.1491860765e-01	3.4726744020e+00	7.7154447609e+00	4.8958197680e+00	6.2508139235e-01
1.5240000000e+02	1.5000000000e+00	-8.1491860765e-01	3.4726744019e+00	7.7154447609e+00	4.8958197680e+00	6.2508139235e-01
1.5260000000e+02	1.5000000000e+00	-8.1491860765e-01	3.4726744019e+00	7.7154447609e+00	4.8958197680e+00	6.2508139235e-01
1.5280000000e+02	1.5000000000e+00	-8.1491860765e-01	3.4726744019e+00	7.7154447609e+00	4.8958197680e+00	6.2508139235e-01
1.5300000000e+02	1.5000000000e+00	-8.1491860766e-01	3.4726744019e+00	7.7154447609e+00	4.8958197680e+00	6.2508139234e-01
1.5320000000e+02	1.5000000000e+00	-8.1491860766e-01	3.4726744019e+00	7.7154447609e+00	4.8958197680e+00	6.2508139234e-01
1.5340000000e+02	1.5000000000e+00	-8.1491860766e-01	3.4726744019e+00	7.7154447609e+00	4.8958197680e+00	6.2508139234e-01
1.5360000000e+02	1.5000000000e+00	-8.1491860766e-01	3.4726744019e+00	7.7154447609e+00	4.8958197680e+00	6.2508139234e-01
1.5380000000e+02	1.5000000000e+00	-8.1491860766e-01	3.4726744019e+00	7.7154447609e+00	4.8958197680e+00	6.2508139234e-01
1.5400000000e+02	1.5000000000e+00	-8.1491860766e-01	3.4726744019e+00	7.7154447609e+00	4.8958197680e+00	6.2508139234e-01
1.5420000000e+02	1.5000000000e+00	-8.1491860766e-01	3.4726744019e+00	7.7154447609e+00	4.8958197680e+00	6.2508139234e-01
1.5440000000e+02	1.5000000000e+00	-8.1491860766e-01	3.4726744019e+00	7.7154447609e+00	4.8958197680e+00	6.2508139234e-01
1.5460000000e+02	1.5000000000e+00	-8.1491860767e-01	3.4726744019e+00	7.7154447609e+00	4.8958197680e+00	6.2508139233e-01
1.5480000000e+02	1.5000000000e+00	-8.1491860767e-01	3.4726744019e+00	7.7154447609e+00	4.8958197680e+00	6.2508139233e-01
1.5500000000e+02	1.5000000000e+00	-8.1491860767e-01	3.4726744019e+00	7.7154447609e+00	4.8958197680e+00	6.2508139233e-01
1.5520000000e+02	1.5000000000e+00	-8.1491860767e-01	3.4726744018e+00	7.7154447609e+00	4.8958197680e+00	6.2508139233e-01
1.5540000000e+02	1.5000000000e+00	-8.1491860767e-01	3.4726744018e+00	7.7154447609e+00	4.8958197680e+00	6.2508139233e-01
1.5560000000e+02	1.5000000000e+00	-8.1491860767e-01	3.4726744018e+00	7.7154447609e+00	4.8958197680e+00	6.2508139233e-01
1.5580000000e+02	1.5000000000e+00	-8.1491860767e-01	3.4726744018e+00	7.7154447609e+00	4.8958197680e+00	6.2508139233e-01
1.5600000000e+02	1.5000000000e+00	-8.1491860767e-01	3.4726744018e+00	7.7154447609e+00	4.8958197680e+00	6.2508139233e-01
1.5620000000e+02	1.5000000000e+00	-8.1491860767e-01	3.4726744018e+00	7.7154447609e+00	4.8958197680e+00	6.2508139233e-01
1.5640000000e+02	1.5000000000e+00	-8.1491860767e-01	3.4726744018e+00	7.7154447609e+00	4.8958197680e+00	6.2508139233e-01
1.5660000000e+02	1.5000000000e+00	-8.1491860767e-01	3.4726744018e+00	7.7154447609e+00	4.8958197680e+00	6.2508139233e-01
1.5680000000e+02	1.5000000000e+00	-8.1491860767e-01	3.4726744018e+00	7.7154447609e+00	4.8958197680e+00	6.2508139233e-01
1.5700000000e+02	1.5000000000e+00	-8.1491860767e-01	3.4726744018e+00	7.7154447609e+00	4.8958197680e+00	6.2508139233e-01
1.5720000000e+02	1.5000000000e+00	-8.1491860767e-01	3.4726744018e+00	7.7154447609e+00	4.8958197679e+00	6.2508139233e-01
1.5740000000e+02	1.5000000000e+00	-8.1491860767e-01	3.4726744018e+00	7.7154447609e+00	4.8958197679e+00	6.2508139233e-01
1.5760000000e+02	1.5000000000e+00	-8.1491860767e-01	3.4726744018e+00	7.7154447609e+00	4.8958197679e+00	6.2508139233e-01
1.5780000000e+02	1.5000000000e+00	-8.1491860767e-01	3.4726744018e+00	7.7154447609e+00	4.8958197679e+00	6.2508139233e-01
1.5800000000e+02	1.5000000000e+00	-8.1491860767e-01	3.4726744018e+00	7.7154447609e+00	4.8958197679e+00	6.2508139233e-01
1.5820000000e+02	1.5000000000e+00	-8.1491860767e-01	3.4726744018e+00	7.7154447609e+00	4.8958197679e+00	6.2508139233e-01
1.5840000000e+02	1.5000000000e+00	-8.1491860767e-01	3.4726744018e+00	7.7154447609e+00	4.8958197679e+00	6.2508139233e-01
1.5860000000e+02	1.5000000000e+00	-8.1491860767e-01	3.4726744018e+00	7.7154447609e+00	4.8958197679e+00	6.2508139233e-01
1.5880000000e+02	1.5000000000e+00	-8.1491860767e-01	3.4726744018e+00	7.7154447609e+00	4.8958197679e+00	6.2508139233e-01
1.5900000000e+02	1.5000000000e+00	-8.1491860767e-01	3.4726744018e+00	7.7154447609e+00	4.8958197679e+00	6.2508139233e-01
1.5920000000e+02	1.5000000000e+00	-8.1491860767e-01	3.4726744018e+00	7.7154447609e+00	4.8958197679e+00	6.2508139233e-01
1.5940000000e+02	1.5000000000e+00	-8.1491860767e-01	3.4726744018e+00	7.7154447609e+00	4.8958197679e+00	6.2508139233e-01
1.5960000000e+02	1.5000000000e+00	-8.1491860767e-01	3.4726744018e+00	7.7154447609e+00	4.8958197679e+00	6.2508139233e-01
1.5980000000e+02	1.5000000000e+00	-8.1491860767e-01	3.4726744018e+00	7.7154447609e+00	4.8958197679e+00	6.2508139233e-01
1.6000000000e+02	1.5000000000e+00	-8.1491860767e-01	3.4726744018e+00	7.7154447609e+00	4.8958197679e+00	6.2508139233e-01
1.6020000000e+02	1.5000000000e+00	-8.1491860767e-01	3.4726744018e+00	7.7154447609e+00	4.8958197679e+00	6.2508139233e-01
1.6040000000e+02	1.5000000000e+00	-8.1491860767e-01	3.4726744018e+00	7.7154447609e+00	4.8958197679e+00	6.2508139233e-01
1.6060000000e+02	1.5000000000e+00	-8.1491860767e-01	3.4726744018e+00	7.7154447609e+00	4.8958197679e+00	6.2508139233e-01
1.6080000000e+02	1.5000000000e+00	-8.1491860767e-01	3.4726744018e+00	7.7154447609e+00	4.8958197679e+00	6.2508139233e-01
1.6100000000e+02	1.5000000000e+00	-8.1491860767e-01	3.4726744018e+00	7.7154447609e+00	4.8958197679e+00	6.2508139233e-01
1.6120000000e+02	1.5000000000e+00	-8.1491860767e-01	3.4726744018e+00	7.7154447609e+00	4.8958197679e+00	6.2508139233e-01
1.6140000000e+02	1.5000000000e+00	-8.1491860767e-01	3.4726744018e+00	7.7154447609e+00	4.8958197679e+00	6.2508139233e-01
1.6160000000e+02	1.5000000000e+00	-8.1491860767e-01	3.4726744018e+00	7.7154447609e+00	4.8958197679e+00	6.2508139233e-01
1.6180000000e+02	1.5000000000e+00	-8.1491860767e-01	3.4726744018e+00	7.7154447609e+00	4.8958197679e+00	6.2508139233e-01
1.6200000000e+02	1.5000000000e+00	-8.1491860767e-01	3.4726744018e+00	7.7154447609e+00	4.8958197679e+00	6.2508139233e-01
1.6220000000e+02	1.5000000000e+00	-8.1491860767e-01	3.4726744018e+00	7.7154447609e+00	4.8958197679e+00	6.2508139233e-01
1.6240000000e+02	1.5000000000e+00	-8.1491860767e-01	3.4726744018e+00	7.7154447609e+00	4.8958197679e+00	6.2508139233e-01
1.6260000000e+02	1.5000000000e+00	-8.1491860767e-01	3.4726744018e+00	7.7154447609e+00	4.8958197679e+00	6.2508139233e-01
1.6280000000e+02	1.5000000000e+00	-8.1491860767e-01	3.4726744018e+00	7.7154447609e+00	4.8958197679e+00	6.2508139233e-01
1.6300000000e+02	1.5000000000e+00	-8.1491860767e-01	3.4726744018e+00	7.7154447609e+00	4.8958197679e+00	6.2508139233e-01
1.6320000000e+02	1.5000000000e+00	-8.1491860767e-01	3.4726744018e+00	7.7154447609e+00	4.8958197679e+00	6.2508139233e-01
1.6340000000e+02	1.5000000000e+00	-8.1491860767e-01	3.4726744018e+00	7.7154447609e+00	4.8958197679e+00	6.2508139233e-01
1.6360000000e+02	1.5000000000e+00	-8.1491860767e-01	3.4726744018e+00	7.7154447609e+00	4.8958197679e+00	6.2508139233e-01
1.6380000000e+02	1.5000000000e+00	-8.1491860767e-01	3.4726744018e+00	7.7154447609e+00	4.8958197679e+00	6.2508139233e-01
1.6400000000e+02	1.5000000000e+00	-8.1491860767e-01	3.4726744018e+00	7.7154447609e+00	4.8958197679e+00	6.2508139233e-01
1.6420000000e+02	1.5000000000e+00	-8.1491860767e-01	3.4726744018e+00	7.7154447609e+00	4.8958197679e+00	6.2508139233e-01
1.6440000000e+02	1.5000000000e+00	-8.1491860767e-01	3.4726744018e+00	7.7154447609e+00	4.8958197679e+00	6.2508139233e-01
1.6460000000e+02	1.5000000000e+00	-8.1491860767e-01	3.4726744018e+00	7.7154447609e+00	4.8958197679e+00	6.2508139233e-01
1.6480000000e+02	1.5000000000e+00	-8.1491860767e-01	3.4726744018e+00	7.7154447609e+00	4.8958197679e+00	6.2508139233e-01
1.6500000000e+02	1.5000000000e+00	-8.1491860767e-01	3.4726744018e+00	7.7154447609e+00	4.8958197679e+00	6.2508139233e-01
1.6520000000e+02	1.5000000000e+00	-8.1491860767e-01	3.4726744018e+00	7.7154447609e+00	4.8958197679e+00	6.2508139233e-01
1.6540000000e+02	1.5000000000e+00	-8.1491860767e-01	3.4726744018e+00	7.7154447609e+00	4.8958197679e+00	6.2508139233e-01
1.6560000000e+02	1.5000000000e+00	-8.1491860767e-01	3.4726744018e+00	7.7154447609e+00	4.8958197679e+00	6.2508139233e-01
1.6580000000e+02	1.5000000000e+00	-8.1491860767e-01	3.4726744018e+00	7.7154447609e+00	4.8958197679e+00	6.2508139233e-01
1.6600000000e+02	1.5000000000e+00	-8.1491860767e-01	3.4726744018e+00	7.7154447609e+00	4.8958197679e+00	6.2508139233e-01
1.6620000000e+02	1.5000000000e+00	-8.1491860767e-01	3.4726744018e+00	7.7154447609e+00	4.8958197679e+00	6.2508139233e-01
1.6640000000e+02	1.5000000000e+00	-8.1491860767e-01	3.4726744018e+00	7.7154447609e+00	4.8958197679e+00	6.2508139233e-01
1.6660000000e+02	1.5000000000e+00	-8.1491860767e-01	3.4726744018e+00	7.7154447609e+00	4.8958197679e+00	6.2508139233e-01
1.6680000000e+02	1.5000000000e+00	-8.1491860767e-01	3.4726744018e+00	7.7154447609e+00	4.8958197679e+00	6.2508139233e-01
1.6700000000e+02	1.5000000000e+00	-8.1491860767e-01	3.4726744018e+00	7.7154447609e+00	4.8958197679e+00	6.2508139233e-01
1.6720000000e+02	1.5000000000e+00	-8.1491860767e-01	3.4726744018e+00	7.7154447609e+00	4.8958197679e+00	6.2508139233e-01
1.6740000000e+02	1.5000000000e+00	-8.1491860767e-01	3.4726744018e+00	7.7154447609e+00	4.8958197679e+00	6.2508139233e-01
1.6760000000e+02	1.5000000000e+00	-8.1491860767e-01	3.4726744018e+00	7.7154447609e+00	4.8958197679e+00	6.2508139233e-01
1.6780000000e+02	1.5000000000e+00	-8.1491860767e-01	3.4726744018e+00	7.7154447609e+00	4.8958197679e+00	6.2508139233e-01
1.6800000000e+02	1.5000000000e+00	-8.1491860767e-01	3.4726744018e+00	7.7154447609e+00	4.8958197679e+00	6.2508139233e-01
1.6820000000e+02	1.5000000000e+00	-8.1491860767e-01	3.4726744018e+00	7.7154447609e+00	4.8958197679e+00	6.2508139233e-01
1.6840000000e+02	1.5000000000e+00	-8.1491860767e-01	3.4726744018e+00	7.7154447609e+00	4.8958197679e+00	6.2508139233e-01
1.6860000000e+02	1.5000000000e+00	-8.1491860767e-01	3.4726744018e+00	7.7154447609e+00	4.8958197679e+00	6.2508139233e-01
1.6880000000e+02	1.5000000000e+00	-8.1491860767e-01	3.4726744018e+00	7.7154447609e+00	4.8958197679e+00	6.2508139233e-01
1.6900000000e+02	1.5000000000e+00	-8.1491860767e-01	3.4726744018e+00	7.7154447609e+00	4.8958197679e+00	6.2508139233e-01
1.6920000000e+02	1.5000000000e+00	-8.1491860767e-01	3.4726744018e+00	7.7154447609e+00	4.8958197679e+00	6.2508139233e-01
1.6940000000e+02	1.5000000000e+00	-8.1491860767e-01	3.4726744018e+00	7.7154447609e+00	4.8958197679e+00	6.2508139233e-01
1.6960000000e+02	1.5000000000e+00	-8.1491860767e-01	3.4726744018e+00	7.7154447609e+00	4.8958197679e+00	6.2508139233e-01
1.6980000000e+02	1.5000000000e+00	-8.1491860767e-01	3.4726744018e+00	7.7154447609e+00	4.8958197679e+00	6.2508139233e-01
1.7000000000e+02	1.5000000000e+00	-8.1491860767e-01	3.4726744018e+00	7.7154447609e+00	4.8958197679e+00	6.2508139233e-01
1.7020000000e+02	1.5000000000e+00	-8.1491860767e-01	3.4726744018e+00	7.7154447609e+00	4.8958197679e+00	6.2508139233e-01
1.7040000000e+02	1.5000000000e+00	-8.1491860767e-01	3.4726744018e+00	7.7154447609e+00	4.8958197679e+00	6.2508139233e-01
1.7060000000e+02	1.5000000000e+00	-8.1491860767e-01	3.4726744018e+00	7.7154447609e+00	4.8958197679e+00	6.2508139233e-01
1.7080000000e+02	1.5000000000e+00	-8.1491860767e-01	3.4726744018e+00	7.7154447609e+00	4.8958197679e+00	6.2508139233e-01
1.7100000000e+02	1.5000000000e+00	-8.1491860767e-01	3.4726744018e+00	7.7154447609e+00	4.8958197679e+00	6.2508139233e-01
1.7120000000e+02	1.5000000000e+00	-8.1491860767e-01	3.4726744018e+00	7.7154447609e+00	4.8958197679e+00	6.2508139233e-01
1.7140000000e+02	1.5000000000e+00	-8.1491860767e-01	3.4726744018e+00	7.7154447609e+00	4.8958197679e+00	6.2508139233e-01
1.7160000000e+02	1.5000000000e+00	-8.1491860767e-01	3.4726744018e+00	7.7154447609e+00	4.8958197679e+00	6.2508139233e-01
1.7180000000e+02	1.5000000000e+00	-8.1491860767e-01	3.4726744018e+00	7.7154447609e+00	4.8958197679e+00	6.2508139233e-01
1.7200000000e+02	1.5000000000e+00	-8.1491860767e-01	3.4726744018e+00	7.7154447609e+00	4.8958197679e+00	6.2508139233e-01
1.7220000000e+02	1.5000000000e+00	-8.1491860767e-01	3.4726744018e+00	7.7154447609e+00	4.8958197679e+00	6.2508139233e-01
1.7240000000e+02	1.5000000000e+00	-8.1491860767e-01	3.4726744018e+00	7.7154447609e+00	4.8958197679e+00	6.2508139233e-01
1.7260000000e+02	1.5000000000e+00	-8.1491860767e-01	3.4726744018e+00	7.7154447609e+00	4.8958197679e+00	6.2508139233e-01
1.7280000000e+02	1.5000000000e+00	-8.1491860767e-01	3.4726744018e+00	7.7154447609e+00	4.8958197679e+00	6.2508139233e-01
1.7300000000e+02	1.5000000000e+00	-8.1491860767e-01	3.4726744018e+00	7.7154447609e+00	4.8958197679e+00	6.2508139233e-01
1.7320000000e+02	1.5000000000e+00	-8.1491860767e-01	3.4726744018e+00	7.7154447609e+00	4.8958197679e+00	6.2508139233e-01
1.7340000000e+02	1.5000000000e+00	-8.1491860767e-01	3.4726744018e+00	7.7154447609e+00	4.8958197679e+00	6.2508139233e-01
1.7360000000e+02	1.5000000000e+00	-8.1491860767e-01	3.4726744018e+00	7.7154447609e+00	4.8958197679e+00	6.2508139233e-01
1.7380000000e+02	1.5000000000e+00	-8.1491860767e-01	3.4726744018e+00	7.7154447609e+00	4.8958197679e+00	6.2508139233e-01
1.7400000000e+02	1.5000000000e+00	-8.1491860767e-01	3.4726744018e+00	7.7154447609e+00	4.8958197679e+00	6.2508139233e-01
1.7420000000e+02	1.5000000000e+00	-8.1491860767e-01	3.4726744018e+00	7.7154447609e+00	4.8958197679e+00	6.2508139233e-01
1.7440000000e+02	1.5000000000e+00	-8.1491860767e-01	3.4726744018e+00	7.7154447609e+00	4.8958197679e+00	6.2508139233e-01
1.7460000000e+02	1.5000000000e+00	-8.1491860767e-01	3.4726744018e+00	7.7154447609e+00	4.8958197679e+00	6.2508139233e-01
1.7480000000e+02	1.5000000000e+00	-8.1491860767e-01	3.4726744018e+00	7.7154447609e+00	4.8958197679e+00	6.2508139233e-01
1.7500000000e+02	1.5000000000e+00	-8.1491860767e-01	3.4726744018e+00	7.7154447609e+00	4.8958197679e+00	6.2508139233e-01
1.7520000000e+02	1.5000000000e+00	-8.1491860767e-01	3.4726744018e+00	7.7154447609e+00	4.8958197679e+00	6.2508139233e-01
1.7540000000e+02	1.5000000000e+00	-8.1491860767e-01	3.4726744018e+00	7.7154447609e+00	4.8958197679e+00	6.2508139233e-01
1.7560000000e+02	1.5000000000e+00	-8.1491860767e-01	3.4726744018e+00	7.7154447609e+00	4.8958197679e+00	6.2508139233e-01
1.7580000000e+02	1.5000000000e+00	-8.1491860767e-01	3.4726744018e+00	7.7154447609e+00	4.8958197679e+00	6.2508139233e-01
1.7600000000e+02	1.5000000000e+00	-8.1491860767e-01	3.4726744018e+00	7.7154447609e+00	4.8958197679e+00	6.2508139233e-01
1.7620000000e+02	1.5000000000e+00	-8.1491860767e-01	3.4726744018e+00	7.7154447609e+00	4.8958197679e+00	6.2508139233e-01
1.7640000000e+02	1.5000000000e+00	-8.1491860767e-01	3.4726744018e+00	7.7154447609e+00	4.8958197679e+00	6.2508139233e-01
1.7660000000e+02	1.5000000000e+00	-8.1491860767e-01	3.4726744018e+00	7.7154447609e+00	4.8958197679e+00	6.2508139233e-01
1.7680000000e+02	1.5000000000e+00	-8.1491860767e-01	3.4726744018e+00	7.7154447609e+00	4.8958197679e+00	6.2508139233e-01
1.7700000000e+02	1.5000000000e+00	-8.1491860767e-01	3.4726744018e+00	7.7154447609e+00	4.8958197679e+00	6.2508139233e-01
1.7720000000e+02	1.5000000000e+00	-8.1491860767e-01	3.4726744018e+00	7.7154447609e+00	4.8958197679e+00	6.2508139233e-01
1.7740000000e+02	1.5000000000e+00	-8.1491860767e-01	3.4726744018e+00	7.7154447609e+00	4.8958197679e+00	6.2508139233e-01
1.7760000000e+02	1.5000000000e+00	-8.1491860767e-01	3.4726744018e+00	7.7154447609e+00	4.8958197679e+00	6.2508139233e-01
1.7780000000e+02	1.5000000000e+00	-8.1491860767e-01	3.4726744018e+00	7.7154447609e+00	4.8958197679e+00	6.2508139233e-01
1.7800000000e+02	1.5000000000e+00	-8.1491860767e-01	3.4726744018e+00	7.7154447609e+00	4.8958197679e+00	6.2508139233e-01
1.7820000000e+02	1.5000000000e+00	-8.1491860767e-01	3.4726744018e+00	7.7154447609e+00	4.8958197679e+00	6.2508139233e-01
1.7840000000e+02	1.5000000000e+00	-8.1491860767e-01	3.4726744018e+00	7.7154447609e+00	4.8958197679e+00	6.2508139233e-01
1.7860000000e+02	1.5000000000e+00	-8.1491860767e-01	3.4726744018e+00	7.7154447609e+00	4.8958197679e+00	6.2508139233e-01
1.7880000000e+02	1.5000000000e+00	-8.1491860767e-01	3.4726744018e+00	7.7154447609e+00	4.8958197679e+00	6.2508139233e-01
1.7900000000e+02	1.5000000000e+00	-8.1491860767e-01	3.4726744018e+00	7.7154447609e+00	4.8958197679e+00	6.2508139233e-01
1.7920000000e+02	1.5000000000e+00	-8.1491860767e-01	3.4726744018e+00	7.7154447609e+00	4.8958197679e+00	6.2508139233e-01
1.7940000000e+02	1.5000000000e+00	-8.1491860767e-01	3.4726744018e+00	7.7154447609e+00	4.8958197679e+00	6.2508139233e-01
1.7960000000e+02	1.5000000000e+00	-8.1491860767e-01	3.4726744018e+00	7.7154447609e+00	4.8958197679e+00	6.2508139233e-01
1.7980000000e+02	1.5000000000e+00	-8.1491860767e-01	3.4726744018e+00	7.7154447609e+00	4.8958197679e+00	6.2508139233e-01
1.8000000000e+02	1.5000000000e+00	-8.1491860767e-01	3.4726744018e+00	7.7154447609e+00	4.8958197679e+00	6.2508139233e-01
1.8020000000e+02	1.5000000000e+00	-8.1491860767e-01	3.4726744018e+00	7.7154447609e+00	4.8958197679e+00	6.2508139233e-01
1.8040000000e+02	1.5000000000e+00	-8.1491860767e-01	3.4726744018e+00	7.7154447609e+00	4.8958197679e+00	6.2508139233e-01
1.8060000000e+02	1.5000000000e+00	-8.1491860767e-01	3.4726744018e+00	7.7154447609e+00	4.8958197679e+00	6.2508139233e-01
1.8080000000e+02	1.5000000000e+00	-8.1491860767e-01	3.4726744018e+00	7.7154447609e+00	4.8958197679e+00	6.2508139233e-01
1.8100000000e+02	1.5000000000e+00	-8.1491860767e-01	3.4726744018e+00	7.7154447609e+00	4.8958197679e+00	6.2508139233e-01
1.8120000000e+02	1.5000000000e+00	-8.1491860767e-01	3.4726744018e+00	7.7154447609e+00	4.8958197679e+00	6.2508139233e-01
1.8140000000e+02	1.5000000000e+00	-8.1491860767e-01	3.4726744018e+00	7.7154447609e+00	4.8958197679e+00	6.2508139233e-01
1.8160000000e+02	1.5000000000e+00	-8.1491860767e-01	3.4726744018e+00	7.7154447609e+00	4.8958197679e+00	6.2508139233e-01
1.8180000000e+02	1.5000000000e+00	-8.1491860767e-01	3.4726744018e+00	7.7154447609e+00	4.8958197679e+00	6.2508139233e-01
1.8200000000e+02	1.5000000000e+00	-8.1491860767e-01	3.4726744018e+00	7.7154447609e+00	4.8958197679e+00	6.2508139233e-01
1.8220000000e+02	1.5000000000e+00	-8.1491860767e-01	3.4726744018e+00	7.7154447609e+00	4.8958197679e+00	6.2508139233e-01
1.8240000000e+02	1.5000000000e+00	-8.1491860767e-01	3.4726744018e+00	7.7154447609e+00	4.8958197679e+00	6.2508139233e-01
1.8260000000e+02	1.5000000000e+00	-8.1491860767e-01	3.4726744018e+00	7.7154447609e+00	4.8958197679e+00	6.2508139233e-01
1.8280000000e+02	1.5000000000e+00	-8.1491860767e-01	3.4726744018e+00	7.7154447609e+00	4.8958197679e+00	6.2508139233e-01
1.8300000000e+02	1.5000000000e+00	-8.1491860767e-01	3.4726744018e+00	7.7154447609e+00	4.8958197679e+00	6.2508139233e-01
1.8320000000e+02	1.5000000000e+00	-8.1491860767e-01	3.4726744018e+00	7.7154447609e+00	4.8958197679e+00	6.2508139233e-01
1.8340000000e+02	1.5000000000e+00	-8.1491860767e-01	3.4726744018e+00	7.7154447609e+00	4.8958197679e+00	6.2508139233e-01
1.8360000000e+02	1.5000000000e+00	-8.1491860767e-01	3.4726744018e+00	7.7154447609e+00	4.8958197679e+00	6.2508139233e-01
1.8380000000e+02	1.5000000000e+00	-8.1491860767e-01	3.4726744018e+00	7.7154447609e+00	4.8958197679e+00	6.2508139233e-01
1.8400000000e+02	1.5000000000e+00	-8.1491860767e-01	3.4726744018e+00	7.7154447609e+00	4.8958197679e+00	6.2508139233e-01
1.8420000000e+02	1.5000000000e+00	-8.1491860767e-01	3.4726744018e+00	7.7154447609e+00	4.8958197679e+00	6.2508139233e-01
1.8440000000e+02	1.5000000000e+00	-8.1491860767e-01	3.4726744018e+00	7.7154447609e+00	4.8958197679e+00	6.2508139233e-01
1.8460000000e+02	1.5000000000e+00	-8.1491860767e-01	3.4726744018e+00	7.7154447609e+00	4.8958197679e+00	6.2508139233e-01
1.8480000000e+02	1.5000000000e+00	-8.1491860767e-01	3.4726744018e+00	7.7154447609e+00	4.8958197679e+00	6.2508139233e-01
1.8500000000e+02	1.5000000000e+00	-8.1491860767e-01	3.4726744018e+00	7.7154447609e+00	4.8958197679e+00	6.2508139233e-01
1.8520000000e+02	1.5000000000e+00	-8.1491860767e-01	3.4726744018e+00	7.7154447609e+00	4.8958197679e+00	6.2508139233e-01
1.8540000000e+02	1.5000000000e+00	-8.1491860767e-01	3.4726744018e+00	7.7154447609e+00	4.8958197679e+00	6.2508139233e-01
1.8560000000e+02	1.5000000000e+00	-8.1491860767e-01	3.4726744018e+00	7.7154447609e+00	4.8958197679e+00	6.2508139233e-01
1.8580000000e+02	1.5000000000e+00	-8.1491860767e-01	3.4726744018e+00	7.7154447609e+00	4.8958197679e+00	6.2508139233e-01
1.8600000000e+02	1.5000000000e+00	-8.1491860767e-01	3.4726744018e+00	7.7154447609e+00	4.8958197679e+00	6.2508139233e-01
1.8620000000e+02	1.5000000000e+00	-8.1491860767e-01	3.4726744018e+00	7.7154447609e+00	4.8958197679e+00	6.2508139233e-01
1.8640000000e+02	1.5000000000e+00	-8.1491860767e-01	3.4726744018e+00	7.7154447609e+00	4.8958197679e+00	6.2508139233e-01
1.8660000000e+02	1.5000000000e+00	-8.1491860767e-01	3.4726744018e+00	7.7154447609e+00	4.8958197679e+00	6.2508139233e-01
1.8680000000e+02	1.5000000000e+00	-8.1491860767e-01	3.4726744018e+00	7.7154447609e+00	4.8958197679e+00	6.2508139233e-01
1.8700000000e+02	1.5000000000e+00	-8.1491860767e-01	3.4726744018e+00	7.7154447609e+00	4.8958197679e+00	6.2508139233e-01
1.8720000000e+02	1.5000000000e+00	-8.1491860767e-01	3.4726744018e+00	7.7154447609e+00	4.8958197679e+00	6.2508139233e-01
1.8740000000e+02	1.5000000000e+00	-8.1491860767e-01	3.4726744018e+00	7.7154447609e+00	4.8958197679e+00	6.2508139233e-01
1.8760000000e+02	1.5000000000e+00	-8.1491860767e-01	3.4726744018e+00	7.7154447609e+00	4.8958197679e+00	6.2508139233e-01
1.8780000000e+02	1.5000000000e+00	-8.1491860767e-01	3.4726744018e+00	7.7154447609e+00	4.8958197679e+00	6.2508139233e-01
1.8800000000e+02	1.5000000000e+00	-8.1491860767e-01	3.4726744018e+00	7.7154447609e+00	4.8958197679e+00	6.2508139233e-01
1.8820000000e+02	1.5000000000e+00	-8.1491860767e-01	3.4726744018e+00	7.7154447609e+00	4.8958197679e+00	6.2508139233e-01
1.8840000000e+02	1.5000000000e+00	-8.1491860767e-01	3.4726744018e+00	7.7154447609e+00	4.8958197679e+00	6.2508139233e-01
1.8860000000e+02	1.5000000000e+00	-8.1491860767e-01	3.4726744018e+00	7.7154447609e+00	4.8958197679e+00	6.2508139233e-01
1.8880000000e+02	1.5000000000e+00	-8.1491860767e-01	3.4726744018e+00	7.7154447609e+00	4.8958197679e+00	6.2508139233e-01
1.8900000000e+02	1.5000000000e+00	-8.1491860767e-01	3.4726744018e+00	7.7154447609e+00	4.8958197679e+00	6.2508139233e-01
1.8920000000e+02	1.5000000000e+00	-8.1491860767e-01	3.4726744018e+00	7.7154447609e+00	4.8958197679e+00	6.2508139233e-01
1.8940000000e+02	1.5000000000e+00	-8.1491860767e-01	3.4726744018e+00	7.7154447609e+00	4.8958197679e+00	6.2508139233e-01
1.8960000000e+02	1.5000000000e+00	-8.1491860767e-01	3.4726744018e+00	7.7154447609e+00	4.8958197679e+00	6.2508139233e-01
1.8980000000e+02	1.5000000000e+00	-8.1491860767e-01	3.4726744018e+00	7.7154447609e+00	4.8958197679e+00	6.2508139233e-01
1.9000000000e+02	1.5000000000e+00	-8.1491860767e-01	3.4726744018e+00	7.7154447609e+00	4.8958197679e+00	6.2508139233e-01
1.9020000000e+02	1.5000000000e+00	-8.1491860767e-01	3.4726744018e+00	7.7154447609e+00	4.8958197679e+00	6.2508139233e-01
1.9040000000e+02	1.5000000000e+00	-8.1491860767e-01	3.4726744018e+00	7.7154447609e+00	4.8958197679e+00	6.2508139233e-01
1.9060000000e+02	1.5000000000e+00	-8.1491860767e-01	3.4726744018e+00	7.7154447609e+00	4.8958197679e+00	6.2508139233e-01
1.9080000000e+02	1.5000000000e+00	-8.1491860767e-01	3.4726744018e+00	7.7154447609e+00	4.8958197679e+00	6.2508139233e-01
1.9100000000e+02	1.5000000000e+00	-8.1491860767e-01	3.4726744018e+00	7.7154447609e+00	4.8958197679e+00	6.2508139233e-01
1.9120000000e+02	1.5000000000e+00	-8.1491860767e-01	3.4726744018e+00	7.7154447609e+00	4.8958197679e+00	6.2508139233e-01
1.9140000000e+02	1.5000000000e+00	-8.1491860767e-01	3.4726744018e+00	7.7154447609e+00	4.8958197679e+00	6.2508139233e-01
1.9160000000e+02	1.5000000000e+00	-8.1491860767e-01	3.4726744018e+00	7.7154447609e+00	4.8958197679e+00	6.2508139233e-01
1.9180000000e+02	1.5000000000e+00	-8.1491860767e-01	3.4726744018e+00	7.7154447609e+00	4.8958197679e+00	6.2508139233e-01
1.9200000000e+02	1.5000000000e+00	-8.1491860767e-01	3.4726744018e+00	7.7154447609e+00	4.8958197679e+00	6.2508139233e-01
1.9220000000e+02	1.5000000000e+00	-8.1491860767e-01	3.4726744018e+00	7.7154447609e+00	4.8958197679e+00	6.2508139233e-01
1.9240000000e+02	1.5000000000e+00	-8.1491860767e-01	3.4726744018e+00	7.7154447609e+00	4.8958197679e+00	6.2508139233e-01
1.9260000000e+02	1.5000000000e+00	-8.1491860767e-01	3.4726744018e+00	7.7154447609e+00	4.8958197679e+00	6.2508139233e-01
1.9280000000e+02	1.5000000000e+00	-8.1491860767e-01	3.4726744018e+00	7.7154447609e+00	4.8958197679e+00	6.2508139233e-01
1.9300000000e+02	1.5000000000e+00	-8.1491860767e-01	3.4726744018e+00	7.7154447609e+00	4.8958197679e+00	6.2508139233e-01
1.9320000000e+02	1.5000000000e+00	-8.1491860767e-01	3.4726744018e+00	7.7154447609e+00	4.8958197679e+00	6.2508139233e-01
1.9340000000e+02	1.5000000000e+00	-8.1491860767e-01	3.4726744018e+00	7.7154447609e+00	4.8958197679e+00	6.2508139233e-01
1.9360000000e+02	1.5000000000e+00	-8.1491860767e-01	3.4726744018e+00	7.7154447609e+00	4.8958197679e+00	6.2508139233e-01
1.9380000000e+02	1.5000000000e+00	-8.1491860767e-01	3.4726744018e+00	7.7154447609e+00	4.8958197679e+00	6.2508139233e-01
1.9400000000e+02	1.5000000000e+00	-8.1491860767e-01	3.4726744018e+00	7.7154447609e+00	4.8958197679e+00	6.2508139233e-01
1.9420000000e+02	1.5000000000e+00	-8.1491860767e-01	3.4726744018e+00	7.7154447609e+00	4.8958197679e+00	6.2508139233e-01
1.9440000000e+02	1.5000000000e+00	-8.1491860767e-01	3.4726744018e+00	7.7154447609e+00	4.8958197679e+00	6.2508139233e-01
1.9460000000e+02	1.5000000000e+00	-8.1491860767e-01	3.4726744018e+00	7.7154447609e+00	4.8958197679e+00	6.2508139233e-01
1.9480000000e+02	1.5000000000e+00	-8.1491860767e-01	3.4726744018e+00	7.7154447609e+00	4.8958197679e+00	6.2508139233e-01
1.9500000000e+02	1.5000000000e+00	-8.1491860767e-01	3.4726744018e+00	7.7154447609e+00	4.8958197679e+00	6.2508139233e-01
1.9520000000e+02	1.5000000000e+00	-8.1491860767e-01	3.4726744018e+00	7.7154447609e+00	4.8958197679e+00	6.2508139233e-01
1.9540000000e+02	1.5000000000e+00	-8.1491860767e-01	3.4726744018e+00	7.7154447609e+00	4.8958197679e+00	6.2508139233e-01
1.9560000000e+02	1.5000000000e+00	-8.1491860767e-01	3.4726744018e+00	7.7154447609e+00	4.8958197679e+00	6.2508139233e-01
1.9580000000e+02	1.5000000000e+00	-8.1491860767e-01	3.4726744018e+00	7.7154447609e+00	4.8958197679e+00	6.2508139233e-01
1.9600000000e+02	1.5000000000e+00	-8.1491860767e-01	3.4726744018e+00	7.7154447609e+00	4.8958197679e+00	6.2508139233e-01
1.9620000000e+02	1.5000000000e+00	-8.1491860767e-01	3.4726744018e+00	7.7154447609e+00	4.8958197679e+00	6.2508139233e-01
1.9640000000e+02	1.5000000000e+00	-8.1491860767e-01	3.4726744018e+00	7.7154447609e+00	4.8958197679e+00	6.2508139233e-01
1.9660000000e+02	1.5000000000e+00	-8.1491860767e-01	3.4726744018e+00	7.7154447609e+00	4.8958197679e+00	6.2508139233e-01
1.9680000000e+02	1.5000000000e+00	-8.1491860767e-01	3.4726744018e+00	7.7154447609e+00	4.8958197679e+00	6.2508139233e-01
1.9700000000e+02	1.5000000000e+00	-8.1491860767e-01	3.4726744018e+00	7.7154447609e+00	4.8958197679e+00	6.2508139233e-01
1.9720000000e+02	1.5000000000e+00	-8.1491860767e-01	3.4726744018e+00	7.7154447609e+00	4.8958197679e+00	6.2508139233e-01
1.9740000000e+02	1.5000000000e+00	-8.1491860767e-01	3.4726744018e+00	7.7154447609e+00	4.8958197679e+00	6.2508139233e-01
1.9760000000e+02	1.5000000000e+00	-8.1491860767e-01	3.4726744018e+00	7.7154447609e+00	4.8958197679e+00	6.2508139233e-01
1.9780000000e+02	1.5000000000e+00	-8.1491860767e-01	3.4726744018e+00	7.7154447609e+00	4.8958197679e+00	6.2508139233e-01
1.9800000000e+02	1.5000000000e+00	-8.1491860767e-01	3.4726744018e+00	7.7154447609e+00	4.8958197679e+00	6.2508139233e-01
1.9820000000e+02	1.5000000000e+00	-8.1491860767e-01	3.4726744018e+00	7.7154447609e+00	4.8958197679e+00	6.2508139233e-01
1.9840000000e+02	1.5000000000e+00	-8.1491860767e-01	3.4726744018e+00	7.7154447609e+00	4.8958197679e+00	6.2508139233e-01
1.9860000000e+02	1.5000000000e+00	-8.1491860767e-01	3.4726744018e+00	7.7154447609e+00	4.8958197679e+00	6.2508139233e-01
1.9880000000e+02	1.5000000000e+00	-8.1491860767e-01	3.4726744018e+00	7.7154447609e+00	4.8958197679e+00	6.2508139233e-01
1.9900000000e+02	1.5000000000e+00	-8.1491860767e-01	3.4726744018e+00	7.7154447609e+00	4.8958197679e+00	6.2508139233e-01
1.9920000000e+02	1.5000000000e+00	-8.1491860767e-01	3.4726744018e+00	7.7154447609e+00	4.8958197679e+00	6.2508139233e-01
1.9940000000e+02	1.5000000000e+00	-8.1491860767e-01	3.4726744018e+00	7.7154447609e+00	4.8958197679e+00	6.2508139233e-01
1.9960000000e+02	1.5000000000e+00	-8.1491860767e-01	3.4726744018e+00	7.7154447609e+00	4.8958197679e+00	6.2508139233e-01
1.9980000000e+02	1.5000000000e+00	-8.1491860767e-01	3.4726744018e+00	7.7154447609e+00	4.8958197679e+00	6.2508139233e-01
2.0000000000e+02	-1.5000000000e+00	-8.1491860767e-01	3.4726744018e+00	7.7154447609e+00	4.8958197679e+00	6.2508139233e-01
2.0020000000e+02	-1.5000000000e+00	-8.0726797131e-01	3.5151779372e+00	7.0375248474e+00	4.4854676237e+00	6.3273202869e-01
2.0040000000e+02	-1.5000000000e+00	-7.8645071134e-01	3.6308293815e+00	6.4442274267e+00	4.1553186390e+00	6.5354928866e-01
2.0060000000e+02	-1.5000000000e+00	-7.5501588148e-01	3.8054673251e+00	5.9249893538e+00	3.8838136751e+00	6.8498411852e-01
2.0080000000e+02	-1.5000000000e+00	-7.1484150579e-01	4.0286583012e+00	5.4705660461e+00	3.6557124675e+00	7.2515849421e-01
2.0100000000e+02	-1.5000000000e+00	-6.6733744056e-01	4.2925697746e+00	5.0728668917e+00	3.4605313679e+00	7.7266255944e-01
2.0120000000e+02	-1.5000000000e+00	-6.1359263395e-01	4.5911520336e+00	4.7248112027e+00	3.2911282354e+00	8.2640736605e-01
2.0140000000e+02	-1.5000000000e+00	-5.5447632282e-01	4.9195759843e+00	4.4202021501e+00	3.1426087947e+00	8.8552367718e-01
2.0160000000e+02	-1.5000000000e+00	-4.9070520878e-01	5.2738599512e+00	4.1536164346e+00	3.0115497843e+00	9.4929479122e-01
2.0180000000e+02	-1.5000000000e+00	-4.2288710432e-01	5.6506271982e+00	3.9203077291e+00	2.8954746984e+00	1.0171128957e+00
2.0200000000e+02	-1.5000000000e+00	-3.5154897591e-01	6.0469501338e+00	3.7161221750e+00	2.7925120834e+00	1.0884510241e+00
2.0220000000e+02	-1.5000000000e+00	-2.7715494587e-01	6.4602503007e+00	3.5374244258e+00	2.7011786175e+00	1.1628450541e+00
2.0240000000e+02	-1.5000000000e+00	-2.0011798410e-01	6.8882334217e+00	3.3810329236e+00	2.6202444152e+00	1.2398820159e+00
2.0260000000e+02	-1.5000000000e+00	-1.2080771374e-01	7.3288460348e+00	3.2441632535e+00	2.5486510237e+00	1.3191922863e+00
2.0280000000e+02	-1.5000000000e+00	-3.9555866103e-02	7.7802451883e+00	3.1243785701e+00	2.4854623651e+00	1.4004441339e+00
2.0300000000e+02	-1.5000000000e+00	4.3339666451e-02	8.2407759247e+00	3.0195462111e+00	2.4298357764e+00	1.4833396665e+00
2.0320000000e+02	-1.5000000000e+00	1.2761160785e-01	8.7089533769e+00	2.9277997276e+00	2.3810049803e+00	1.5676116079e+00
2.0340000000e+02	-1.5000000000e+00	2.1302057141e-01	9.1834476190e+00	2.8475056530e+00	2.3382699057e+00	1.6530205714e+00
2.0360000000e+02	-1.5000000000e+00	2.9935263982e-01	9.6630702212e+00	2.7772344213e+00	2.3009902817e+00	1.7393526398e+00
2.0380000000e+02	-1.5000000000e+00	3.8641715031e-01	1.0146761946e+01	2.7157349143e+00	2.2685811911e+00	1.8264171503e+00
2.0400000000e+02	-1.5000000000e+00	4.7404463360e-01	1.0633581298e+01	2.6619121865e+00	2.2405095575e+00	1.9140446336e+00
2.0420000000e+02	-1.5000000000e+00	5.6208488335e-01	1.1122693796e+01	2.6148079712e+00	2.2162910186e+00	2.0020848833e+00
2.0440000000e+02	-1.5000000000e+00	6.5040514652e-01	1.1613361925e+01	2.5735836188e+00	2.1954869175e+00	2.0904051465e+00
2.0460000000e+02	-1.5000000000e+00	7.3888843245e-01	1.2104935736e+01	2.5375051655e+00	2.1777013049e+00	2.1788884324e+00
2.0480000000e+02	-1.5000000000e+00	8.2743193963e-01	1.2596844109e+01	2.5059302657e+00	2.1625779292e+00	2.2674319396e+00
2.0500000000e+02	-1.5000000000e+00	9.1594560006e-01	1.3088586667e+01	2.4782967559e+00	2.1497972336e+00	2.3559456001e+00
2.0520000000e+02	-1.5000000000e+00	1.0043507394e+00	1.3579726330e+01	2.4541126454e+00	2.1390733959e+00	2.4443507394e+00
2.0540000000e+02	-1.5000000000e+00	1.0925788499e+00	1.4069882500e+01	2.4329473571e+00	2.1301514459e+00	2.5325788499e+00
2.0560000000e+02	-1.5000000000e+00	1.1805704727e+00	1.4558724849e+01	2.4144240616e+00	2.1228044974e+00	2.6205704727e+00
2.0580000000e+02	-1.5000000000e+00	1.2682741831e+00	1.5045967684e+01	2.3982129675e+00	2.1168311167e+00	2.7082741831e+00
2.0600000000e+02	-1.5000000000e+00	1.3556456739e+00	1.5531364855e+01	2.3840254505e+00	2.1120528494e+00	2.7956456739e+00
2.0620000000e+02	-1.5000000000e+00	1.4426469301e+00	1.6014705167e+01	2.3716089142e+00	2.1083119141e+00	2.8826469301e+00
2.0640000000e+02	-1.5000000000e+00	1.5292454882e+00	1.6495808268e+01	2.3607422928e+00	2.1054690700e+00	2.9692454882e+00
2.0660000000e+02	-1.5000000000e+00	1.6154137728e+00	1.6974520960e+01	2.3512321158e+00	2.1034016572e+00	3.0554137728e+00
2.0680000000e+02	-1.5000000000e+00	1.7011285055e+00	1.7450713919e+01	2.3429090626e+00	2.1020018062e+00	3.1411285055e+00
2.0700000000e+02	-1.5000000000e+00	1.7863701774e+00	1.7924278763e+01	2.3356249485e+00	2.1011748109e+00	3.2263701774e+00
2.0720000000e+02	-1.5000000000e+00	1.8711225817e+00	1.8395125454e+01	2.3292500861e+00	2.1008376558e+00	3.3111225817e+00
2.0740000000e+02	-1.5000000000e+00	1.9553723980e+00	1.8863179989e+01	2.3236709767e+00	2.1009176881e+00	3.3953723980e+00
2.0760000000e+02	-1.5000000000e+00	2.0391088251e+00	1.9328382362e+01	2.3187882890e+00	2.1013514249e+00	3.4791088251e+00
2.0780000000e+02	-1.5000000000e+00	2.1223232566e+00	1.9790684759e+01	2.3145150910e+00	2.1020834840e+00	3.5623232566e+00
2.0800000000e+02	-1.5000000000e+00	2.2050089942e+00	2.0250049968e+01	2.3107753021e+00	2.1030656291e+00	3.6450089942e+00
2.0820000000e+02	-1.5000000000e+00	2.2871609954e+00	2.0706449975e+01	2.3075023387e+00	2.1042559183e+00	3.7271609954e+00
2.0840000000e+02	-1.5000000000e+00	2.3687756519e+00	2.1159864733e+01	2.3046379284e+00	2.1056179466e+00	3.8087756519e+00
2.0860000000e+02	-1.5000000000e+00	2.4498505943e+00	2.1610281079e+01	2.3021310730e+00	2.1071201737e+00	3.8898505943e+00
2.0880000000e+02	-1.5000000000e+00	2.5303845208e+00	2.2057691782e+01	2.2999371399e+00	2.1087353272e+00	3.9703845208e+00
2.0900000000e+02	-1.5000000000e+00	2.6103770479e+00	2.2502094710e+01	2.2980170683e+00	2.1104398758e+00	4.0503770479e+00
2.0920000000e+02	-1.5000000000e+00	2.6898285787e+00	2.2943492104e+01	2.2963366728e+00	2.1122135626e+00	4.1298285787e+00
2.0940000000e+02	-1.5000000000e+00	2.7687401884e+00	2.3381889935e+01	2.2948660356e+00	2.1140389938e+00	4.2087401884e+00
2.0960000000e+02	-1.5000000000e+00	2.8471135241e+00	2.3817297356e+01	2.2935789731e+00	2.1159012757e+00	4.2871135241e+00
2.0980000000e+02	-1.5000000000e+00	2.9249507176e+00	2.4249726209e+01	2.2924525703e+00	2.1177876955e+00	4.3649507176e+00
2.1000000000e+02	-1.5000000000e+00	3.0022543094e+00	2.4679190608e+01	2.2914667727e+00	2.1196874405e+00	4.4422543094e+00
2.1020000000e+02	-1.5000000000e+00	3.0790271823e+00	2.5105706568e+01	2.2906040289e+00	2.1215913508e+00	4.5190271823e+00
2.1040000000e+02	-1.5000000000e+00	3.1552725043e+00	2.5529291690e+01	2.2898489785e+00	2.1234917032e+00	4.5952725043e+00
2.1060000000e+02	-1.5000000000e+00	3.2309936787e+00	2.5949964882e+01	2.2891881786e+00	2.1253820208e+00	4.6709936787e+00
2.1080000000e+02	-1.5000000000e+00	3.3061943013e+00	2.6367746118e+01	2.2886098641e+00	2.1272569068e+00	4.7461943013e+00
2.1100000000e+02	-1.5000000000e+00	3.3808781225e+00	2.6782656236e+01	2.2881037387e+00	2.1291118986e+00	4.8208781225e+00
2.1120000000e+02	-1.5000000000e+00	3.4550490158e+00	2.7194716755e+01	2.2876607913e+00	2.1309433406e+00	4.8950490158e+00
2.1140000000e+02	-1.5000000000e+00	3.5287109501e+00	2.7603949723e+01	2.2872731355e+00	2.1327482727e+00	4.9687109501e+00
2.1160000000e+02	-1.5000000000e+00	3.6018679653e+00	2.8010377585e+01	2.2869338695e+00	2.1345243330e+00	5.0418679653e+00
2.1180000000e+02	-1.5000000000e+00	3.6745241530e+00	2.8414023072e+01	2.2866369530e+00	2.1362696735e+00	5.1145241530e+00
2.1200000000e+02	-1.5000000000e+00	3.7466836381e+00	2.8814909100e+01	2.2863770995e+00	2.1379828861e+00	5.1866836381e+00
2.1220000000e+02	-1.5000000000e+00	3.8183505647e+00	2.9213058693e+01	2.2861496827e+00	2.1396629379e+00	5.2583505647e+00
2.1240000000e+02	-1.5000000000e+00	3.8895290832e+00	2.9608494907e+01	2.2859506536e+00	2.1413091159e+00	5.3295290832e+00
2.1260000000e+02	-1.5000000000e+00	3.9602233397e+00	3.0001240776e+01	2.2857764687e+00	2.1429209785e+00	5.4002233397e+00
2.1280000000e+02	-1.5000000000e+00	4.0304374673e+00	3.0391319263e+01	2.2856240266e+00	2.1444983128e+00	5.4704374673e+00
2.1300000000e+02	-1.5000000000e+00	4.1001755783e+00	3.0778753213e+01	2.2854906134e+00	2.1460410988e+00	5.5401755783e+00
2.1320000000e+02	-1.5000000000e+00	4.1694417581e+00	3.1163565323e+01	2.2853738537e+00	2.1475494774e+00	5.6094417581e+00
2.1340000000e+02	-1.5000000000e+00	4.2382400602e+00	3.1545778112e+01	2.2852716688e+00	2.1490237236e+00	5.6782400602e+00
2.1360000000e+02	-1.5000000000e+00	4.3065745020e+00	3.1925413900e+01	2.2851822392e+00	2.1504642225e+00	5.7465745020e+00
2.1380000000e+02	-1.5000000000e+00	4.3744490612e+00	3.2302494785e+01	2.2851039729e+00	2.1518714493e+00	5.8144490612e+00
2.1400000000e+02	-1.5000000000e+00	4.4418676735e+00	3.2677042631e+01	2.2850354763e+00	2.1532459520e+00	5.8818676735e+00
2.1420000000e+02	-1.5000000000e+00	4.5088342301e+00	3.3049079056e+01	2.2849755299e+00	2.1545883362e+00	5.9488342301e+00
2.1440000000e+02	-1.5000000000e+00	4.5753525766e+00	3.3418625425e+01	2.2849230664e+00	2.1558992525e+00	6.0153525766e+00
2.1460000000e+02	-1.5000000000e+00	4.6414265113e+00	3.3785702840e+01	2.2848771517e+00	2.1571793858e+00	6.0814265113e+00
2.1480000000e+02	-1.5000000000e+00	4.7070597849e+00	3.4150332138e+01	2.2848369684e+00	2.1584294455e+00	6.1470597849e+00
2.1500000000e+02	-1.5000000000e+00	4.7722560999e+00	3.4512533888e+01	2.2848018011e+00	2.1596501582e+00	6.2122560999e+00
2.1520000000e+02	-1.5000000000e+00	4.8370191102e+00	3.4872328390e+01	2.2847710236e+00	2.1608422605e+00	6.2770191102e+00
2.1540000000e+02	-1.5000000000e+00	4.9013524216e+00	3.5229735676e+01	2.2847440879e+00	2.1620064941e+00	6.3413524216e+00
2.1560000000e+02	-1.5000000000e+00	4.9652595914e+00	3.5584775508e+01	2.2847205145e+00	2.1631436003e+00	6.4052595914e+00
2.1580000000e+02	-1.5000000000e+00	5.0287441292e+00	3.5937467385e+01	2.2846998837e+00	2.1642543168e+00	6.4687441292e+00
2.1600000000e+02	-1.5000000000e+00	5.0918094973e+00	3.6287830540e+01	2.2846818282e+00	2.1653393742e+00	6.5318094973e+00
2.1620000000e+02	-1.5000000000e+00	5.1544591111e+00	3.6635883950e+01	2.2846660265e+00	2.1663994933e+00	6.5944591111e+00
2.1640000000e+02	-1.5000000000e+00	5.2166963399e+00	3.6981646333e+01	2.2846521973e+00	2.1674353831e+00	6.6566963399e+00
2.1660000000e+02	-1.5000000000e+00	5.2785245079e+00	3.7325136155e+01	2.2846400943e+00	2.1684477391e+00	6.7185245079e+00
2.1680000000e+02	-1.5000000000e+00	5.3399468944e+00	3.7666371636e+01	2.2846295021e+00	2.1694372419e+00	6.7799468944e+00
2.1700000000e+02	-1.5000000000e+00	5.4009667351e+00	3.8005370751e+01	2.2846202321e+00	2.1704045561e+00	6.8409667351e+00
2.1720000000e+02	-1.5000000000e+00	5.4615872227e+00	3.8342151237e+01	2.2846121192e+00	2.1713503298e+00	6.9015872227e+00
2.1740000000e+02	-1.5000000000e+00	5.5218115080e+00	3.8676730600e+01	2.2846050191e+00	2.1722751939e+00	6.9618115080e+00
2.1760000000e+02	-1.5000000000e+00	5.5816427004e+00	3.9009126113e+01	2.2845988052e+00	2.1731797616e+00	7.0216427004e+00
2.1780000000e+02	-1.5000000000e+00	5.6410838692e+00	3.9339354829e+01	2.2845933670e+00	2.1740646286e+00	7.0810838692e+00
2.1800000000e+02	-1.5000000000e+00	5.7001380442e+00	3.9667433579e+01	2.2845886076e+00	2.1749303728e+00	7.1401380442e+00
2.1820000000e+02	-1.5000000000e+00	5.7588082166e+00	3.9993378981e+01	2.2845844423e+00	2.1757775543e+00	7.1988082166e+00
2.1840000000e+02	-1.5000000000e+00	5.8170973400e+00	4.0317207444e+01	2.2845807970e+00	2.1766067157e+00	7.2570973400e+00
2.1860000000e+02	-1.5000000000e+00	5.8750083312e+00	4.0638935173e+01	2.2845776067e+00	2.1774183825e+00	7.3150083312e+00
2.1880000000e+02	-1.5000000000e+00	5.9325440708e+00	4.0958578171e+01	2.2845748146e+00	2.1782130628e+00	7.3725440708e+00
2.1900000000e+02	-1.5000000000e+00	5.9897074045e+00	4.1276152247e+01	2.2845723710e+00	2.1789912483e+00	7.4297074045e+00
2.1920000000e+02	-1.5000000000e+00	6.0465011435e+00	4.1591673019e+01	2.2845702325e+00	2.1797534143e+00	7.4865011435e+00
2.1940000000e+02	-1.5000000000e+00	6.1029280653e+00	4.1905155919e+01	2.2845683609e+00	2.1805000203e+00	7.5429280653e+00
2.1960000000e+02	-1.5000000000e+00	6.1589909148e+00	4.2216616193e+01	2.2845667230e+00	2.1812315101e+00	7.5989909148e+00
2.1980000000e+02	-1.5000000000e+00	6.2146924046e+00	4.2526068914e+01	2.2845652895e+00	2.1819483127e+00	7.6546924046e+00
2.2000000000e+02	-1.5000000000e+00	6.2700352160e+00	4.2833528978e+01	2.2845640349e+00	2.1826508424e+00	7.7100352160e+00
2.2020000000e+02	-1.5000000000e+00	6.3250219999e+00	4.3139011110e+01	2.2845629370e+00	2.1833394994e+00	7.7650219999e+00
2.2040000000e+02	-1.5000000000e+00	6.3796553767e+00	4.3442529871e+01	2.2845619761e+00	2.1840146701e+00	7.8196553767e+00
2.2060000000e+02	-1.5000000000e+00	6.4339379381e+00	4.3744099656e+01	2.2845611351e+00	2.1846767281e+00	7.8739379381e+00
2.2080000000e+02	-1.5000000000e+00	6.4878722466e+00	4.4043734703e+01	2.2845603991e+00	2.1853260336e+00	7.9278722466e+00
2.2100000000e+02	-1.5000000000e+00	6.5414608370e+00	4.4341449094e+01	2.2845597550e+00	2.1859629351e+00	7.9814608370e+00
2.2120000000e+02	-1.5000000000e+00	6.5947062164e+00	4.4637256758e+01	2.2845591913e+00	2.1865877689e+00	8.0347062164e+00
2.2140000000e+02	-1.5000000000e+00	6.6476108654e+00	4.4931171474e+01	2.2845586980e+00	2.1872008598e+00	8.0876108654e+00
2.2160000000e+02	-1.5000000000e+00	6.7001772378e+00	4.5223206877e+01	2.2845582662e+00	2.1878025218e+00	8.1401772378e+00
2.2180000000e+02	-1.5000000000e+00	6.7524077622e+00	4.5513376456e+01	2.2845578883e+00	2.1883930582e+00	8.1924077622e+00
2.2200000000e+02	-1.5000000000e+00	6.8043048414e+00	4.5801693563e+01	2.2845575576e+00	2.1889727619e+00	8.2443048414e+00
2.2220000000e+02	-1.5000000000e+00	6.8558708539e+00	4.6088171411e+01	2.2845572682e+00	2.1895419162e+00	8.2958708539e+00
2.2240000000e+02	-1.5000000000e+00	6.9071081539e+00	4.6372823077e+01	2.2845570149e+00	2.1901007947e+00	8.3471081539e+00
2.2260000000e+02	-1.5000000000e+00	6.9580190717e+00	4.6655661510e+01	2.2845567932e+00	2.1906496621e+00	8.3980190717e+00
2.2280000000e+02	-1.5000000000e+00	7.0086059146e+00	4.6936699525e+01	2.2845565992e+00	2.1911887742e+00	8.4486059146e+00
2.2300000000e+02	-1.5000000000e+00	7.0588709667e+00	4.7215949815e+01	2.2845564295e+00	2.1917183785e+00	8.4988709667e+00
2.2320000000e+02	-1.5000000000e+00	7.1088164900e+00	4.7493424944e+01	2.2845562809e+00	2.1922387141e+00	8.5488164900e+00
2.2340000000e+02	-1.5000000000e+00	7.1584447244e+00	4.7769137358e+01	2.2845561508e+00	2.1927500126e+00	8.5984447244e+00
2.2360000000e+02	-1.5000000000e+00	7.2077578883e+00	4.8043099379e+01	2.2845560370e+00	2.1932524980e+00	8.6477578883e+00
2.2380000000e+02	-1.5000000000e+00	7.2567581788e+00	4.8315323216e+01	2.2845559374e+00	2.1937463871e+00	8.6967581788e+00
2.2400000000e+02	-1.5000000000e+00	7.3054477723e+00	4.8585820957e+01	2.2845558502e+00	2.1942318896e+00	8.7454477723e+00
2.2420000000e+02	-1.5000000000e+00	7.3538288248e+00	4.8854604582e+01	2.2845557739e+00	2.1947092087e+00	8.7938288248e+00
2.2440000000e+02	-1.5000000000e+00	7.4019034720e+00	4.9121685956e+01	2.2845557072e+00	2.1951785411e+00	8.8419034720e+00
2.2460000000e+02	-1.5000000000e+00	7.4496738303e+00	4.9387076835e+01	2.2845556487e+00	2.1956400774e+00	8.8896738303e+00
2.2480000000e+02	-1.5000000000e+00	7.4971419962e+00	4.9650788868e+01	2.2845555976e+00	2.1960940020e+00	8.9371419962e+00
2.2500000000e+02	-1.5000000000e+00	7.5443100476e+00	4.9912833598e+01	2.2845555528e+00	2.1965404940e+00	8.9843100476e+00
2.2520000000e+02	-1.5000000000e+00	7.5911800433e+00	5.0173222463e+01	2.2845555137e+00	2.1969797265e+00	9.0311800433e+00
2.2540000000e+02	-1.5000000000e+00	7.6377540239e+00	5.0431966799e+01	2.2845554794e+00	2.1974118676e+00	9.0777540239e+00
2.2560000000e+02	-1.5000000000e+00	7.6840340117e+00	5.0689077843e+01	2.2845554494e+00	2.1978370803e+00	9.1240340117e+00
2.2580000000e+02	-1.5000000000e+00	7.7300220112e+00	5.0944566729e+01	2.2845554231e+00	2.1982555225e+00	9.1700220112e+00
2.2600000000e+02	-1.5000000000e+00	7.7757200093e+00	5.1198444496e+01	2.2845554002e+00	2.1986673475e+00	9.2157200093e+00
2.2620000000e+02	-1.5000000000e+00	7.8211299757e+00	5.1450722087e+01	2.2845553801e+00	2.1990727040e+00	9.2611299757e+00
2.2640000000e+02	-1.5000000000e+00	7.8662538630e+00	5.1701410350e+01	2.2845553625e+00	2.1994717363e+00	9.3062538630e+00
2.2660000000e+02	-1.5000000000e+00	7.9110936069e+00	5.1950520038e+01	2.2845553471e+00	2.1998645843e+00	9.3510936069e+00
2.2680000000e+02	-1.5000000000e+00	7.9556511266e+00	5.2198061815e+01	2.2845553336e+00	2.2002513841e+00	9.3956511266e+00
2.2700000000e+02	-1.5000000000e+00	7.9999283253e+00	5.2444046252e+01	2.2845553218e+00	2.2006322676e+00	9.4399283253e+00
2.2720000000e+02	-1.5000000000e+00	8.0439270898e+00	5.2688483832e+01	2.2845553115e+00	2.2010073631e+00	9.4839270898e+00
2.2740000000e+02	-1.5000000000e+00	8.0876492912e+00	5.2931384951e+01	2.2845553024e+00	2.2013767951e+00	9.5276492912e+00
2.2760000000e+02	-1.5000000000e+00	8.1310967850e+00	5.3172759917e+01	2.2845552945e+00	2.2017406846e+00	9.5710967850e+00
2.2780000000e+02	-1.5000000000e+00	8.1742714113e+00	5.3412618952e+01	2.2845552876e+00	2.2020991492e+00	9.6142714113e+00
2.2800000000e+02	-1.5000000000e+00	8.2171749951e+00	5.3650972195e+01	2.2845552815e+00	2.2024523032e+00	9.6571749951e+00
2.2820000000e+02	-1.5000000000e+00	8.2598093464e+00	5.3887829702e+01	2.2845552762e+00	2.2028002577e+00	9.6998093464e+00
2.2840000000e+02	-1.5000000000e+00	8.3021762604e+00	5.4123201446e+01	2.2845552716e+00	2.2031431207e+00	9.7421762604e+00
2.2860000000e+02	-1.5000000000e+00	8.3442775177e+00	5.4357097321e+01	2.2845552675e+00	2.2034809973e+00	9.7842775177e+00
2.2880000000e+02	-1.5000000000e+00	8.3861148847e+00	5.4589527137e+01	2.2845552640e+00	2.2038139898e+00	9.8261148847e+00
2.2900000000e+02	-1.5000000000e+00	8.4276901135e+00	5.4820500631e+01	2.2845552609e+00	2.2041421974e+00	9.8676901135e+00
2.2920000000e+02	-1.5000000000e+00	8.4690049422e+00	5.5050027457e+01	2.2845552581e+00	2.2044657171e+00	9.9090049422e+00
2.2940000000e+02	-1.5000000000e+00	8.5100610951e+00	5.5278117195e+01	2.2845552558e+00	2.2047846429e+00	9.9500610951e+00
2.2960000000e+02	-1.5000000000e+00	8.5508602827e+00	5.5504779349e+01	2.2845552537e+00	2.2050990666e+00	9.9908602827e+00
2.2980000000e+02	-1.5000000000e+00	8.5914042024e+00	5.5730023346e+01	2.2845552519e+00	2.2054090773e+00	1.0031404202e+01
2.3000000000e+02	-1.5000000000e+00	8.6316945378e+00	5.5953858543e+01	2.2845552503e+00	2.2057147621e+00	1.0071694538e+01
2.3020000000e+02	-1.5000000000e+00	8.6717329598e+00	5.6176294221e+01	2.2845552489e+00	2.2060162054e+00	1.0111732960e+01
2.3040000000e+02	-1.5000000000e+00	8.7115211259e+00	5.6397339588e+01	2.2845552476e+00	2.2063134899e+00	1.0151521126e+01
2.3060000000e+02	-1.5000000000e+00	8.7510606811e+00	5.6617003784e+01	2.2845552466e+00	2.2066066958e+00	1.0191060681e+01
2.3080000000e+02	-1.5000000000e+00	8.7903532576e+00	5.6835295876e+01	2.2845552456e+00	2.2068959015e+00	1.0230353258e+01
2.3100000000e+02	-1.5000000000e+00	8.8294004750e+00	5.7052224861e+01	2.2845552448e+00	2.2071811831e+00	1.0269400475e+01
2.3120000000e+02	-1.5000000000e+00	8.8682039404e+00	5.7267799669e+01	2.2845552441e+00	2.2074626152e+00	1.0308203940e+01
2.3140000000e+02	-1.5000000000e+00	8.9067652490e+00	5.7482029161e+01	2.2845552435e+00	2.2077402701e+00	1.0346765249e+01
2.3160000000e+02	-1.5000000000e+00	8.9450859836e+00	5.7694922131e+01	2.2845552429e+00	2.2080142186e+00	1.0385085984e+01
2.3180000000e+02	-1.5000000000e+00	8.9831677151e+00	5.7906487306e+01	2.2845552424e+00	2.2082845297e+00	1.0423167715e+01
2.3200000000e+02	-1.5000000000e+00	9.0210120026e+00	5.8116733348e+01	2.2845552420e+00	2.2085512706e+00	1.0461012003e+01
2.3220000000e+02	-1.5000000000e+00	9.0586203935e+00	5.8325668853e+01	2.2845552416e+00	2.2088145069e+00	1.0498620393e+01
2.3240000000e+02	-1.5000000000e+00	9.0959944234e+00	5.8533302352e+01	2.2845552413e+00	2.2090743027e+00	1.0535994423e+01
2.3260000000e+02	-1.5000000000e+00	9.1331356168e+00	5.8739642316e+01	2.2845552410e+00	2.2093307203e+00	1.0573135617e+01
2.3280000000e+02	-1.5000000000e+00	9.1700454866e+00	5.8944697148e+01	2.2845552408e+00	2.2095838209e+00	1.0610045487e+01
2.3300000000e+02	-1.5000000000e+00	9.2067255346e+00	5.9148475192e+01	2.2845552406e+00	2.2098336638e+00	1.0646725535e+01
2.3320000000e+02	-1.5000000000e+00	9.2431772514e+00	5.9350984730e+01	2.2845552404e+00	2.2100803073e+00	1.0683177251e+01
2.3340000000e+02	-1.5000000000e+00	9.2794021169e+00	5.9552233983e+01	2.2845552402e+00	2.2103238081e+00	1.0719402117e+01
2.3360000000e+02	-1.5000000000e+00	9.3154015997e+00	5.9752231109e+01	2.2845552401e+00	2.2105642215e+00	1.0755401600e+01
2.3380000000e+02	-1.5000000000e+00	9.3511771580e+00	5.9950984211e+01	2.2845552400e+00	2.2108016017e+00	1.0791177158e+01
2.3400000000e+02	-1.5000000000e+00	9.3867302392e+00	6.0148501329e+01	2.2845552398e+00	2.2110360015e+00	1.0826730239e+01
2.3420000000e+02	-1.5000000000e+00	9.4220622802e+00	6.0344790446e+01	2.2845552397e+00	2.2112674727e+00	1.0862062280e+01
2.3440000000e+02	-1.5000000000e+00	9.4571747075e+00	6.0539859486e+01	2.2845552397e+00	2.2114960656e+00	1.0897174708e+01
2.3460000000e+02	-1.5000000000e+00	9.4920689373e+00	6.0733716318e+01	2.2845552396e+00	2.2117218296e+00	1.0932068937e+01
2.3480000000e+02	-1.5000000000e+00	9.5267463755e+00	6.0926368753e+01	2.2845552395e+00	2.2119448129e+00	1.0966746376e+01
2.3500000000e+02	-1.5000000000e+00	9.5612084179e+00	6.1117824544e+01	2.2845552395e+00	2.2121650626e+00	1.1001208418e+01
2.3520000000e+02	-1.5000000000e+00	9.5954564503e+00	6.1308091390e+01	2.2845552394e+00	2.2123826248e+00	1.1035456450e+01
2.3540000000e+02	-1.5000000000e+00	9.6294918485e+00	6.1497176936e+01	2.2845552394e+00	2.2125975446e+00	1.1069491848e+01
2.3560000000e+02	-1.5000000000e+00	9.6633159786e+00	6.1685088770e+01	2.2845552393e+00	2.2128098659e+00	1.1103315979e+01
2.3580000000e+02	-1.5000000000e+00	9.6969301969e+00	6.1871834427e+01	2.2845552393e+00	2.2130196318e+00	1.1136930197e+01
2.3600000000e+02	-1.5000000000e+00	9.7303358500e+00	6.2057421389e+01	2.2845552393e+00	2.2132268845e+00	1.1170335850e+01
2.3620000000e+02	-1.5000000000e+00	9.7635342751e+00	6.2241857084e+01	2.2845552392e+00	2.2134316652e+00	1.1203534275e+01
2.3640000000e+02	-1.5000000000e+00	9.7965267998e+00	6.2425148888e+01	2.2845552392e+00	2.2136340142e+00	1.1236526800e+01
2.3660000000e+02	-1.5000000000e+00	9.8293147424e+00	6.2607304124e+01	2.2845552392e+00	2.2138339711e+00	1.1269314742e+01
2.3680000000e+02	-1.5000000000e+00	9.8618994118e+00	6.2788330065e+01	2.2845552392e+00	2.2140315743e+00	1.1301899412e+01
2.3700000000e+02	-1.5000000000e+00	9.8942821078e+00	6.2968233932e+01	2.2845552392e+00	2.2142268617e+00	1.1334282108e+01
2.3720000000e+02	-1.5000000000e+00	9.9264641211e+00	6.3147022895e+01	2.2845552392e+00	2.2144198703e+00	1.1366464121e+01
2.3740000000e+02	-1.5000000000e+00	9.9584467334e+00	6.3324704074e+01	2.2845552391e+00	2.2146106364e+00	1.1398446733e+01
2.3760000000e+02	-1.5000000000e+00	9.9902312173e+00	6.3501284540e+01	2.2845552391e+00	2.2147991953e+00	1.1430231217e+01
2.3780000000e+02	-1.5000000000e+00	1.0021818837e+01	6.3676771314e+01	2.2845552391e+00	2.2149855817e+00	1.1461818837e+01
2.3800000000e+02	-1.5000000000e+00	1.0053210846e+01	6.3851171368e+01	2.2845552391e+00	2.2151698298e+00	1.1493210846e+01
2.3820000000e+02	-1.5000000000e+00	1.0084408493e+01	6.4024491626e+01	2.2845552391e+00	2.2153519728e+00	1.1524408493e+01
2.3840000000e+02	-1.5000000000e+00	1.0115413013e+01	6.4196738963e+01	2.2845552391e+00	2.2155320433e+00	1.1555413013e+01
2.3860000000e+02	-1.5000000000e+00	1.0146225638e+01	6.4367920209e+01	2.2845552391e+00	2.2157100732e+00	1.1586225638e+01
2.3880000000e+02	-1.5000000000e+00	1.0176847586e+01	6.4538042144e+01	2.2845552391e+00	2.2158860939e+00	1.1616847586e+01
2.3900000000e+02	-1.5000000000e+00	1.0207280070e+01	6.4707111503e+01	2.2845552391e+00	2.2160601360e+00	1.1647280070e+01
2.3920000000e+02	-1.5000000000e+00	1.0237524295e+01	6.4875134973e+01	2.2845552391e+00	2.2162322296e+00	1.1677524295e+01
2.3940000000e+02	-1.5000000000e+00	1.0267581456e+01	6.5042119198e+01	2.2845552391e+00	2.2164024042e+00	1.1707581456e+01
2.3960000000e+02	-1.5000000000e+00	1.0297452739e+01	6.5208070772e+01	2.2845552391e+00	2.2165706886e+00	1.1737452739e+01
2.3980000000e+02	-1.5000000000e+00	1.0327139325e+01	6.5372996249e+01	2.2845552391e+00	2.2167371112e+00	1.1767139325e+01
2.4000000000e+02	-1.5000000000e+00	1.0356642384e+01	6.5536902134e+01	2.2845552391e+00	2.2169016996e+00	1.1796642384e+01
2.4020000000e+02	-1.5000000000e+00	1.0385963080e+01	6.5699794890e+01	2.2845552391e+00	2.2170644810e+00	1.1825963080e+01
2.4040000000e+02	-1.5000000000e+00	1.0415102568e+01	6.5861680935e+01	2.2845552391e+00	2.2172254822e+00	1.1855102568e+01
2.4060000000e+02	-1.5000000000e+00	1.0444061996e+01	6.6022566644e+01	2.2845552391e+00	2.2173847293e+00	1.1884061996e+01
2.4080000000e+02	-1.5000000000e+00	1.0472842503e+01	6.6182458347e+01	2.2845552391e+00	2.2175422479e+00	1.1912842503e+01
2.4100000000e+02	-1.5000000000e+00	1.0501445220e+01	6.6341362334e+01	2.2845552391e+00	2.2176980632e+00	1.1941445220e+01
2.4120000000e+02	-1.5000000000e+00	1.0529871273e+01	6.6499284849e+01	2.2845552391e+00	2.2178521999e+00	1.1969871273e+01
2.4140000000e+02	-1.5000000000e+00	1.0558121777e+01	6.6656232096e+01	2.2845552391e+00	2.2180046822e+00	1.1998121777e+01
2.4160000000e+02	-1.5000000000e+00	1.0586197843e+01	6.6812210238e+01	2.2845552391e+00	2.2181555338e+00	1.2026197843e+01
2.4180000000e+02	-1.5000000000e+00	1.0614100571e+01	6.6967225393e+01	2.2845552391e+00	2.2183047780e+00	1.2054100571e+01
2.4200000000e+02	-1.5000000000e+00	1.0641831055e+01	6.7121283641e+01	2.2845552391e+00	2.2184524378e+00	1.2081831055e+01
2.4220000000e+02	-1.5000000000e+00	1.0669390384e+01	6.7274391020e+01	2.2845552391e+00	2.2185985354e+00	1.2109390384e+01
2.4240000000e+02	-1.5000000000e+00	1.0696779635e+01	6.7426553527e+01	2.2845552391e+00	2.2187430931e+00	1.2136779635e+01
2.4260000000e+02	-1.5000000000e+00	1.0723999882e+01	6.7577777120e+01	2.2845552391e+00	2.2188861322e+00	1.2163999882e+01
2.4280000000e+02	-1.5000000000e+00	1.0751052189e+01	6.7728067715e+01	2.2845552391e+00	2.2190276742e+00	1.2191052189e+01
2.4300000000e+02	-1.5000000000e+00	1.0777937614e+01	6.7877431190e+01	2.2845552391e+00	2.2191677398e+00	1.2217937614e+01
2.4320000000e+02	-1.5000000000e+00	1.0804657209e+01	6.8025873384e+01	2.2845552391e+00	2.2193063495e+00	1.2244657209e+01
2.4340000000e+02	-1.5000000000e+00	1.0831212017e+01	6.8173400096e+01	2.2845552391e+00	2.2194435233e+00	1.2271212017e+01
2.4360000000e+02	-1.5000000000e+00	1.0857603076e+01	6.8320017087e+01	2.2845552391e+00	2.2195792810e+00	1.2297603076e+01
2.4380000000e+02	-1.5000000000e+00	1.0883831414e+01	6.8465730080e+01	2.2845552391e+00	2.2197136420e+00	1.2323831414e+01
2.4400000000e+02	-1.5000000000e+00	1.0909898056e+01	6.8610544758e+01	2.2845552391e+00	2.2198466252e+00	1.2349898056e+01
2.4420000000e+02	-1.5000000000e+00	1.0935804018e+01	6.8754466769e+01	2.2845552391e+00	2.2199782493e+00	1.2375804018e+01
2.4440000000e+02	-1.5000000000e+00	1.0961550310e+01	6.8897501721e+01	2.2845552391e+00	2.2201085327e+00	1.2401550310e+01
2.4460000000e+02	-1.5000000000e+00	1.0987137934e+01	6.9039655186e+01	2.2845552391e+00	2.2202374933e+00	1.2427137934e+01
2.4480000000e+02	-1.5000000000e+00	1.1012567886e+01	6.9180932700e+01	2.2845552391e+00	2.2203651490e+00	1.2452567886e+01
2.4500000000e+02	-1.5000000000e+00	1.1037841157e+01	6.9321339761e+01	2.2845552391e+00	2.2204915171e+00	1.2477841157e+01
2.4520000000e+02	-1.5000000000e+00	1.1062958730e+01	6.9460881831e+01	2.2845552391e+00	2.2206166147e+00	1.2502958730e+01
2.4540000000e+02	-1.5000000000e+00	1.1087921580e+01	6.9599564336e+01	2.2845552391e+00	2.2207404586e+00	1.2527921580e+01
2.4560000000e+02	-1.5000000000e+00	1.1112730680e+01	6.9737392666e+01	2.2845552391e+00	2.2208630653e+00	1.2552730680e+01
2.4580000000e+02	-1.5000000000e+00	1.1137386992e+01	6.9874372177e+01	2.2845552391e+00	2.2209844510e+00	1.2577386992e+01
2.4600000000e+02	-1.5000000000e+00	1.1161891474e+01	7.0010508187e+01	2.2845552391e+00	2.2211046317e+00	1.2601891474e+01
2.4620000000e+02	-1.5000000000e+00	1.1186245077e+01	7.0145805981e+01	2.2845552391e+00	2.2212236231e+00	1.2626245077e+01
2.4640000000e+02	-1.5000000000e+00	1.1210448746e+01	7.0280270810e+01	2.2845552391e+00	2.2213414405e+00	1.2650448746e+01
2.4660000000e+02	-1.5000000000e+00	1.1234503420e+01	7.0413907888e+01	2.2845552391e+00	2.2214580991e+00	1.2674503420e+01
2.4680000000e+02	-1.5000000000e+00	1.1258410031e+01	7.0546722397e+01	2.2845552391e+00	2.2215736139e+00	1.2698410031e+01
2.4700000000e+02	-1.5000000000e+00	1.1282169507e+01	7.0678719484e+01	2.2845552391e+00	2.2216879994e+00	1.2722169507e+01
2.4720000000e+02	-1.5000000000e+00	1.1305782767e+01	7.0809904263e+01	2.2845552391e+00	2.2218012700e+00	1.2745782767e+01
2.4740000000e+02	-1.5000000000e+00	1.1329250726e+01	7.0940281813e+01	2.2845552391e+00	2.2219134400e+00	1.2769250726e+01
2.4760000000e+02	-1.5000000000e+00	1.1352574293e+01	7.1069857182e+01	2.2845552391e+00	2.2220245232e+00	1.2792574293e+01
2.4780000000e+02	-1.5000000000e+00	1.1375754369e+01	7.1198635383e+01	2.2845552391e+00	2.2221345333e+00	1.2815754369e+01
2.4800000000e+02	-1.5000000000e+00	1.1398791852e+01	7.1326621399e+01	2.2845552391e+00	2.2222434839e+00	1.2838791852e+01
2.4820000000e+02	-1.5000000000e+00	1.1421687632e+01	7.1453820177e+01	2.2845552391e+00	2.2223513882e+00	1.2861687632e+01
2.4840000000e+02	-1.5000000000e+00	1.1444442594e+01	7.1580236635e+01	2.2845552391e+00	2.2224582591e+00	1.2884442594e+01
2.4860000000e+02	-1.5000000000e+00	1.1467057618e+01	7.1705875657e+01	2.2845552391e+00	2.2225641096e+00	1.2907057618e+01
2.4880000000e+02	-1.5000000000e+00	1.1489533577e+01	7.1830742095e+01	2.2845552391e+00	2.2226689523e+00	1.2929533577e+01
2.4900000000e+02	-1.5000000000e+00	1.1511871339e+01	7.1954840772e+01	2.2845552391e+00	2.2227727995e+00	1.2951871339e+01
2.4920000000e+02	-1.5000000000e+00	1.1534071766e+01	7.2078176478e+01	2.2845552391e+00	2.2228756636e+00	1.2974071766e+01
2.4940000000e+02	-1.5000000000e+00	1.1556135715e+01	7.2200753970e+01	2.2845552391e+00	2.2229775564e+00	1.2996135715e+01
2.4960000000e+02	-1.5000000000e+00	1.1578064036e+01	7.2322577979e+01	2.2845552391e+00	2.2230784900e+00	1.3018064036e+01
2.4980000000e+02	-1.5000000000e+00	1.1599857576e+01	7.2443653199e+01	2.2845552391e+00	2.2231784758e+00	1.3039857576e+01
2.5000000000e+02	-1.5000000000e+00	1.1621517174e+01	7.2563984300e+01	2.2845552391e+00	2.2232775254e+00	1.3061517174e+01
2.5020000000e+02	-1.5000000000e+00	1.1643043665e+01	7.2683575918e+01	2.2845552391e+00	2.2233756501e+00	1.3083043665e+01
2.5040000000e+02	-1.5000000000e+00	1.1664437879e+01	7.2802432660e+01	2.2845552391e+00	2.2234728609e+00	1.3104437879e+01
2.5060000000e+02	-1.5000000000e+00	1.1685700639e+01	7.2920559103e+01	2.2845552391e+00	2.2235691688e+00	1.3125700639e+01
2.5080000000e+02	-1.5000000000e+00	1.1706832763e+01	7.3037959794e+01	2.2845552391e+00	2.2236645846e+00	1.3146832763e+01
2.5100000000e+02	-1.5000000000e+00	1.1727835065e+01	7.3154639253e+01	2.2845552391e+00	2.2237591189e+00	1.3167835065e+01
2.5120000000e+02	-1.5000000000e+00	1.1748708354e+01	7.3270601967e+01	2.2845552391e+00	2.2238527821e+00	1.3188708354e+01
2.5140000000e+02	-1.5000000000e+00	1.1769453432e+01	7.3385852398e+01	2.2845552391e+00	2.2239455844e+00	1.3209453432e+01
2.5160000000e+02	-1.5000000000e+00	1.1790071096e+01	7.3500394977e+01	2.2845552391e+00	2.2240375361e+00	1.3230071096e+01
2.5180000000e+02	-1.5000000000e+00	1.1810562139e+01	7.3614234107e+01	2.2845552391e+00	2.2241286470e+00	1.3250562139e+01
2.5200000000e+02	-1.5000000000e+00	1.1830927349e+01	7.3727374163e+01	2.2845552391e+00	2.2242189270e+00	1.3270927349e+01
2.5220000000e+02	-1.5000000000e+00	1.1851167508e+01	7.3839819490e+01	2.2845552391e+00	2.2243083858e+00	1.3291167508e+01
2.5240000000e+02	-1.5000000000e+00	1.1871283394e+01	7.3951574409e+01	2.2845552391e+00	2.2243970328e+00	1.3311283394e+01
2.5260000000e+02	-1.5000000000e+00	1.1891275778e+01	7.4062643210e+01	2.2845552391e+00	2.2244848775e+00	1.3331275778e+01
2.5280000000e+02	-1.5000000000e+00	1.1911145428e+01	7.4173030156e+01	2.2845552391e+00	2.2245719291e+00	1.3351145428e+01
2.5300000000e+02	-1.5000000000e+00	1.1930893107e+01	7.4282739484e+01	2.2845552391e+00	2.2246581967e+00	1.3370893107e+01
2.5320000000e+02	-1.5000000000e+00	1.1950519572e+01	7.4391775402e+01	2.2845552391e+00	2.2247436893e+00	1.3390519572e+01
2.5340000000e+02	-1.5000000000e+00	1.1970025577e+01	7.4500142093e+01	2.2845552391e+00	2.2248284156e+00	1.3410025577e+01
2.5360000000e+02	-1.5000000000e+00	1.1989411868e+01	7.4607843712e+01	2.2845552391e+00	2.2249123845e+00	1.3429411868e+01
2.5380000000e+02	-1.5000000000e+00	1.2008679190e+01	7.4714884387e+01	2.2845552391e+00	2.2249956045e+00	1.3448679190e+01
2.5400000000e+02	-1.5000000000e+00	1.2027828280e+01	7.4821268220e+01	2.2845552391e+00	2.2250780841e+00	1.3467828280e+01
2.5420000000e+02	-1.5000000000e+00	1.2046859872e+01	7.4926999289e+01	2.2845552391e+00	2.2251598315e+00	1.3486859872e+01
2.5440000000e+02	-1.5000000000e+00	1.2065774696e+01	7.5032081642e+01	2.2845552391e+00	2.2252408550e+00	1.3505774696e+01
2.5460000000e+02	-1.5000000000e+00	1.2084573475e+01	7.5136519304e+01	2.2845552391e+00	2.2253211627e+00	1.3524573475e+01
2.5480000000e+02	-1.5000000000e+00	1.2103256929e+01	7.5240316274e+01	2.2845552391e+00	2.2254007625e+00	1.3543256929e+01
2.5500000000e+02	-1.5000000000e+00	1.2121825774e+01	7.5343476524e+01	2.2845552391e+00	2.2254796624e+00	1.3561825774e+01
2.5520000000e+02	-1.5000000000e+00	1.2140280720e+01	7.5446004002e+01	2.2845552391e+00	2.2255578700e+00	1.3580280720e+01
2.5540000000e+02	-1.5000000000e+00	1.2158622474e+01	7.5547902631e+01	2.2845552391e+00	2.2256353931e+00	1.3598622474e+01
2.5560000000e+02	-1.5000000000e+00	1.2176851736e+01	7.5649176308e+01	2.2845552391e+00	2.2257122391e+00	1.3616851736e+01
2.5580000000e+02	-1.5000000000e+00	1.2194969203e+01	7.5749828907e+01	2.2845552391e+00	2.2257884155e+00	1.3634969203e+01
2.5600000000e+02	-1.5000000000e+00	1.2212975569e+01	7.5849864274e+01	2.2845552391e+00	2.2258639296e+00	1.3652975569e+01
2.5620000000e+02	-1.5000000000e+00	1.2230871522e+01	7.5949286234e+01	2.2845552391e+00	2.2259387886e+00	1.3670871522e+01
2.5640000000e+02	-1.5000000000e+00	1.2248657745e+01	7.6048098586e+01	2.2845552391e+00	2.2260129996e+00	1.3688657745e+01
2.5660000000e+02	-1.5000000000e+00	1.2266334919e+01	7.6146305105e+01	2.2845552391e+00	2.2260865697e+00	1.3706334919e+01
2.5680000000e+02	-1.5000000000e+00	1.2283903718e+01	7.6243909543e+01	2.2845552391e+00	2.2261595057e+00	1.3723903718e+01
2.5700000000e+02	-1.5000000000e+00	1.2301364813e+01	7.6340915627e+01	2.2845552391e+00	2.2262318146e+00	1.3741364813e+01
2.5720000000e+02	-1.5000000000e+00	1.2318718871e+01	7.6437327061e+01	2.2845552391e+00	2.2263035029e+00	1.3758718871e+01
2.5740000000e+02	-1.5000000000e+00	1.2335966554e+01	7.6533147524e+01	2.2845552391e+00	2.2263745775e+00	1.3775966554e+01
2.5760000000e+02	-1.5000000000e+00	1.2353108521e+01	7.6628380675e+01	2.2845552391e+00	2.2264450448e+00	1.3793108521e+01
2.5780000000e+02	-1.5000000000e+00	1.2370145426e+01	7.6723030146e+01	2.2845552391e+00	2.2265149112e+00	1.3810145426e+01
2.5800000000e+02	-1.5000000000e+00	1.2387077919e+01	7.6817099548e+01	2.2845552391e+00	2.2265841832e+00	1.3827077919e+01
2.5820000000e+02	-1.5000000000e+00	1.2403906645e+01	7.6910592470e+01	2.2845552391e+00	2.2266528671e+00	1.3843906645e+01
2.5840000000e+02	-1.5000000000e+00	1.2420632246e+01	7.7003512476e+01	2.2845552391e+00	2.2267209690e+00	1.3860632246e+01
2.5860000000e+02	-1.5000000000e+00	1.2437255360e+01	7.7095863110e+01	2.2845552391e+00	2.2267884950e+00	1.3877255360e+01
2.5880000000e+02	-1.5000000000e+00	1.2453776620e+01	7.7187647891e+01	2.2845552391e+00	2.2268554513e+00	1.3893776620e+01
2.5900000000e+02	-1.5000000000e+00	1.2470196657e+01	7.7278870317e+01	2.2845552391e+00	2.2269218437e+00	1.3910196657e+01
2.5920000000e+02	-1.5000000000e+00	1.2486516096e+01	7.7369533864e+01	2.2845552391e+00	2.2269876781e+00	1.3926516096e+01
2.5940000000e+02	-1.5000000000e+00	1.2502735558e+01	7.7459641987e+01	2.2845552391e+00	2.2270529604e+00	1.3942735558e+01
2.5960000000e+02	-1.5000000000e+00	1.2518855661e+01	7.7549198117e+01	2.2845552391e+00	2.2271176962e+00	1.3958855661e+01
2.5980000000e+02	-1.5000000000e+00	1.2534877020e+01	7.7638205664e+01	2.2845552391e+00	2.2271818912e+00	1.3974877020e+01
2.6000000000e+02	-1.5000000000e+00	1.2550800243e+01	7.7726668018e+01	2.2845552391e+00	2.2272455510e+00	1.3990800243e+01
2.6020000000e+02	-1.5000000000e+00	1.2566625938e+01	7.7814588547e+01	2.2845552391e+00	2.2273086810e+00	1.4006625938e+01
2.6040000000e+02	-1.5000000000e+00	1.2582354707e+01	7.7901970595e+01	2.2845552391e+00	2.2273712867e+00	1.4022354707e+01
2.6060000000e+02	-1.5000000000e+00	1.2597987148e+01	7.7988817490e+01	2.2845552391e+00	2.2274333735e+00	1.4037987148e+01
2.6080000000e+02	-1.5000000000e+00	1.2613523856e+01	7.8075132534e+01	2.2845552391e+00	2.2274949466e+00	1.4053523856e+01
2.6100000000e+02	-1.5000000000e+00	1.2628965422e+01	7.8160919012e+01	2.2845552391e+00	2.2275560113e+00	1.4068965422e+01
2.6120000000e+02	-1.5000000000e+00	1.2644312433e+01	7.8246180185e+01	2.2845552391e+00	2.2276165727e+00	1.4084312433e+01
2.6140000000e+02	-1.5000000000e+00	1.2659565474e+01	7.8330919298e+01	2.2845552391e+00	2.2276766359e+00	1.4099565474e+01
2.6160000000e+02	-1.5000000000e+00	1.2674725123e+01	7.8415139570e+01	2.2845552391e+00	2.2277362060e+00	1.4114725123e+01
2.6180000000e+02	-1.5000000000e+00	1.2689791957e+01	7.8498844204e+01	2.2845552391e+00	2.2277952877e+00	1.4129791957e+01
2.6200000000e+02	-1.5000000000e+00	1.2704766549e+01	7.8582036382e+01	2.2845552391e+00	2.2278538862e+00	1.4144766549e+01
2.6220000000e+02	-1.5000000000e+00	1.2719649467e+01	7.8664719264e+01	2.2845552391e+00	2.2279120062e+00	1.4159649467e+01
2.6240000000e+02	-1.5000000000e+00	1.2734441279e+01	7.8746895992e+01	2.2845552391e+00	2.2279696524e+00	1.4174441279e+01
2.6260000000e+02	-1.5000000000e+00	1.2749142544e+01	7.8828569688e+01	2.2845552391e+00	2.2280268297e+00	1.4189142544e+01
2.6280000000e+02	-1.5000000000e+00	1.2763753822e+01	7.8909743455e+01	2.2845552391e+00	2.2280835425e+00	1.4203753822e+01
2.6300000000e+02	-1.5000000000e+00	1.2778275667e+01	7.8990420374e+01	2.2845552391e+00	2.2281397956e+00	1.4218275667e+01
2.6320000000e+02	-1.5000000000e+00	1.2792708632e+01	7.9070603510e+01	2.2845552391e+00	2.2281955935e+00	1.4232708632e+01
2.6340000000e+02	-1.5000000000e+00	1.2807053263e+01	7.9150295906e+01	2.2845552391e+00	2.2282509406e+00	1.4247053263e+01
2.6360000000e+02	-1.5000000000e+00	1.2821310106e+01	7.9229500588e+01	2.2845552391e+00	2.2283058414e+00	1.4261310106e+01
2.6380000000e+02	-1.5000000000e+00	1.2835479701e+01	7.9308220561e+01	2.2845552391e+00	2.2283603003e+00	1.4275479701e+01
2.6400000000e+02	-1.5000000000e+00	1.2849562586e+01	7.9386458814e+01	2.2845552391e+00	2.2284143215e+00	1.4289562586e+01
2.6420000000e+02	-1.5000000000e+00	1.2863559296e+01	7.9464218313e+01	2.2845552391e+00	2.2284679093e+00	1.4303559296e+01
2.6440000000e+02	-1.5000000000e+00	1.2877470362e+01	7.9541502010e+01	2.2845552391e+00	2.2285210679e+00	1.4317470362e+01
2.6460000000e+02	-1.5000000000e+00	1.2891296310e+01	7.9618312836e+01	2.2845552391e+00	2.2285738016e+00	1.4331296310e+01
2.6480000000e+02	-1.5000000000e+00	1.2905037667e+01	7.9694653704e+01	2.2845552391e+00	2.2286261143e+00	1.4345037667e+01
2.6500000000e+02	-1.5000000000e+00	1.2918694951e+01	7.9770527508e+01	2.2845552391e+00	2.2286780102e+00	1.4358694951e+01
2.6520000000e+02	-1.5000000000e+00	1.2932268683e+01	7.9845937125e+01	2.2845552391e+00	2.2287294933e+00	1.4372268683e+01
2.6540000000e+02	-1.5000000000e+00	1.2945759375e+01	7.9920885415e+01	2.2845552391e+00	2.2287805675e+00	1.4385759375e+01
2.6560000000e+02	-1.5000000000e+00	1.2959167539e+01	7.9995375217e+01	2.2845552391e+00	2.2288312368e+00	1.4399167539e+01
2.6580000000e+02	-1.5000000000e+00	1.2972493684e+01	8.0069409356e+01	2.2845552391e+00	2.2288815049e+00	1.4412493684e+01
2.6600000000e+02	-1.5000000000e+00	1.2985738314e+01	8.0142990635e+01	2.2845552391e+00	2.2289313758e+00	1.4425738314e+01
2.6620000000e+02	-1.5000000000e+00	1.2998901932e+01	8.0216121844e+01	2.2845552391e+00	2.2289808532e+00	1.4438901932e+01
2.6640000000e+02	-1.5000000000e+00	1.3011985035e+01	8.0288805752e+01	2.2845552391e+00	2.2290299409e+00	1.4451985035e+01
2.6660000000e+02	-1.5000000000e+00	1.3024988120e+01	8.0361045113e+01	2.2845552391e+00	2.2290786424e+00	1.4464988120e+01
2.6680000000e+02	-1.5000000000e+00	1.3037911679e+01	8.0432842663e+01	2.2845552391e+00	2.2291269616e+00	1.4477911679e+01
2.6700000000e+02	-1.5000000000e+00	1.3050756202e+01	8.0504201120e+01	2.2845552391e+00	2.2291749019e+00	1.4490756202e+01
2.6720000000e+02	-1.5000000000e+00	1.3063522174e+01	8.0575123187e+01	2.2845552391e+00	2.2292224669e+00	1.4503522174e+01
2.6740000000e+02	-1.5000000000e+00	1.3076210079e+01	8.0645611548e+01	2.2845552391e+00	2.2292696602e+00	1.4516210079e+01
2.6760000000e+02	-1.5000000000e+00	1.3088820397e+01	8.0715668871e+01	2.2845552391e+00	2.2293164851e+00	1.4528820397e+01
2.6780000000e+02	-1.5000000000e+00	1.3101353605e+01	8.0785297808e+01	2.2845552391e+00	2.2293629453e+00	1.4541353605e+01
2.6800000000e+02	-1.5000000000e+00	1.3113810179e+01	8.0854500995e+01	2.2845552391e+00	2.2294090439e+00	1.4553810179e+01
2.6820000000e+02	-1.5000000000e+00	1.3126190589e+01	8.0923281049e+01	2.2845552391e+00	2.2294547845e+00	1.4566190589e+01
2.6840000000e+02	-1.5000000000e+00	1.3138495303e+01	8.0991640573e+01	2.2845552391e+00	2.2295001703e+00	1.4578495303e+01
2.6860000000e+02	-1.5000000000e+00	1.3150724788e+01	8.1059582153e+01	2.2845552391e+00	2.2295452046e+00	1.4590724788e+01
2.6880000000e+02	-1.5000000000e+00	1.3162879505e+01	8.1127108359e+01	2.2845552391e+00	2.2295898906e+00	1.4602879505e+01
2.6900000000e+02	-1.5000000000e+00	1.3174959914e+01	8.1194221745e+01	2.2845552391e+00	2.2296342315e+00	1.4614959914e+01
2.6920000000e+02	-1.5000000000e+00	1.3186966473e+01	8.1260924849e+01	2.2845552391e+00	2.2296782306e+00	1.4626966473e+01
2.6940000000e+02	-1.5000000000e+00	1.3198899635e+01	8.1327220193e+01	2.2845552391e+00	2.2297218909e+00	1.4638899635e+01
2.6960000000e+02	-1.5000000000e+00	1.3210759851e+01	8.1393110283e+01	2.2845552391e+00	2.2297652155e+00	1.4650759851e+01
2.6980000000e+02	-1.5000000000e+00	1.3222547570e+01	8.1458597611e+01	2.2845552391e+00	2.2298082075e+00	1.4662547570e+01
2.7000000000e+02	-1.5000000000e+00	1.3234263237e+01	8.1523684651e+01	2.2845552391e+00	2.2298508699e+00	1.4674263237e+01
2.7020000000e+02	-1.5000000000e+00	1.3245907296e+01	8.1588373865e+01	2.2845552391e+00	2.2298932057e+00	1.4685907296e+01
2.7040000000e+02	-1.5000000000e+00	1.3257480185e+01	8.1652667695e+01	2.2845552391e+00	2.2299352179e+00	1.4697480185e+01
2.7060000000e+02	-1.5000000000e+00	1.3268982343e+01	8.1716568572e+01	2.2845552391e+00	2.2299769094e+00	1.4708982343e+01
2.7080000000e+02	-1.5000000000e+00	1.3280414204e+01	8.1780078911e+01	2.2845552391e+00	2.2300182831e+00	1.4720414204e+01
2.7100000000e+02	-1.5000000000e+00	1.3291776200e+01	8.1843201109e+01	2.2845552391e+00	2.2300593418e+00	1.4731776200e+01
2.7120000000e+02	-1.5000000000e+00	1.3303068760e+01	8.1905937553e+01	2.2845552391e+00	2.2301000883e+00	1.4743068760e+01
2.7140000000e+02	-1.5000000000e+00	1.3314292310e+01	8.1968290611e+01	2.2845552391e+00	2.2301405255e+00	1.4754292310e+01
2.7160000000e+02	-1.5000000000e+00	1.3325447275e+01	8.2030262638e+01	2.2845552391e+00	2.2301806562e+00	1.4765447275e+01
2.7180000000e+02	-1.5000000000e+00	1.3336534075e+01	8.2091855974e+01	2.2845552391e+00	2.2302204830e+00	1.4776534075e+01
2.7200000000e+02	-1.5000000000e+00	1.3347553130e+01	8.2153072946e+01	2.2845552391e+00	2.2302600087e+00	1.4787553130e+01
2.7220000000e+02	-1.5000000000e+00	1.3358504855e+01	8.2213915864e+01	2.2845552391e+00	2.2302992360e+00	1.4798504855e+01
2.7240000000e+02	-1.5000000000e+00	1.3369389664e+01	8.2274387024e+01	2.2845552391e+00	2.2303381674e+00	1.4809389664e+01
2.7260000000e+02	-1.5000000000e+00	1.3380207968e+01	8.2334488711e+01	2.2845552391e+00	2.2303768057e+00	1.4820207968e+01
2.7280000000e+02	-1.5000000000e+00	1.3390960174e+01	8.2394223191e+01	2.2845552391e+00	2.2304151533e+00	1.4830960174e+01
2.7300000000e+02	-1.5000000000e+00	1.3401646690e+01	8.2453592720e+01	2.2845552391e+00	2.2304532130e+00	1.4841646690e+01
2.7320000000e+02	-1.5000000000e+00	1.3412267917e+01	8.2512599538e+01	2.2845552391e+00	2.2304909871e+00	1.4852267917e+01
2.7340000000e+02	-1.5000000000e+00	1.3422824257e+01	8.2571245871e+01	2.2845552391e+00	2.2305284782e+00	1.4862824257e+01
2.7360000000e+02	-1.5000000000e+00	1.3433316108e+01	8.2629533931e+01	2.2845552391e+00	2.2305656888e+00	1.4873316108e+01
2.7380000000e+02	-1.5000000000e+00	1.3443743865e+01	8.2687465919e+01	2.2845552391e+00	2.2306026213e+00	1.4883743865e+01
2.7400000000e+02	-1.5000000000e+00	1.3454107923e+01	8.2745044018e+01	2.2845552391e+00	2.2306392782e+00	1.4894107923e+01
2.7420000000e+02	-1.5000000000e+00	1.3464408672e+01	8.2802270401e+01	2.2845552391e+00	2.2306756618e+00	1.4904408672e+01
2.7440000000e+02	-1.5000000000e+00	1.3474646501e+01	8.2859147226e+01	2.2845552391e+00	2.2307117746e+00	1.4914646501e+01
2.7460000000e+02	-1.5000000000e+00	1.3484821795e+01	8.2915676637e+01	2.2845552391e+00	2.2307476189e+00	1.4924821795e+01
2.7480000000e+02	-1.5000000000e+00	1.3494934938e+01	8.2971860767e+01	2.2845552391e+00	2.2307831969e+00	1.4934934938e+01
2.7500000000e+02	-1.5000000000e+00	1.3504986312e+01	8.3027701733e+01	2.2845552391e+00	2.2308185111e+00	1.4944986312e+01
2.7520000000e+02	-1.5000000000e+00	1.3514976295e+01	8.3083201641e+01	2.2845552391e+00	2.2308535636e+00	1.4954976295e+01
2.7540000000e+02	-1.5000000000e+00	1.3524905265e+01	8.3138362583e+01	2.2845552391e+00	2.2308883568e+00	1.4964905265e+01
2.7560000000e+02	-1.5000000000e+00	1.3534773595e+01	8.3193186638e+01	2.2845552391e+00	2.2309228929e+00	1.4974773595e+01
2.7580000000e+02	-1.5000000000e+00	1.3544581657e+01	8.3247675873e+01	2.2845552391e+00	2.2309571740e+00	1.4984581657e+01
2.7600000000e+02	-1.5000000000e+00	1.3554329821e+01	8.3301832341e+01	2.2845552391e+00	2.2309912024e+00	1.4994329821e+01
2.7620000000e+02	-1.5000000000e+00	1.3564018455e+01	8.3355658082e+01	2.2845552391e+00	2.2310249801e+00	1.5004018455e+01
2.7640000000e+02	-1.5000000000e+00	1.3573647923e+01	8.3409155126e+01	2.2845552391e+00	2.2310585095e+00	1.5013647923e+01
2.7660000000e+02	-1.5000000000e+00	1.3583218588e+01	8.3462325487e+01	2.2845552391e+00	2.2310917924e+00	1.5023218588e+01
2.7680000000e+02	-1.5000000000e+00	1.3592730810e+01	8.3515171168e+01	2.2845552391e+00	2.2311248312e+00	1.5032730810e+01
2.7700000000e+02	-1.5000000000e+00	1.3602184949e+01	8.3567694162e+01	2.2845552391e+00	2.2311576277e+00	1.5042184949e+01
2.7720000000e+02	-1.5000000000e+00	1.3611581360e+01	8.3619896445e+01	2.2845552391e+00	2.2311901841e+00	1.5051581360e+01
2.7740000000e+02	-1.5000000000e+00	1.3620920397e+01	8.3671779984e+01	2.2845552391e+00	2.2312225024e+00	1.5060920397e+01
2.7760000000e+02	-1.5000000000e+00	1.3630202412e+01	8.3723346733e+01	2.2845552391e+00	2.2312545847e+00	1.5070202412e+01
2.7780000000e+02	-1.5000000000e+00	1.3639427754e+01	8.3774598635e+01	2.2845552391e+00	2.2312864328e+00	1.5079427754e+01
2.7800000000e+02	-1.5000000000e+00	1.3648596771e+01	8.3825537618e+01	2.2845552391e+00	2.2313180488e+00	1.5088596771e+01
2.7820000000e+02	-1.5000000000e+00	1.3657709808e+01	8.3876165601e+01	2.2845552391e+00	2.2313494346e+00	1.5097709808e+01
2.7840000000e+02	-1.5000000000e+00	1.3666767208e+01	8.3926484490e+01	2.2845552391e+00	2.2313805921e+00	1.5106767208e+01
2.7860000000e+02	-1.5000000000e+00	1.3675769312e+01	8.3976496180e+01	2.2845552391e+00	2.2314115233e+00	1.5115769312e+01
2.7880000000e+02	-1.5000000000e+00	1.3684716459e+01	8.4026202552e+01	2.2845552391e+00	2.2314422300e+00	1.5124716459e+01
2.7900000000e+02	-1.5000000000e+00	1.3693608986e+01	8.4075605479e+01	2.2845552391e+00	2.2314727141e+00	1.5133608986e+01
2.7920000000e+02	-1.5000000000e+00	1.3702447227e+01	8.4124706819e+01	2.2845552391e+00	2.2315029774e+00	1.5142447227e+01
2.7940000000e+02	-1.5000000000e+00	1.3711231516e+01	8.4173508420e+01	2.2845552391e+00	2.2315330219e+00	1.5151231516e+01
2.7960000000e+02	-1.5000000000e+00	1.3719962181e+01	8.4222012119e+01	2.2845552391e+00	2.2315628492e+00	1.5159962181e+01
2.7980000000e+02	-1.5000000000e+00	1.3728639553e+01	8.4270219742e+01	2.2845552391e+00	2.2315924613e+00	1.5168639553e+01
2.8000000000e+02	-1.5000000000e+00	1.3737263958e+01	8.4318133101e+01	2.2845552391e+00	2.2316218598e+00	1.5177263958e+01
2.8020000000e+02	-1.5000000000e+00	1.3745835720e+01	8.4365754000e+01	2.2845552391e+00	2.2316510465e+00	1.5185835720e+01
2.8040000000e+02	-1.5000000000e+00	1.3754355161e+01	8.4413084229e+01	2.2845552391e+00	2.2316800232e+00	1.5194355161e+01
2.8060000000e+02	-1.5000000000e+00	1.3762822603e+01	8.4460125571e+01	2.2845552391e+00	2.2317087917e+00	1.5202822603e+01
2.8080000000e+02	-1.5000000000e+00	1.3771238363e+01	8.4506879794e+01	2.2845552391e+00	2.2317373535e+00	1.5211238363e+01
2.8100000000e+02	-1.5000000000e+00	1.3779602758e+01	8.4553348657e+01	2.2845552391e+00	2.2317657104e+00	1.5219602758e+01
2.8120000000e+02	-1.5000000000e+00	1.3787916103e+01	8.4599533907e+01	2.2845552391e+00	2.2317938641e+00	1.5227916103e+01
2.8140000000e+02	-1.5000000000e+00	1.3796178711e+01	8.4645437281e+01	2.2845552391e+00	2.2318218163e+00	1.5236178711e+01
2.8160000000e+02	-1.5000000000e+00	1.3804390891e+01	8.4691060506e+01	2.2845552391e+00	2.2318495685e+00	1.5244390891e+01
2.8180000000e+02	-1.5000000000e+00	1.3812552954e+01	8.4736405298e+01	2.2845552391e+00	2.2318771224e+00	1.5252552954e+01
2.8200000000e+02	-1.5000000000e+00	1.3820665205e+01	8.4781473360e+01	2.2845552391e+00	2.2319044796e+00	1.5260665205e+01
2.8220000000e+02	-1.5000000000e+00	1.3828727950e+01	8.4826266389e+01	2.2845552391e+00	2.2319316418e+00	1.5268727950e+01
2.8240000000e+02	-1.5000000000e+00	1.3836741492e+01	8.4870786067e+01	2.2845552391e+00	2.2319586104e+00	1.5276741492e+01
2.8260000000e+02	-1.5000000000e+00	1.3844706132e+01	8.4915034068e+01	2.2845552391e+00	2.2319853871e+00	1.5284706132e+01
2.8280000000e+02	-1.5000000000e+00	1.3852622170e+01	8.4959012056e+01	2.2845552391e+00	2.2320119733e+00	1.5292622170e+01
2.8300000000e+02	-1.5000000000e+00	1.3860489903e+01	8.5002721683e+01	2.2845552391e+00	2.2320383707e+00	1.5300489903e+01
2.8320000000e+02	-1.5000000000e+00	1.3868309627e+01	8.5046164593e+01	2.2845552391e+00	2.2320645808e+00	1.5308309627e+01
2.8340000000e+02	-1.5000000000e+00	1.3876081635e+01	8.5089342418e+01	2.2845552391e+00	2.2320906050e+00	1.5316081635e+01
2.8360000000e+02	-1.5000000000e+00	1.3883806221e+01	8.5132256781e+01	2.2845552391e+00	2.2321164449e+00	1.5323806221e+01
2.8380000000e+02	-1.5000000000e+00	1.3891483673e+01	8.5174909295e+01	2.2845552391e+00	2.2321421019e+00	1.5331483673e+01
2.8400000000e+02	-1.5000000000e+00	1.3899114281e+01	8.5217301562e+01	2.2845552391e+00	2.2321675775e+00	1.5339114281e+01
2.8420000000e+02	-1.5000000000e+00	1.3906698331e+01	8.5259435175e+01	2.2845552391e+00	2.2321928731e+00	1.5346698331e+01
2.8440000000e+02	-1.5000000000e+00	1.3914236109e+01	8.5301311716e+01	2.2845552391e+00	2.2322179902e+00	1.5354236109e+01
2.8460000000e+02	-1.5000000000e+00	1.3921727897e+01	8.5342932761e+01	2.2845552391e+00	2.2322429302e+00	1.5361727897e+01
2.8480000000e+02	-1.5000000000e+00	1.3929173977e+01	8.5384299871e+01	2.2845552391e+00	2.2322676945e+00	1.5369173977e+01
2.8500000000e+02	-1.5000000000e+00	1.3936574628e+01	8.5425414601e+01	2.2845552391e+00	2.2322922844e+00	1.5376574628e+01
2.8520000000e+02	-1.5000000000e+00	1.3943930129e+01	8.5466278495e+01	2.2845552391e+00	2.2323167015e+00	1.5383930129e+01
2.8540000000e+02	-1.5000000000e+00	1.3951240756e+01	8.5506893088e+01	2.2845552391e+00	2.2323409469e+00	1.5391240756e+01
2.8560000000e+02	-1.5000000000e+00	1.3958506783e+01	8.5547259906e+01	2.2845552391e+00	2.2323650222e+00	1.5398506783e+01
2.8580000000e+02	-1.5000000000e+00	1.3965728484e+01	8.5587380464e+01	2.2845552391e+00	2.2323889286e+00	1.5405728484e+01
2.8600000000e+02	-1.5000000000e+00	1.3972906129e+01	8.5627256270e+01	2.2845552391e+00	2.2324126675e+00	1.5412906129e+01
2.8620000000e+02	-1.5000000000e+00	1.3980039988e+01	8.5666888820e+01	2.2845552391e+00	2.2324362402e+00	1.5420039988e+01
2.8640000000e+02	-1.5000000000e+00	1.3987130328e+01	8.5706279602e+01	2.2845552391e+00	2.2324596480e+00	1.5427130328e+01
2.8660000000e+02	-1.5000000000e+00	1.3994177417e+01	8.5745430097e+01	2.2845552391e+00	2.2324828921e+00	1.5434177417e+01
2.8680000000e+02	-1.5000000000e+00	1.4001181519e+01	8.5784341773e+01	2.2845552391e+00	2.2325059739e+00	1.5441181519e+01
2.8700000000e+02	-1.5000000000e+00	1.4008142896e+01	8.5823016091e+01	2.2845552391e+00	2.2325288947e+00	1.5448142896e+01
2.8720000000e+02	-1.5000000000e+00	1.4015061811e+01	8.5861454504e+01	2.2845552391e+00	2.2325516557e+00	1.5455061811e+01
2.8740000000e+02	-1.5000000000e+00	1.4021938522e+01	8.5899658455e+01	2.2845552391e+00	2.2325742580e+00	1.5461938522e+01
2.8760000000e+02	-1.5000000000e+00	1.4028773288e+01	8.5937629376e+01	2.2845552391e+00	2.2325967031e+00	1.5468773288e+01
2.8780000000e+02	-1.5000000000e+00	1.4035566365e+01	8.5975368694e+01	2.2845552391e+00	2.2326189921e+00	1.5475566365e+01
2.8800000000e+02	-1.5000000000e+00	1.4042318009e+01	8.6012877826e+01	2.2845552391e+00	2.2326411261e+00	1.5482318009e+01
2.8820000000e+02	-1.5000000000e+00	1.4049028472e+01	8.6050158178e+01	2.2845552391e+00	2.2326631065e+00	1.5489028472e+01
2.8840000000e+02	-1.5000000000e+00	1.4055698007e+01	8.6087211150e+01	2.2845552391e+00	2.2326849344e+00	1.5495698007e+01
2.8860000000e+02	-1.5000000000e+00	1.4062326864e+01	8.6124038132e+01	2.2845552391e+00	2.2327066110e+00	1.5502326864e+01
2.8880000000e+02	-1.5000000000e+00	1.4068915291e+01	8.6160640507e+01	2.2845552391e+00	2.2327281374e+00	1.5508915291e+01
2.8900000000e+02	-1.5000000000e+00	1.4075463537e+01	8.6197019648e+01	2.2845552391e+00	2.2327495148e+00	1.5515463537e+01
2.8920000000e+02	-1.5000000000e+00	1.4081971845e+01	8.6233176919e+01	2.2845552391e+00	2.2327707444e+00	1.5521971845e+01
2.8940000000e+02	-1.5000000000e+00	1.4088440462e+01	8.6269113678e+01	2.2845552391e+00	2.2327918273e+00	1.5528440462e+01
2.8960000000e+02	-1.5000000000e+00	1.4094869629e+01	8.6304831272e+01	2.2845552391e+00	2.2328127646e+00	1.5534869629e+01
2.8980000000e+02	-1.5000000000e+00	1.4101259588e+01	8.6340331042e+01	2.2845552391e+00	2.2328335574e+00	1.5541259588e+01
2.9000000000e+02	-1.5000000000e+00	1.4107610577e+01	8.6375614319e+01	2.2845552391e+00	2.2328542069e+00	1.5547610577e+01
2.9020000000e+02	-1.5000000000e+00	1.4113922837e+01	8.6410682427e+01	2.2845552391e+00	2.2328747141e+00	1.5553922837e+01
2.9040000000e+02	-1.5000000000e+00	1.4120196603e+01	8.6445536681e+01	2.2845552391e+00	2.2328950802e+00	1.5560196603e+01
2.9060000000e+02	-1.5000000000e+00	1.4126432110e+01	8.6480178389e+01	2.2845552391e+00	2.2329153061e+00	1.5566432110e+01
2.9080000000e+02	-1.5000000000e+00	1.4132629593e+01	8.6514608850e+01	2.2845552391e+00	2.2329353931e+00	1.5572629593e+01
2.9100000000e+02	-1.5000000000e+00	1.4138789284e+01	8.6548829355e+01	2.2845552391e+00	2.2329553420e+00	1.5578789284e+01
2.9120000000e+02	-1.5000000000e+00	1.4144911414e+01	8.6582841187e+01	2.2845552391e+00	2.2329751541e+00	1.5584911414e+01
2.9140000000e+02	-1.5000000000e+00	1.4150996212e+01	8.6616645623e+01	2.2845552391e+00	2.2329948302e+00	1.5590996212e+01
2.9160000000e+02	-1.5000000000e+00	1.4157043907e+01	8.6650243929e+01	2.2845552391e+00	2.2330143715e+00	1.5597043907e+01
2.9180000000e+02	-1.5000000000e+00	1.4163054726e+01	8.6683637366e+01	2.2845552391e+00	2.2330337790e+00	1.5603054726e+01
2.9200000000e+02	-1.5000000000e+00	1.4169028893e+01	8.6716827185e+01	2.2845552391e+00	2.2330530537e+00	1.5609028893e+01
2.9220000000e+02	-1.5000000000e+00	1.4174966634e+01	8.6749814632e+01	2.2845552391e+00	2.2330721966e+00	1.5614966634e+01
2.9240000000e+02	-1.5000000000e+00	1.4180868170e+01	8.6782600942e+01	2.2845552391e+00	2.2330912086e+00	1.5620868170e+01
2.9260000000e+02	-1.5000000000e+00	1.4186733722e+01	8.6815187345e+01	2.2845552391e+00	2.2331100908e+00	1.5626733722e+01
2.9280000000e+02	-1.5000000000e+00	1.4192563511e+01	8.6847575063e+01	2.2845552391e+00	2.2331288442e+00	1.5632563511e+01
2.9300000000e+02	-1.5000000000e+00	1.4198357756e+01	8.6879765310e+01	2.2845552391e+00	2.2331474697e+00	1.5638357756e+01
2.9320000000e+02	-1.5000000000e+00	1.4204116673e+01	8.6911759293e+01	2.2845552391e+00	2.2331659682e+00	1.5644116673e+01
2.9340000000e+02	-1.5000000000e+00	1.4209840478e+01	8.6943558210e+01	2.2845552391e+00	2.2331843408e+00	1.5649840478e+01
2.9360000000e+02	-1.5000000000e+00	1.4215529386e+01	8.6975163254e+01	2.2845552391e+00	2.2332025884e+00	1.5655529386e+01
2.9380000000e+02	-1.5000000000e+00	1.4221183610e+01	8.7006575609e+01	2.2845552391e+00	2.2332207118e+00	1.5661183610e+01
2.9400000000e+02	-1.5000000000e+00	1.4226803362e+01	8.7037796453e+01	2.2845552391e+00	2.2332387122e+00	1.5666803362e+01
2.9420000000e+02	-1.5000000000e+00	1.4232388852e+01	8.7068826956e+01	2.2845552391e+00	2.2332565902e+00	1.5672388852e+01
2.9440000000e+02	-1.5000000000e+00	1.4237940290e+01	8.7099668280e+01	2.2845552391e+00	2.2332743469e+00	1.5677940290e+01
2.9460000000e+02	-1.5000000000e+00	1.4243457885e+01	8.7130321582e+01	2.2845552391e+00	2.2332919832e+00	1.5683457885e+01
2.9480000000e+02	-1.5000000000e+00	1.4248941842e+01	8.7160788010e+01	2.2845552391e+00	2.2333095000e+00	1.5688941842e+01
2.9500000000e+02	-1.5000000000e+00	1.4254392367e+01	8.7191068705e+01	2.2845552391e+00	2.2333268981e+00	1.5694392367e+01
2.9520000000e+02	-1.5000000000e+00	1.4259809665e+01	8.7221164803e+01	2.2845552391e+00	2.2333441785e+00	1.5699809665e+01
2.9540000000e+02	-1.5000000000e+00	1.4265193938e+01	8.7251077431e+01	2.2845552391e+00	2.2333613419e+00	1.5705193938e+01
2.9560000000e+02	-1.5000000000e+00	1.4270545388e+01	8.7280807709e+01	2.2845552391e+00	2.2333783894e+00	1.5710545388e+01
2.9580000000e+02	-1.5000000000e+00	1.4275864215e+01	8.7310356753e+01	2.2845552391e+00	2.2333953216e+00	1.5715864215e+01
2.9600000000e+02	-1.5000000000e+00	1.4281150620e+01	8.7339725668e+01	2.2845552391e+00	2.2334121396e+00	1.5721150620e+01
2.9620000000e+02	-1.5000000000e+00	1.4286404800e+01	8.7368915554e+01	2.2845552391e+00	2.2334288441e+00	1.5726404800e+01
2.9640000000e+02	-1.5000000000e+00	1.4291626951e+01	8.7397927507e+01	2.2845552391e+00	2.2334454359e+00	1.5731626951e+01
2.9660000000e+02	-1.5000000000e+00	1.4296817270e+01	8.7426762611e+01	2.2845552391e+00	2.2334619159e+00	1.5736817270e+01
2.9680000000e+02	-1.5000000000e+00	1.4301975951e+01	8.7455421948e+01	2.2845552391e+00	2.2334782850e+00	1.5741975951e+01
2.9700000000e+02	-1.5000000000e+00	1.4307103186e+01	8.7483906591e+01	2.2845552391e+00	2.2334945439e+00	1.5747103186e+01
2.9720000000e+02	-1.5000000000e+00	1.4312199169e+01	8.7512217606e+01	2.2845552391e+00	2.2335106934e+00	1.5752199169e+01
2.9740000000e+02	-1.5000000000e+00	1.4317264090e+01	8.7540356054e+01	2.2845552391e+00	2.2335267344e+00	1.5757264090e+01
2.9760000000e+02	-1.5000000000e+00	1.4322298138e+01	8.7568322990e+01	2.2845552391e+00	2.2335426676e+00	1.5762298138e+01
2.9780000000e+02	-1.5000000000e+00	1.4327301503e+01	8.7596119459e+01	2.2845552391e+00	2.2335584938e+00	1.5767301503e+01
2.9800000000e+02	-1.5000000000e+00	1.4332274371e+01	8.7623746505e+01	2.2845552391e+00	2.2335742139e+00	1.5772274371e+01
2.9820000000e+02	-1.5000000000e+00	1.4337216929e+01	8.7651205160e+01	2.2845552391e+00	2.2335898285e+00	1.5777216929e+01
2.9840000000e+02	-1.5000000000e+00	1.4342129362e+01	8.7678496453e+01	2.2845552391e+00	2.2336053385e+00	1.5782129362e+01
2.9860000000e+02	-1.5000000000e+00	1.4347011853e+01	8.7705621406e+01	2.2845552391e+00	2.2336207446e+00	1.5787011853e+01
2.9880000000e+02	-1.5000000000e+00	1.4351864586e+01	8.7732581036e+01	2.2845552391e+00	2.2336360476e+00	1.5791864586e+01
2.9900000000e+02	-1.5000000000e+00	1.4356687743e+01	8.7759376350e+01	2.2845552391e+00	2.2336512482e+00	1.5796687743e+01
2.9920000000e+02	-1.5000000000e+00	1.4361481504e+01	8.7786008354e+01	2.2845552391e+00	2.2336663471e+00	1.5801481504e+01
2.9940000000e+02	-1.5000000000e+00	1.4366246048e+01	8.7812478043e+01	2.2845552391e+00	2.2336813452e+00	1.5806246048e+01
2.9960000000e+02	-1.5000000000e+00	1.4370981554e+01	8.7838786408e+01	2.2845552391e+00	2.2336962431e+00	1.5810981554e+01
2.9980000000e+02	-1.5000000000e+00	1.4375688198e+01	8.7864934436e+01	2.2845552391e+00	2.2337110415e+00	1.5815688198e+01
3.0000000000e+02	1.5000000000e+00	1.4380366159e+01	8.7890923104e+01	2.2845552391e+00	2.2337257413e+00	1.5820366159e+01
3.0020000000e+02	1.5000000000e+00	1.4372844630e+01	8.7849136835e+01	2.9624751526e+00	2.8965318334e+00	1.5812844630e+01
3.0040000000e+02	1.5000000000e+00	1.4343099903e+01	8.7683888351e+01	3.5557725733e+00	3.4764768907e+00	1.5783099903e+01
3.0060000000e+02	1.5000000000e+00	1.4294049932e+01	8.7411388510e+01	4.0750106462e+00	3.9838587088e+00	1.5734049932e+01
3.0080000000e+02	1.5000000000e+00	1.4228248982e+01	8.7045827678e+01	4.5294339539e+00	4.4277013052e+00	1.5668248982e+01
3.0100000000e+02	1.5000000000e+00	1.4147932669e+01	8.6599625941e+01	4.9271331083e+00	4.8159106724e+00	1.5587932669e+01
3.0120000000e+02	1.5000000000e+00	1.4055057476e+01	8.6083652645e+01	5.2751887973e+00	5.1554120024e+00	1.5495057476e+01
3.0140000000e+02	1.5000000000e+00	1.3951335409e+01	8.5507418938e+01	5.5797978499e+00	5.4522704261e+00	1.5391335409e+01
3.0160000000e+02	1.5000000000e+00	1.3838264383e+01	8.4879246571e+01	5.8463835654e+00	5.7117971412e+00	1.5278264383e+01
3.0180000000e+02	1.5000000000e+00	1.3717154852e+01	8.4206415844e+01	6.0796922709e+00	5.9386426237e+00	1.5157154852e+01
3.0200000000e+02	1.5000000000e+00	1.3589153144e+01	8.3495295244e+01	6.2838778250e+00	6.1368784420e+00	1.5029153144e+01
3.0220000000e+02	1.5000000000e+00	1.3455261902e+01	8.2751455013e+01	6.4625755742e+00	6.3100690344e+00	1.4895261902e+01
3.0240000000e+02	1.5000000000e+00	1.3316357993e+01	8.1979766628e+01	6.6189670764e+00	6.4613346527e+00	1.4756357993e+01
3.0260000000e+02	1.5000000000e+00	1.3173208186e+01	8.1184489920e+01	6.7558367465e+00	6.5934065446e+00	1.4613208186e+01
3.0280000000e+02	1.5000000000e+00	1.3026482887e+01	8.0369349374e+01	6.8756214299e+00	6.7086753151e+00	1.4466482887e+01
3.0300000000e+02	1.5000000000e+00	1.2876768167e+01	7.9537600930e+01	6.9804537889e+00	6.8092333039e+00	1.4316768167e+01
3.0320000000e+02	1.5000000000e+00	1.2724576285e+01	7.8692090473e+01	7.0722002724e+00	6.8969117099e+00	1.4164576285e+01
3.0340000000e+02	1.5000000000e+00	1.2570354908e+01	7.7835305045e+01	7.1524943470e+00	6.9733131102e+00	1.4010354908e+01
3.0360000000e+02	1.5000000000e+00	1.2414495181e+01	7.6969417670e+01	7.2227655787e+00	7.0398399401e+00	1.3854495181e+01
3.0380000000e+02	1.5000000000e+00	1.2257338788e+01	7.6096326598e+01	7.2842650857e+00	7.0977194336e+00	1.3697338788e+01
3.0400000000e+02	1.5000000000e+00	1.2099184138e+01	7.5217689655e+01	7.3380878135e+00	7.1480254626e+00	1.3539184138e+01
3.0420000000e+02	1.5000000000e+00	1.1940291777e+01	7.4334954316e+01	7.3851920288e+00	7.1916976566e+00	1.3380291777e+01
3.0440000000e+02	1.5000000000e+00	1.1780889123e+01	7.3449384019e+01	7.4264163812e+00	7.2295581436e+00	1.3220889123e+01
3.0460000000e+02	1.5000000000e+00	1.1621174616e+01	7.2562081202e+01	7.4624948345e+00	7.2623262042e+00	1.3061174616e+01
3.0480000000e+02	1.5000000000e+00	1.1461321344e+01	7.1674007466e+01	7.4940697343e+00	7.2906310999e+00	1.2901321344e+01
3.0500000000e+02	1.5000000000e+00	1.1301480220e+01	7.0786001223e+01	7.5217032441e+00	7.3150233024e+00	1.2741480220e+01
3.0520000000e+02	1.5000000000e+00	1.1141782765e+01	6.9898793140e+01	7.5458873546e+00	7.3359843221e+00	1.2581782765e+01
3.0540000000e+02	1.5000000000e+00	1.0982343538e+01	6.9013019654e+01	7.5670526429e+00	7.3539353109e+00	1.2422343538e+01
3.0560000000e+02	1.5000000000e+00	1.0823262266e+01	6.8129234809e+01	7.5855759384e+00	7.3692445908e+00	1.2263262266e+01
3.0580000000e+02	1.5000000000e+00	1.0664625709e+01	6.7247920606e+01	7.6017870325e+00	7.3822342440e+00	1.2104625709e+01
3.0600000000e+02	1.5000000000e+00	1.0506509293e+01	6.6369496070e+01	7.6159745495e+00	7.3931858795e+00	1.1946509293e+01
3.0620000000e+02	1.5000000000e+00	1.0348978532e+01	6.5494325178e+01	7.6283910858e+00	7.4023456793e+00	1.1788978532e+01
3.0640000000e+02	1.5000000000e+00	1.0192090285e+01	6.4622723805e+01	7.6392577072e+00	7.4099288154e+00	1.1632090285e+01
3.0660000000e+02	1.5000000000e+00	1.0035893844e+01	6.3754965800e+01	7.6487678842e+00	7.4161233138e+00	1.1475893844e+01
3.0680000000e+02	1.5000000000e+00	9.8804318950e+00	6.2891288306e+01	7.6570909374e+00	7.4210934365e+00	1.1320431895e+01
3.0700000000e+02	1.5000000000e+00	9.7257413545e+00	6.2031896414e+01	7.6643750515e+00	7.4249826399e+00	1.1165741354e+01
3.0720000000e+02	1.5000000000e+00	9.5718541036e+00	6.1176967242e+01	7.6707499139e+00	7.4279161645e+00	1.1011854104e+01
3.0740000000e+02	1.5000000000e+00	9.4187976307e+00	6.0326653504e+01	7.6763290233e+00	7.4300032993e+00	1.0858797631e+01
3.0760000000e+02	1.5000000000e+00	9.2665955934e+00	5.9481086630e+01	7.6812117110e+00	7.4313393638e+00	1.0706595593e+01
3.0780000000e+02	1.5000000000e+00	9.1152683112e+00	5.8640379507e+01	7.6854849090e+00	7.4320074416e+00	1.0555268311e+01
3.0800000000e+02	1.5000000000e+00	8.9648331970e+00	5.7804628872e+01	7.6892246979e+00	7.4320798968e+00	1.0404833197e+01
3.0820000000e+02	1.5000000000e+00	8.8153051346e+00	5.6973917414e+01	7.6924976613e+00	7.4316197004e+00	1.0255305135e+01
3.0840000000e+02	1.5000000000e+00	8.6666968095e+00	5.6148315608e+01	7.6953620716e+00	7.4306815906e+00	1.0106696809e+01
3.0860000000e+02	1.5000000000e+00	8.5190189994e+00	5.5327883330e+01	7.6978689270e+00	7.4293130872e+00	9.9590189994e+00
3.0880000000e+02	1.5000000000e+00	8.3722808281e+00	5.4512671267e+01	7.7000628601e+00	7.4275553786e+00	9.8122808281e+00
3.0900000000e+02	1.5000000000e+00	8.2264899884e+00	5.3702722158e+01	7.7019829317e+00	7.4254440972e+00	9.6664899884e+00
3.0920000000e+02	1.5000000000e+00	8.0816529377e+00	5.2898071876e+01	7.7036633272e+00	7.4230099977e+00	9.5216529377e+00
3.0940000000e+02	1.5000000000e+00	7.9377750696e+00	5.2098750386e+01	7.7051339644e+00	7.4202795488e+00	9.3777750696e+00
3.0960000000e+02	1.5000000000e+00	7.7948608644e+00	5.1304782580e+01	7.7064210269e+00	7.4172754511e+00	9.2348608644e+00
3.0980000000e+02	1.5000000000e+00	7.6529140219e+00	5.0516189011e+01	7.7075474297e+00	7.4140170889e+00	9.0929140219e+00
3.1000000000e+02	1.5000000000e+00	7.5119375775e+00	4.9732986542e+01	7.7085332273e+00	7.4105209245e+00	8.9519375775e+00
3.1020000000e+02	1.5000000000e+00	7.3719340048e+00	4.8955188915e+01	7.7093959711e+00	7.4068008426e+00	8.8119340048e+00
3.1040000000e+02	1.5000000000e+00	7.2329053059e+00	4.8182807255e+01	7.7101510215e+00	7.4028684503e+00	8.6729053059e+00
3.1060000000e+02	1.5000000000e+00	7.0948530916e+00	4.7415850509e+01	7.7108118214e+00	7.3987333388e+00	8.5348530916e+00
3.1080000000e+02	1.5000000000e+00	6.9577786512e+00	4.6654325840e+01	7.7113901359e+00	7.3944033109e+00	8.3977786512e+00
3.1100000000e+02	1.5000000000e+00	6.8216830157e+00	4.5898238976e+01	7.7118962613e+00	7.3898845787e+00	8.2616830157e+00
3.1120000000e+02	1.5000000000e+00	6.6865670125e+00	4.5147594514e+01	7.7123392087e+00	7.3851819364e+00	8.1265670125e+00
3.1140000000e+02	1.5000000000e+00	6.5524313157e+00	4.4402396198e+01	7.7127268645e+00	7.3802989083e+00	7.9924313157e+00
3.1160000000e+02	1.5000000000e+00	6.4192764892e+00	4.3662647162e+01	7.7130661305e+00	7.3752378787e+00	7.8592764892e+00
3.1180000000e+02	1.5000000000e+00	6.2871030272e+00	4.2928350151e+01	7.7133630470e+00	7.3700002028e+00	7.7271030272e+00
3.1200000000e+02	1.5000000000e+00	6.1559113890e+00	4.2199507717e+01	7.7136229005e+00	7.3645863026e+00	7.5959113890e+00
3.1220000000e+02	1.5000000000e+00	6.0257020317e+00	4.1476122398e+01	7.7138503173e+00	7.3589957492e+00	7.4657020317e+00
3.1240000000e+02	1.5000000000e+00	5.8964754392e+00	4.0758196884e+01	7.7140493464e+00	7.3532273329e+00	7.3364754392e+00
3.1260000000e+02	1.5000000000e+00	5.7682321491e+00	4.0045734162e+01	7.7142235313e+00	7.3472791226e+00	7.2082321491e+00
3.1280000000e+02	1.5000000000e+00	5.6409727773e+00	3.9338737651e+01	7.7143759734e+00	7.3411485160e+00	7.0809727773e+00
3.1300000000e+02	1.5000000000e+00	5.5146980407e+00	3.8637211337e+01	7.7145093866e+00	7.3348322811e+00	6.9546980407e+00
3.1320000000e+02	1.5000000000e+00	5.3894087788e+00	3.7941159882e+01	7.7146261463e+00	7.3283265912e+00	6.8294087788e+00
3.1340000000e+02	1.5000000000e+00	5.2651059738e+00	3.7250588744e+01	7.7147283312e+00	7.3216270515e+00	6.7051059738e+00
3.1360000000e+02	1.5000000000e+00	5.1417907695e+00	3.6565504275e+01	7.7148177608e+00	7.3147287223e+00	6.5817907695e+00
3.1380000000e+02	1.5000000000e+00	5.0194644896e+00	3.5885913831e+01	7.7148960271e+00	7.3076261346e+00	6.4594644896e+00
3.1400000000e+02	1.5000000000e+00	4.8981286558e+00	3.5211825865e+01	7.7149645237e+00	7.3003133023e+00	6.3381286558e+00
3.1420000000e+02	1.5000000000e+00	4.7777850043e+00	3.4543250024e+01	7.7150244701e+00	7.2927837299e+00	6.2177850043e+00
3.1440000000e+02	1.5000000000e+00	4.6584355036e+00	3.3880197242e+01	7.7150769336e+00	7.2850304163e+00	6.0984355036e+00
3.1460000000e+02	1.5000000000e+00	4.5400823704e+00	3.3222679835e+01	7.7151228483e+00	7.2770458545e+00	5.9800823704e+00
3.1480000000e+02	1.5000000000e+00	4.4227280869e+00	3.2570711594e+01	7.7151630316e+00	7.2688220293e+00	5.8627280869e+00
3.1500000000e+02	1.5000000000e+00	4.3063754173e+00	3.1924307874e+01	7.7151981989e+00	7.2603504109e+00	5.7463754173e+00
3.1520000000e+02	1.5000000000e+00	4.1910274249e+00	3.1283485694e+01	7.7152289764e+00	7.2516219464e+00	5.6310274249e+00
3.1540000000e+02	1.5000000000e+00	4.0766874890e+00	3.0648263828e+01	7.7152559121e+00	7.2426270487e+00	5.5166874890e+00
3.1560000000e+02	1.5000000000e+00	3.9633593226e+00	3.0018662903e+01	7.7152794855e+00	7.2333555832e+00	5.4033593226e+00
3.1580000000e+02	1.5000000000e+00	3.8510469904e+00	2.9394705502e+01	7.7153001163e+00	7.2237968521e+00	5.2910469904e+00
3.1600000000e+02	1.5000000000e+00	3.7397549272e+00	2.8776416262e+01	7.7153181718e+00	7.2139395768e+00	5.1797549272e+00
3.1620000000e+02	1.5000000000e+00	3.6294879564e+00	2.8163821980e+01	7.7153339735e+00	7.2037718791e+00	5.0694879564e+00
3.1640000000e+02	1.5000000000e+00	3.5202513106e+00	2.7556951725e+01	7.7153478027e+00	7.1932812598e+00	4.9602513106e+00
3.1660000000e+02	1.5000000000e+00	3.4120506506e+00	2.6955836948e+01	7.7153599057e+00	7.1824545768e+00	4.8520506506e+00
3.1680000000e+02	1.5000000000e+00	3.3048920873e+00	2.6360511596e+01	7.7153704979e+00	7.1712780211e+00	4.7448920873e+00
3.1700000000e+02	1.5000000000e+00	3.1987822029e+00	2.5771012238e+01	7.7153797679e+00	7.1597370926e+00	4.6387822029e+00
3.1720000000e+02	1.5000000000e+00	3.0937280735e+00	2.5187378186e+01	7.7153878808e+00	7.1478165741e+00	4.5337280735e+00
3.1740000000e+02	1.5000000000e+00	2.9897372923e+00	2.4609651624e+01	7.7153949809e+00	7.1355005058e+00	4.4297372923e+00
3.1760000000e+02	1.5000000000e+00	2.8868179936e+00	2.4037877742e+01	7.7154011948e+00	7.1227721587e+00	4.3268179936e+00
3.1780000000e+02	1.5000000000e+00	2.7849788779e+00	2.3472104877e+01	7.7154066330e+00	7.1096140085e+00	4.2249788779e+00
3.1800000000e+02	1.5000000000e+00	2.6842292370e+00	2.2912384650e+01	7.7154113924e+00	7.0960077102e+00	4.1242292370e+00
3.1820000000e+02	1.5000000000e+00	2.5845789809e+00	2.2358772116e+01	7.7154155577e+00	7.0819340734e+00	4.0245789809e+00
3.1840000000e+02	1.5000000000e+00	2.4860386645e+00	2.1811325914e+01	7.7154192030e+00	7.0673730395e+00	3.9260386645e+00
3.1860000000e+02	1.5000000000e+00	2.3886195156e+00	2.1270108420e+01	7.7154223933e+00	7.0523036614e+00	3.8286195156e+00
3.1880000000e+02	1.5000000000e+00	2.2923334626e+00	2.0735185903e+01	7.7154251854e+00	7.0367040860e+00	3.7323334626e+00
3.1900000000e+02	1.5000000000e+00	2.1971931636e+00	2.0206628687e+01	7.7154276290e+00	7.0205515415e+00	3.6371931636e+00
3.1920000000e+02	1.5000000000e+00	2.1032120350e+00	1.9684511305e+01	7.7154297675e+00	7.0038223295e+00	3.5432120350e+00
3.1940000000e+02	1.5000000000e+00	2.0104042799e+00	1.9168912666e+01	7.7154316391e+00	6.9864918243e+00	3.4504042799e+00
3.1960000000e+02	1.5000000000e+00	1.9187849173e+00	1.8659916207e+01	7.7154332770e+00	6.9685344804e+00	3.3587849173e+00
3.1980000000e+02	1.5000000000e+00	1.8283698090e+00	1.8157610050e+01	7.7154347105e+00	6.9499238497e+00	3.2683698090e+00
3.2000000000e+02	1.5000000000e+00	1.7391756874e+00	1.7662087152e+01	7.7154359651e+00	6.9306326118e+00	3.1791756874e+00
3.2020000000e+02	1.5000000000e+00	1.6512201803e+00	1.7173445446e+01	7.7154370630e+00	6.9106326178e+00	3.0912201803e+00
3.2040000000e+02	1.5000000000e+00	1.5645218343e+00	1.6691787968e+01	7.7154380239e+00	6.8898949526e+00	3.0045218343e+00
3.2060000000e+02	1.5000000000e+00	1.4791001355e+00	1.6217222975e+01	7.7154388649e+00	6.8683900172e+00	2.9191001355e+00
3.2080000000e+02	1.5000000000e+00	1.3949755265e+00	1.5749864036e+01	7.7154396009e+00	6.8460876346e+00	2.8349755265e+00
3.2100000000e+02	1.5000000000e+00	1.3121694192e+00	1.5289830107e+01	7.7154402450e+00	6.8229571845e+00	2.7521694192e+00
3.2120000000e+02	1.5000000000e+00	1.2307042020e+00	1.4837245567e+01	7.7154408087e+00	6.7989677694e+00	2.6707042020e+00
3.2140000000e+02	1.5000000000e+00	1.1506032403e+00	1.4392240224e+01	7.7154413020e+00	6.7740884184e+00	2.5906032403e+00
3.2160000000e+02	1.5000000000e+00	1.0718908689e+00	1.3954949272e+01	7.7154417338e+00	6.7482883318e+00	2.5118908689e+00
3.2180000000e+02	1.5000000000e+00	9.9459237542e-01	1.3525513197e+01	7.7154421117e+00	6.7215371742e+00	2.4345923754e+00
3.2200000000e+02	1.5000000000e+00	9.1873397138e-01	1.3104077619e+01	7.7154424424e+00	6.6938054200e+00	2.3587339714e+00
3.2220000000e+02	1.5000000000e+00	8.4434275079e-01	1.2690793060e+01	7.7154427318e+00	6.6650647569e+00	2.2843427508e+00
3.2240000000e+02	1.5000000000e+00	7.7144663308e-01	1.2285814628e+01	7.7154429851e+00	6.6352885541e+00	2.2114466331e+00
3.2260000000e+02	1.5000000000e+00	7.0007428836e-01	1.1889301602e+01	7.7154432068e+00	6.6044523985e+00	2.1400742884e+00
3.2280000000e+02	1.5000000000e+00	6.3025504263e-01	1.1501416904e+01	7.7154434008e+00	6.5725347037e+00	2.0702550426e+00
3.2300000000e+02	1.5000000000e+00	5.6201876034e-01	1.1122326446e+01	7.7154435705e+00	6.5395173959e+00	2.0020187603e+00
3.2320000000e+02	1.5000000000e+00	4.9539570158e-01	1.0752198342e+01	7.7154437191e+00	6.5053866745e+00	1.9353957016e+00
3.2340000000e+02	1.5000000000e+00	4.3041635159e-01	1.0391201953e+01	7.7154438492e+00	6.4701338497e+00	1.8704163516e+00
3.2360000000e+02	1.5000000000e+00	3.6711121984e-01	1.0039506777e+01	7.7154439630e+00	6.4337562484e+00	1.8071112198e+00
3.2380000000e+02	1.5000000000e+00	3.0551060677e-01	9.6972811487e+00	7.7154440626e+00	6.3962581826e+00	1.7455106068e+00
3.2400000000e+02	1.5000000000e+00	2.4564433612e-01	9.3646907562e+00	7.7154441498e+00	6.3576519643e+00	1.6856443361e+00
3.2420000000e+02	1.5000000000e+00	1.8754145209e-01	9.0418969560e+00	7.7154442261e+00	6.3179589467e+00	1.6275414521e+00
3.2440000000e+02	1.5000000000e+00	1.3122988059e-01	8.7290548922e+00	7.7154442928e+00	6.2772105676e+00	1.5712298806e+00
3.2460000000e+02	1.5000000000e+00	7.6736055816e-02	8.4263114212e+00	7.7154443513e+00	6.2354493579e+00	1.5167360558e+00
3.2480000000e+02	1.5000000000e+00	2.4084513832e-02	8.1338028546e+00	7.7154444024e+00	6.1927298769e+00	1.4640845138e+00
3.2500000000e+02	1.5000000000e+00	-2.6702542797e-02	7.8516525400e+00	7.7154444472e+00	6.1491195254e+00	1.4132974572e+00
3.2520000000e+02	1.5000000000e+00	-7.5605704020e-02	7.5799683110e+00	7.7154444863e+00	6.1046991820e+00	1.3643942960e+00
3.2540000000e+02	1.5000000000e+00	-1.2260882738e-01	7.3188398479e+00	7.7154445206e+00	6.0595636070e+00	1.3173911726e+00
3.2560000000e+02	1.5000000000e+00	-1.6769951966e-01	7.0683360019e+00	7.7154445506e+00	6.0138215519e+00	1.2723004803e+00
3.2580000000e+02	1.5000000000e+00	-2.1086961340e-01	6.8285021478e+00	7.7154445769e+00	5.9675955199e+00	1.2291303866e+00
3.2600000000e+02	1.5000000000e+00	-2.5211562506e-01	6.5993576386e+00	7.7154445998e+00	5.9210211268e+00	1.1878843749e+00
3.2620000000e+02	1.5000000000e+00	-2.9143917958e-01	6.3808934468e+00	7.7154446199e+00	5.8742460248e+00	1.1485608204e+00
3.2640000000e+02	1.5000000000e+00	-3.2884738570e-01	6.1730700794e+00	7.7154446375e+00	5.8274283689e+00	1.1111526143e+00
3.2660000000e+02	1.5000000000e+00	-3.6435314572e-01	5.9758158571e+00	7.7154446529e+00	5.7807348274e+00	1.0756468543e+00
3.2680000000e+02	1.5000000000e+00	-3.9797538420e-01	5.7890256433e+00	7.7154446664e+00	5.7343381661e+00	1.0420246158e+00
3.2700000000e+02	1.5000000000e+00	-4.2973918173e-01	5.6125601015e+00	7.7154446782e+00	5.6884144610e+00	1.0102608183e+00
3.2720000000e+02	1.5000000000e+00	-4.5967580238e-01	5.4462455423e+00	7.7154446885e+00	5.6431400231e+00	9.8032419762e-01
3.2740000000e+02	1.5000000000e+00	-4.8782260708e-01	5.2898744051e+00	7.7154446976e+00	5.5986881477e+00	9.5217739292e-01
3.2760000000e+02	1.5000000000e+00	-5.1422284952e-01	5.1432063916e+00	7.7154447055e+00	5.5552258115e+00	9.2577715048e-01
3.2780000000e+02	1.5000000000e+00	-5.3892535598e-01	5.0059702446e+00	7.7154447124e+00	5.5129104615e+00	9.0107464402e-01
3.2800000000e+02	1.5000000000e+00	-5.6198409544e-01	4.8778661365e+00	7.7154447185e+00	5.4718870320e+00	8.7801590456e-01
3.2820000000e+02	1.5000000000e+00	-5.8345765135e-01	4.7585686036e+00	7.7154447238e+00	5.4322853223e+00	8.5654234865e-01
3.2840000000e+02	1.5000000000e+00	-6.0340861061e-01	4.6477299411e+00	7.7154447284e+00	5.3942178444e+00	8.3659138939e-01
3.2860000000e+02	1.5000000000e+00	-6.2190288862e-01	4.5449839521e+00	7.7154447325e+00	5.3577782236e+00	8.1809711138e-01
3.2880000000e+02	1.5000000000e+00	-6.3900901179e-01	4.4499499345e+00	7.7154447360e+00	5.3230402013e+00	8.0099098821e-01
3.2900000000e+02	1.5000000000e+00	-6.5479737948e-01	4.3622367806e+00	7.7154447391e+00	5.2900572520e+00	7.8520262052e-01
3.2920000000e+02	1.5000000000e+00	-6.6933952747e-01	4.2814470696e+00	7.7154447419e+00	5.2588627930e+00	7.7066047253e-01
3.2940000000e+02	1.5000000000e+00	-6.8270741322e-01	4.2071810377e+00	7.7154447442e+00	5.2294709350e+00	7.5729258678e-01
3.2960000000e+02	1.5000000000e+00	-6.9497274093e-01	4.1390403282e+00	7.7154447463e+00	5.2018776955e+00	7.4502725907e-01
3.2980000000e+02	1.5000000000e+00	-7.0620634116e-01	4.0766314380e+00	7.7154447481e+00	5.1760625832e+00	7.3379365884e-01
3.3000000000e+02	1.5000000000e+00	-7.1647761620e-01	4.0195687989e+00	7.7154447497e+00	5.1519904534e+00	7.2352238380e-01
3.3020000000e+02	1.5000000000e+00	-7.2585405862e-01	3.9674774521e+00	7.7154447511e+00	5.1296135308e+00	7.1414594138e-01
3.3040000000e+02	1.5000000000e+00	-7.3440084701e-01	3.9199952944e+00	7.7154447524e+00	5.1088735074e+00	7.0559915299e-01
3.3060000000e+02	1.5000000000e+00	-7.4218051935e-01	3.8767748925e+00	7.7154447534e+00	5.0897036303e+00	6.9781948065e-01
3.3080000000e+02	1.5000000000e+00	-7.4925272218e-01	3.8374848768e+00	7.7154447544e+00	5.0720307097e+00	6.9074727782e-01
3.3100000000e+02	1.5000000000e+00	-7.5567403095e-01	3.8018109392e+00	7.7154447552e+00	5.0557769942e+00	6.8432596905e-01
3.3120000000e+02	1.5000000000e+00	-7.6149783584e-01	3.7694564675e+00	7.7154447559e+00	5.0408618730e+00	6.7850216416e-01
3.3140000000e+02	1.5000000000e+00	-7.6677428586e-01	3.7401428563e+00	7.7154447565e+00	5.0272033836e+00	6.7322571414e-01
3.3160000000e+02	1.5000000000e+00	-7.7155028370e-01	3.7136095350e+00	7.7154447571e+00	5.0147195116e+00	6.6844971630e-01
3.3180000000e+02	1.5000000000e+00	-7.7586952354e-01	3.6896137581e+00	7.7154447576e+00	5.0033292834e+00	6.6413047646e-01
3.3200000000e+02	1.5000000000e+00	-7.7977256420e-01	3.6679301989e+00	7.7154447580e+00	4.9929536590e+00	6.6022743580e-01
3.3220000000e+02	1.5000000000e+00	-7.8329693053e-01	3.6483503860e+00	7.7154447584e+00	4.9835162372e+00	6.5670306947e-01
3.3240000000e+02	1.5000000000e+00	-7.8647723635e-01	3.6306820203e+00	7.7154447587e+00	4.9749437924e+00	6.5352276365e-01
3.3260000000e+02	1.5000000000e+00	-7.8934532323e-01	3.6147482043e+00	7.7154447590e+00	4.9671666605e+00	6.5065467677e-01
3.3280000000e+02	1.5000000000e+00	-7.9193040987e-01	3.6003866118e+00	7.7154447592e+00	4.9601189955e+00	6.4806959013e-01
3.3300000000e+02	1.5000000000e+00	-7.9425924773e-01	3.5874486237e+00	7.7154447594e+00	4.9537389151e+00	6.4574075227e-01
3.3320000000e+02	1.5000000000e+00	-7.9635627931e-01	3.5757984483e+00	7.7154447596e+00	4.9479685564e+00	6.4364372069e-01
3.3340000000e+02	1.5000000000e+00	-7.9824379608e-01	3.5653122440e+00	7.7154447598e+00	4.9427540565e+00	6.4175620392e-01
3.3360000000e+02	1.5000000000e+00	-7.9994209365e-01	3.5558772575e+00	7.7154447599e+00	4.9380454754e+00	6.4005790635e-01
3.3380000000e+02	1.5000000000e+00	-8.0146962250e-01	3.5473909861e+00	7.7154447600e+00	4.9337966738e+00	6.3853037750e-01
3.3400000000e+02	1.5000000000e+00	-8.0284313268e-01	3.5397603740e+00	7.7154447602e+00	4.9299651584e+00	6.3715686732e-01
3.3420000000e+02	1.5000000000e+00	-8.0407781170e-01	3.5329010461e+00	7.7154447603e+00	4.9265119035e+00	6.3592218830e-01
3.3440000000e+02	1.5000000000e+00	-8.0518741494e-01	3.5267365837e+00	7.7154447603e+00	4.9234011579e+00	6.3481258506e-01
3.3460000000e+02	1.5000000000e+00	-8.0618438810e-01	3.5211978439e+00	7.7154447604e+00	4.9206002435e+00	6.3381561190e-01
3.3480000000e+02	1.5000000000e+00	-8.0707998169e-01	3.5162223239e+00	7.7154447605e+00	4.9180793508e+00	6.3292001831e-01
3.3500000000e+02	1.5000000000e+00	-8.0788435749e-01	3.5117535695e+00	7.7154447605e+00	4.9158113360e+00	6.3211564251e-01
3.3520000000e+02	1.5000000000e+00	-8.0860668712e-01	3.5077406271e+00	7.7154447606e+00	4.9137715218e+00	6.3139331288e-01
3.3540000000e+02	1.5000000000e+00	-8.0925524305e-01	3.5041375386e+00	7.7154447606e+00	4.9119375058e+00	6.3074475695e-01
3.3560000000e+02	1.5000000000e+00	-8.0983748228e-01	3.5009028762e+00	7.7154447607e+00	4.9102889765e+00	6.3016251772e-01
3.3580000000e+02	1.5000000000e+00	-8.1036012313e-01	3.4979993159e+00	7.7154447607e+00	4.9088075397e+00	6.2963987687e-01
3.3600000000e+02	1.5000000000e+00	-8.1082921549e-01	3.4953932473e+00	7.7154447607e+00	4.9074765541e+00	6.2917078451e-01
3.3620000000e+02	1.5000000000e+00	-8.1125020495e-01	3.4930544170e+00	7.7154447608e+00	4.9062809786e+00	6.2874979505e-01
3.3640000000e+02	1.5000000000e+00	-8.1162799125e-01	3.4909556042e+00	7.7154447608e+00	4.9052072295e+00	6.2837200875e-01
3.3660000000e+02	1.5000000000e+00	-8.1196698147e-01	3.4890723252e+00	7.7154447608e+00	4.9042430481e+00	6.2803301853e-01
3.3680000000e+02	1.5000000000e+00	-8.1227113829e-01	3.4873825651e+00	7.7154447608e+00	4.9033773792e+00	6.2772886171e-01
3.3700000000e+02	1.5000000000e+00	-8.1254402381e-01	3.4858665344e+00	7.7154447608e+00	4.9026002585e+00	6.2745597619e-01
3.3720000000e+02	1.5000000000e+00	-8.1278883924e-01	3.4845064486e+00	7.7154447608e+00	4.9019027099e+00	6.2721116076e-01
3.3740000000e+02	1.5000000000e+00	-8.1300846079e-01	3.4832863290e+00	7.7154447609e+00	4.9012766515e+00	6.2699153921e-01
3.3760000000e+02	1.5000000000e+00	-8.1320547212e-01	3.4821918215e+00	7.7154447609e+00	4.9007148090e+00	6.2679452788e-01
3.3780000000e+02	1.5000000000e+00	-8.1338219373e-01	3.4812100348e+00	7.7154447609e+00	4.9002106385e+00	6.2661780627e-01
3.3800000000e+02	1.5000000000e+00	-8.1354070937e-01	3.4803293924e+00	7.7154447609e+00	4.8997582543e+00	6.2645929063e-01
3.3820000000e+02	1.5000000000e+00	-8.1368288991e-01	3.4795395005e+00	7.7154447609e+00	4.8993523647e+00	6.2631711009e-01
3.3840000000e+02	1.5000000000e+00	-8.1381041492e-01	3.4788310282e+00	7.7154447609e+00	4.8989882135e+00	6.2618958508e-01
3.3860000000e+02	1.5000000000e+00	-8.1392479198e-01	3.4781956001e+00	7.7154447609e+00	4.8986615264e+00	6.2607520802e-01
3.3880000000e+02	1.5000000000e+00	-8.1402737423e-01	3.4776256987e+00	7.7154447609e+00	4.8983684635e+00	6.2597262577e-01
3.3900000000e+02	1.5000000000e+00	-8.1411937598e-01	3.4771145779e+00	7.7154447609e+00	4.8981055758e+00	6.2588062402e-01
3.3920000000e+02	1.5000000000e+00	-8.1420188695e-01	3.4766561836e+00	7.7154447609e+00	4.8978697654e+00	6.2579811305e-01
3.3940000000e+02	1.5000000000e+00	-8.1427588491e-01	3.4762450839e+00	7.7154447609e+00	4.8976582511e+00	6.2572411509e-01
3.3960000000e+02	1.5000000000e+00	-8.1434224715e-01	3.4758764047e+00	7.7154447609e+00	4.8974685355e+00	6.2565775285e-01
3.3980000000e+02	1.5000000000e+00	-8.1440176078e-01	3.4755457734e+00	7.7154447609e+00	4.8972983769e+00	6.2559823922e-01
3.4000000000e+02	1.5000000000e+00	-8.1445513190e-01	3.4752492672e+00	7.7154447609e+00	4.8971457632e+00	6.2554486810e-01
3.4020000000e+02	1.5000000000e+00	-8.1450299396e-01	3.4749833669e+00	7.7154447609e+00	4.8970088886e+00	6.2549700604e-01
3.4040000000e+02	1.5000000000e+00	-8.1454591518e-01	3.4747449157e+00	7.7154447609e+00	4.8968861322e+00	6.2545408482e-01
3.4060000000e+02	1.5000000000e+00	-8.1458440527e-01	3.4745310819e+00	7.7154447609e+00	4.8967760401e+00	6.2541559473e-01
3.4080000000e+02	1.5000000000e+00	-8.1461892140e-01	3.4743393255e+00	7.7154447609e+00	4.8966773071e+00	6.2538107860e-01
3.4100000000e+02	1.5000000000e+00	-8.1464987366e-01	3.4741673685e+00	7.7154447609e+00	4.8965887627e+00	6.2535012634e-01
3.4120000000e+02	1.5000000000e+00	-8.1467762984e-01	3.4740131675e+00	7.7154447609e+00	4.8965093566e+00	6.2532237016e-01
3.4140000000e+02	1.5000000000e+00	-8.1470251982e-01	3.4738748899e+00	7.7154447609e+00	4.8964381464e+00	6.2529748018e-01
3.4160000000e+02	1.5000000000e+00	-8.1472483946e-01	3.4737508919e+00	7.7154447609e+00	4.8963742869e+00	6.2527516054e-01
3.4180000000e+02	1.5000000000e+00	-8.1474485409e-01	3.4736396995e+00	7.7154447609e+00	4.8963170198e+00	6.2525514591e-01
3.4200000000e+02	1.5000000000e+00	-8.1476280168e-01	3.4735399906e+00	7.7154447609e+00	4.8962656651e+00	6.2523719832e-01
3.4220000000e+02	1.5000000000e+00	-8.1477889566e-01	3.4734505797e+00	7.7154447609e+00	4.8962196127e+00	6.2522110434e-01
3.4240000000e+02	1.5000000000e+00	-8.1479332741e-01	3.4733704033e+00	7.7154447609e+00	4.8961783154e+00	6.2520667259e-01
3.4260000000e+02	1.5000000000e+00	-8.1480626857e-01	3.4732985079e+00	7.7154447609e+00	4.8961412825e+00	6.2519373143e-01
3.4280000000e+02	1.5000000000e+00	-8.1481787307e-01	3.4732340385e+00	7.7154447609e+00	4.8961080738e+00	6.2518212693e-01
3.4300000000e+02	1.5000000000e+00	-8.1482827895e-01	3.4731762281e+00	7.7154447609e+00	4.8960782946e+00	6.2517172105e-01
3.4320000000e+02	1.5000000000e+00	-8.1483760998e-01	3.4731243890e+00	7.7154447609e+00	4.8960515908e+00	6.2516239002e-01
3.4340000000e+02	1.5000000000e+00	-8.1484597717e-01	3.4730779046e+00	7.7154447609e+00	4.8960276449e+00	6.2515402283e-01
3.4360000000e+02	1.5000000000e+00	-8.1485348007e-01	3.4730362218e+00	7.7154447609e+00	4.8960061721e+00	6.2514651993e-01
3.4380000000e+02	1.5000000000e+00	-8.1486020795e-01	3.4729988447e+00	7.7154447609e+00	4.8959869171e+00	6.2513979205e-01
3.4400000000e+02	1.5000000000e+00	-8.1486624086e-01	3.4729653286e+00	7.7154447609e+00	4.8959696509e+00	6.2513375914e-01
3.4420000000e+02	1.5000000000e+00	-8.1487165057e-01	3.4729352746e+00	7.7154447609e+00	4.8959541681e+00	6.2512834943e-01
3.4440000000e+02	1.5000000000e+00	-8.1487650145e-01	3.4729083253e+00	7.7154447609e+00	4.8959402846e+00	6.2512349855e-01
3.4460000000e+02	1.5000000000e+00	-8.1488085124e-01	3.4728841598e+00	7.7154447609e+00	4.8959278351e+00	6.2511914876e-01
3.4480000000e+02	1.5000000000e+00	-8.1488475169e-01	3.4728624906e+00	7.7154447609e+00	4.8959166715e+00	6.2511524831e-01
3.4500000000e+02	1.5000000000e+00	-8.1488824921e-01	3.4728430600e+00	7.7154447609e+00	4.8959066611e+00	6.2511175079e-01
3.4520000000e+02	1.5000000000e+00	-8.1489138542e-01	3.4728256365e+00	7.7154447609e+00	4.8958976848e+00	6.2510861458e-01
3.4540000000e+02	1.5000000000e+00	-8.1489419766e-01	3.4728100130e+00	7.7154447609e+00	4.8958896357e+00	6.2510580234e-01
3.4560000000e+02	1.5000000000e+00	-8.1489671937e-01	3.4727960035e+00	7.7154447609e+00	4.8958824180e+00	6.2510328063e-01
3.4580000000e+02	1.5000000000e+00	-8.1489898059e-01	3.4727834412e+00	7.7154447609e+00	4.8958759460e+00	6.2510101941e-01
3.4600000000e+02	1.5000000000e+00	-8.1490100820e-01	3.4727721767e+00	7.7154447609e+00	4.8958701425e+00	6.2509899180e-01
3.4620000000e+02	1.5000000000e+00	-8.1490282636e-01	3.4727620758e+00	7.7154447609e+00	4.8958649385e+00	6.2509717364e-01
3.4640000000e+02	1.5000000000e+00	-8.1490445668e-01	3.4727530184e+00	7.7154447609e+00	4.8958602721e+00	6.2509554332e-01
3.4660000000e+02	1.5000000000e+00	-8.1490591859e-01	3.4727448967e+00	7.7154447609e+00	4.8958560878e+00	6.2509408141e-01
3.4680000000e+02	1.5000000000e+00	-8.1490722947e-01	3.4727376141e+00	7.7154447609e+00	4.8958523357e+00	6.2509277053e-01
3.4700000000e+02	1.5000000000e+00	-8.1490840492e-01	3.4727310838e+00	7.7154447609e+00	4.8958489712e+00	6.2509159508e-01
3.4720000000e+02	1.5000000000e+00	-8.1490945895e-01	3.4727252281e+00	7.7154447609e+00	4.8958459543e+00	6.2509054105e-01
3.4740000000e+02	1.5000000000e+00	-8.1491040409e-01	3.4727199773e+00	7.7154447609e+00	4.8958432491e+00	6.2508959591e-01
3.4760000000e+02	1.5000000000e+00	-8.1491125158e-01	3.4727152690e+00	7.7154447609e+00	4.8958408233e+00	6.2508874842e-01
3.4780000000e+02	1.5000000000e+00	-8.1491201153e-01	3.4727110471e+00	7.7154447609e+00	4.8958386481e+00	6.2508798847e-01
3.4800000000e+02	1.5000000000e+00	-8.1491269296e-01	3.4727072613e+00	7.7154447609e+00	4.8958366977e+00	6.2508730704e-01
3.4820000000e+02	1.5000000000e+00	-8.1491330400e-01	3.4727038667e+00	7.7154447609e+00	4.8958349487e+00	6.2508669600e-01
3.4840000000e+02	1.5000000000e+00	-8.1491385192e-01	3.4727008227e+00	7.7154447609e+00	4.8958333804e+00	6.2508614808e-01
3.4860000000e+02	1.5000000000e+00	-8.1491434322e-01	3.4726980932e+00	7.7154447609e+00	4.8958319741e+00	6.2508565678e-01
3.4880000000e+02	1.5000000000e+00	-8.1491478378e-01	3.4726956457e+00	7.7154447609e+00	4.8958307131e+00	6.2508521622e-01
3.4900000000e+02	1.5000000000e+00	-8.1491517882e-01	3.4726934510e+00	7.7154447609e+00	4.8958295824e+00	6.2508482118e-01
3.4920000000e+02	1.5000000000e+00	-8.1491553305e-01	3.4726914831e+00	7.7154447609e+00	4.8958285685e+00	6.2508446695e-01
3.4940000000e+02	1.5000000000e+00	-8.1491585068e-01	3.4726897184e+00	7.7154447609e+00	4.8958276593e+00	6.2508414932e-01
3.4960000000e+02	1.5000000000e+00	-8.1491613550e-01	3.4726881361e+00	7.7154447609e+00	4.8958268441e+00	6.2508386450e-01
3.4980000000e+02	1.5000000000e+00	-8.1491639090e-01	3.4726867172e+00	7.7154447609e+00	4.8958261131e+00	6.2508360910e-01
3.5000000000e+02	1.5000000000e+00	-8.1491661991e-01	3.4726854449e+00	7.7154447609e+00	4.8958254576e+00	6.2508338009e-01
3.5020000000e+02	1.5000000000e+00	-8.1491682526e-01	3.4726843041e+00	7.7154447609e+00	4.8958248698e+00	6.2508317474e-01
3.5040000000e+02	1.5000000000e+00	-8.1491700940e-01	3.4726832811e+00	7.7154447609e+00	4.8958243427e+00	6.2508299060e-01
3.5060000000e+02	1.5000000000e+00	-8.1491717452e-01	3.4726823638e+00	7.7154447609e+00	4.8958238701e+00	6.2508282548e-01
3.5080000000e+02	1.5000000000e+00	-8.1491732258e-01	3.4726815412e+00	7.7154447609e+00	4.8958234463e+00	6.2508267742e-01
3.5100000000e+02	1.5000000000e+00	-8.1491745534e-01	3.4726808037e+00	7.7154447609e+00	4.8958230663e+00	6.2508254466e-01
3.5120000000e+02	1.5000000000e+00	-8.1491757438e-01	3.4726801423e+00	7.7154447609e+00	4.8958227256e+00	6.2508242562e-01
3.5140000000e+02	1.5000000000e+00	-8.1491768113e-01	3.4726795493e+00	7.7154447609e+00	4.8958224200e+00	6.2508231887e-01
3.5160000000e+02	1.5000000000e+00	-8.1491777685e-01	3.4726790175e+00	7.7154447609e+00	4.8958221460e+00	6.2508222315e-01
3.5180000000e+02	1.5000000000e+00	-8.1491786268e-01	3.4726785407e+00	7.7154447609e+00	4.8958219003e+00	6.2508213732e-01
3.5200000000e+02	1.5000000000e+00	-8.1491793965e-01	3.4726781131e+00	7.7154447609e+00	4.8958216801e+00	6.2508206035e-01
3.5220000000e+02	1.5000000000e+00	-8.1491800866e-01	3.4726777297e+00	7.7154447609e+00	4.8958214825e+00	6.2508199134e-01
3.5240000000e+02	1.5000000000e+00	-8.1491807054e-01	3.4726773859e+00	7.7154447609e+00	4.8958213054e+00	6.2508192946e-01
3.5260000000e+02	1.5000000000e+00	-8.1491812603e-01	3.4726770776e+00	7.7154447609e+00	4.8958211466e+00	6.2508187397e-01
3.5280000000e+02	1.5000000000e+00	-8.1491817579e-01	3.4726768012e+00	7.7154447609e+00	4.8958210041e+00	6.2508182421e-01
3.5300000000e+02	1.5000000000e+00	-8.1491822041e-01	3.4726765533e+00	7.7154447609e+00	4.8958208764e+00	6.2508177959e-01
3.5320000000e+02	1.5000000000e+00	-8.1491826042e-01	3.4726763310e+00	7.7154447609e+00	4.8958207619e+00	6.2508173958e-01
3.5340000000e+02	1.5000000000e+00	-8.1491829629e-01	3.4726761317e+00	7.7154447609e+00	4.8958206592e+00	6.2508170371e-01
3.5360000000e+02	1.5000000000e+00	-8.1491832846e-01	3.4726759530e+00	7.7154447609e+00	4.8958205671e+00	6.2508167154e-01
3.5380000000e+02	1.5000000000e+00	-8.1491835730e-01	3.4726757928e+00	7.7154447609e+00	4.8958204846e+00	6.2508164270e-01
3.5400000000e+02	1.5000000000e+00	-8.1491838317e-01	3.4726756491e+00	7.7154447609e+00	4.8958204105e+00	6.2508161683e-01
3.5420000000e+02	1.5000000000e+00	-8.1491840636e-01	3.4726755202e+00	7.7154447609e+00	4.8958203442e+00	6.2508159364e-01
3.5440000000e+02	1.5000000000e+00	-8.1491842716e-01	3.4726754047e+00	7.7154447609e+00	4.8958202846e+00	6.2508157284e-01
3.5460000000e+02	1.5000000000e+00	-8.1491844581e-01	3.4726753011e+00	7.7154447609e+00	4.8958202313e+00	6.2508155419e-01
3.5480000000e+02	1.5000000000e+00	-8.1491846253e-01	3.4726752082e+00	7.7154447609e+00	4.8958201834e+00	6.2508153747e-01
3.5500000000e+02	1.5000000000e+00	-8.1491847752e-01	3.4726751249e+00	7.7154447609e+00	4.8958201405e+00	6.2508152248e-01
3.5520000000e+02	1.5000000000e+00	-8.1491849097e-01	3.4726750502e+00	7.7154447609e+00	4.8958201020e+00	6.2508150903e-01
3.5540000000e+02	1.5000000000e+00	-8.1491850303e-01	3.4726749832e+00	7.7154447609e+00	4.8958200675e+00	6.2508149697e-01
3.5560000000e+02	1.5000000000e+00	-8.1491851384e-01	3.4726749231e+00	7.7154447609e+00	4.8958200365e+00	6.2508148616e-01
3.5580000000e+02	1.5000000000e+00	-8.1491852353e-01	3.4726748693e+00	7.7154447609e+00	4.8958200088e+00	6.2508147647e-01
3.5600000000e+02	1.5000000000e+00	-8.1491853222e-01	3.4726748210e+00	7.7154447609e+00	4.8958199839e+00	6.2508146778e-01
3.5620000000e+02	1.5000000000e+00	-8.1491854002e-01	3.4726747777e+00	7.7154447609e+00	4.8958199616e+00	6.2508145998e-01
3.5640000000e+02	1.5000000000e+00	-8.1491854701e-01	3.4726747388e+00	7.7154447609e+00	4.8958199416e+00	6.2508145299e-01
3.5660000000e+02	1.5000000000e+00	-8.1491855327e-01	3.4726747040e+00	7.7154447609e+00	4.8958199236e+00	6.2508144673e-01
3.5680000000e+02	1.5000000000e+00	-8.1491855889e-01	3.4726746728e+00	7.7154447609e+00	4.8958199076e+00	6.2508144111e-01
3.5700000000e+02	1.5000000000e+00	-8.1491856393e-01	3.4726746448e+00	7.7154447609e+00	4.8958198931e+00	6.2508143607e-01
3.5720000000e+02	1.5000000000e+00	-8.1491856845e-01	3.4726746197e+00	7.7154447609e+00	4.8958198802e+00	6.2508143155e-01
3.5740000000e+02	1.5000000000e+00	-8.1491857250e-01	3.4726745972e+00	7.7154447609e+00	4.8958198686e+00	6.2508142750e-01
3.5760000000e+02	1.5000000000e+00	-8.1491857614e-01	3.4726745770e+00	7.7154447609e+00	4.8958198582e+00	6.2508142386e-01
3.5780000000e+02	1.5000000000e+00	-8.1491857939e-01	3.4726745589e+00	7.7154447609e+00	4.8958198489e+00	6.2508142061e-01
3.5800000000e+02	1.5000000000e+00	-8.1491858232e-01	3.4726745427e+00	7.7154447609e+00	4.8958198405e+00	6.2508141768e-01
3.5820000000e+02	1.5000000000e+00	-8.1491858494e-01	3.4726745281e+00	7.7154447609e+00	4.8958198330e+00	6.2508141506e-01
3.5840000000e+02	1.5000000000e+00	-8.1491858728e-01	3.4726745151e+00	7.7154447609e+00	4.8958198263e+00	6.2508141272e-01
3.5860000000e+02	1.5000000000e+00	-8.1491858939e-01	3.4726745034e+00	7.7154447609e+00	4.8958198203e+00	6.2508141061e-01
3.5880000000e+02	1.5000000000e+00	-8.1491859128e-01	3.4726744929e+00	7.7154447609e+00	4.8958198149e+00	6.2508140872e-01
3.5900000000e+02	1.5000000000e+00	-8.1491859297e-01	3.4726744835e+00	7.7154447609e+00	4.8958198100e+00	6.2508140703e-01
3.5920000000e+02	1.5000000000e+00	-8.1491859449e-01	3.4726744750e+00	7.7154447609e+00	4.8958198057e+00	6.2508140551e-01
3.5940000000e+02	1.5000000000e+00	-8.1491859585e-01	3.4726744675e+00	7.7154447609e+00	4.8958198018e+00	6.2508140415e-01
3.5960000000e+02	1.5000000000e+00	-8.1491859707e-01	3.4726744607e+00	7.7154447609e+00	4.8958197983e+00	6.2508140293e-01
3.5980000000e+02	1.5000000000e+00	-8.1491859817e-01	3.4726744546e+00	7.7154447609e+00	4.8958197951e+00	6.2508140183e-01
3.6000000000e+02	1.5000000000e+00	-8.1491859915e-01	3.4726744492e+00	7.7154447609e+00	4.8958197923e+00	6.2508140085e-01
3.6020000000e+02	1.5000000000e+00	-8.1491860003e-01	3.4726744443e+00	7.7154447609e+00	4.8958197898e+00	6.2508139997e-01
3.6040000000e+02	1.5000000000e+00	-8.1491860082e-01	3.4726744399e+00	7.7154447609e+00	4.8958197876e+00	6.2508139918e-01
3.6060000000e+02	1.5000000000e+00	-8.1491860153e-01	3.4726744360e+00	7.7154447609e+00	4.8958197855e+00	6.2508139847e-01
3.6080000000e+02	1.5000000000e+00	-8.1491860216e-01	3.4726744324e+00	7.7154447609e+00	4.8958197837e+00	6.2508139784e-01
3.6100000000e+02	1.5000000000e+00	-8.1491860273e-01	3.4726744293e+00	7.7154447609e+00	4.8958197821e+00	6.2508139727e-01
3.6120000000e+02	1.5000000000e+00	-8.1491860324e-01	3.4726744264e+00	7.7154447609e+00	4.8958197806e+00	6.2508139676e-01
3.6140000000e+02	1.5000000000e+00	-8.1491860370e-01	3.4726744239e+00	7.7154447609e+00	4.8958197793e+00	6.2508139630e-01
3.6160000000e+02	1.5000000000e+00	-8.1491860411e-01	3.4726744216e+00	7.7154447609e+00	4.8958197781e+00	6.2508139589e-01
3.6180000000e+02	1.5000000000e+00	-8.1491860448e-01	3.4726744196e+00	7.7154447609e+00	4.8958197771e+00	6.2508139552e-01
3.6200000000e+02	1.5000000000e+00	-8.1491860481e-01	3.4726744177e+00	7.7154447609e+00	4.8958197761e+00	6.2508139519e-01
3.6220000000e+02	1.5000000000e+00	-8.1491860510e-01	3.4726744161e+00	7.7154447609e+00	4.8958197753e+00	6.2508139490e-01
3.6240000000e+02	1.5000000000e+00	-8.1491860537e-01	3.4726744146e+00	7.7154447609e+00	4.8958197745e+00	6.2508139463e-01
3.6260000000e+02	1.5000000000e+00	-8.1491860561e-01	3.4726744133e+00	7.7154447609e+00	4.8958197739e+00	6.2508139439e-01
3.6280000000e+02	1.5000000000e+00	-8.1491860582e-01	3.4726744121e+00	7.7154447609e+00	4.8958197732e+00	6.2508139418e-01
3.6300000000e+02	1.5000000000e+00	-8.1491860601e-01	3.4726744110e+00	7.7154447609e+00	4.8958197727e+00	6.2508139399e-01
3.6320000000e+02	1.5000000000e+00	-8.1491860618e-01	3.4726744101e+00	7.7154447609e+00	4.8958197722e+00	6.2508139382e-01
3.6340000000e+02	1.5000000000e+00	-8.1491860634e-01	3.4726744092e+00	7.7154447609e+00	4.8958197718e+00	6.2508139366e-01
3.6360000000e+02	1.5000000000e+00	-8.1491860648e-01	3.4726744085e+00	7.7154447609e+00	4.8958197714e+00	6.2508139352e-01
3.6380000000e+02	1.5000000000e+00	-8.1491860660e-01	3.4726744078e+00	7.7154447609e+00	4.8958197710e+00	6.2508139340e-01
3.6400000000e+02	1.5000000000e+00	-8.1491860671e-01	3.4726744072e+00	7.7154447609e+00	4.8958197707e+00	6.2508139329e-01
3.6420000000e+02	1.5000000000e+00	-8.1491860681e-01	3.4726744066e+00	7.7154447609e+00	4.8958197704e+00	6.2508139319e-01
3.6440000000e+02	1.5000000000e+00	-8.1491860690e-01	3.4726744061e+00	7.7154447609e+00	4.8958197702e+00	6.2508139310e-01
3.6460000000e+02	1.5000000000e+00	-8.1491860698e-01	3.4726744057e+00	7.7154447609e+00	4.8958197699e+00	6.2508139302e-01
3.6480000000e+02	1.5000000000e+00	-8.1491860705e-01	3.4726744053e+00	7.7154447609e+00	4.8958197697e+00	6.2508139295e-01
3.6500000000e+02	1.5000000000e+00	-8.1491860711e-01	3.4726744049e+00	7.7154447609e+00	4.8958197695e+00	6.2508139289e-01
3.6520000000e+02	1.5000000000e+00	-8.1491860717e-01	3.4726744046e+00	7.7154447609e+00	4.8958197694e+00	6.2508139283e-01
3.6540000000e+02	1.5000000000e+00	-8.1491860722e-01	3.4726744043e+00	7.7154447609e+00	4.8958197692e+00	6.2508139278e-01
3.6560000000e+02	1.5000000000e+00	-8.1491860727e-01	3.4726744041e+00	7.7154447609e+00	4.8958197691e+00	6.2508139273e-01
3.6580000000e+02	1.5000000000e+00	-8.1491860731e-01	3.4726744038e+00	7.7154447609e+00	4.8958197690e+00	6.2508139269e-01
3.6600000000e+02	1.5000000000e+00	-8.1491860735e-01	3.4726744036e+00	7.7154447609e+00	4.8958197689e+00	6.2508139265e-01
3.6620000000e+02	1.5000000000e+00	-8.1491860738e-01	3.4726744034e+00	7.7154447609e+00	4.8958197688e+00	6.2508139262e-01
3.6640000000e+02	1.5000000000e+00	-8.1491860741e-01	3.4726744033e+00	7.7154447609e+00	4.8958197687e+00	6.2508139259e-01
3.6660000000e+02	1.5000000000e+00	-8.1491860744e-01	3.4726744031e+00	7.7154447609e+00	4.8958197686e+00	6.2508139256e-01
3.6680000000e+02	1.5000000000e+00	-8.1491860746e-01	3.4726744030e+00	7.7154447609e+00	4.8958197685e+00	6.2508139254e-01
3.6700000000e+02	1.5000000000e+00	-8.1491860748e-01	3.4726744029e+00	7.7154447609e+00	4.8958197685e+00	6.2508139252e-01
3.6720000000e+02	1.5000000000e+00	-8.1491860750e-01	3.4726744028e+00	7.7154447609e+00	4.8958197684e+00	6.2508139250e-01
3.6740000000e+02	1.5000000000e+00	-8.1491860752e-01	3.4726744027e+00	7.7154447609e+00	4.8958197684e+00	6.2508139248e-01
3.6760000000e+02	1.5000000000e+00	-8.1491860754e-01	3.4726744026e+00	7.7154447609e+00	4.8958197683e+00	6.2508139246e-01
3.6780000000e+02	1.5000000000e+00	-8.1491860755e-01	3.4726744025e+00	7.7154447609e+00	4.8958197683e+00	6.2508139245e-01
3.6800000000e+02	1.5000000000e+00	-8.1491860756e-01	3.4726744024e+00	7.7154447609e+00	4.8958197683e+00	6.2508139244e-01
3.6820000000e+02	1.5000000000e+00	-8.1491860757e-01	3.4726744024e+00	7.7154447609e+00	4.8958197682e+00	6.2508139243e-01
3.6840000000e+02	1.5000000000e+00	-8.1491860758e-01	3.4726744023e+00	7.7154447609e+00	4.8958197682e+00	6.2508139242e-01
3.6860000000e+02	1.5000000000e+00	-8.1491860759e-01	3.4726744023e+00	7.7154447609e+00	4.8958197682e+00	6.2508139241e-01
3.6880000000e+02	1.5000000000e+00	-8.1491860760e-01	3.4726744022e+00	7.7154447609e+00	4.8958197681e+00	6.2508139240e-01
3.6900000000e+02	1.5000000000e+00	-8.1491860761e-01	3.4726744022e+00	7.7154447609e+00	4.8958197681e+00	6.2508139239e-01
3.6920000000e+02	1.5000000000e+00	-8.1491860762e-01	3.4726744021e+00	7.7154447609e+00	4.8958197681e+00	6.2508139238e-01
3.6940000000e+02	1.5000000000e+00	-8.1491860762e-01	3.4726744021e+00	7.7154447609e+00	4.8958197681e+00	6.2508139238e-01
3.6960000000e+02	1.5000000000e+00	-8.1491860763e-01	3.4726744021e+00	7.7154447609e+00	4.8958197681e+00	6.2508139237e-01
3.6980000000e+02	1.5000000000e+00	-8.1491860763e-01	3.4726744020e+00	7.7154447609e+00	4.8958197681e+00	6.2508139237e-01
3.7000000000e+02	1.5000000000e+00	-8.1491860764e-01	3.4726744020e+00	7.7154447609e+00	4.8958197680e+00	6.2508139236e-01
3.7020000000e+02	1.5000000000e+00	-8.1491860764e-01	3.4726744020e+00	7.7154447609e+00	4.8958197680e+00	6.2508139236e-01
3.7040000000e+02	1.5000000000e+00	-8.1491860764e-01	3.4726744020e+00	7.7154447609e+00	4.8958197680e+00	6.2508139236e-01
3.7060000000e+02	1.5000000000e+00	-8.1491860765e-01	3.4726744020e+00	7.7154447609e+00	4.8958197680e+00	6.2508139235e-01
3.7080000000e+02	1.5000000000e+00	-8.1491860765e-01	3.4726744020e+00	7.7154447609e+00	4.8958197680e+00	6.2508139235e-01
3.7100000000e+02	1.5000000000e+00	-8.1491860765e-01	3.4726744019e+00	7.7154447609e+00	4.8958197680e+00	6.2508139235e-01
3.7120000000e+02	1.5000000000e+00	-8.1491860765e-01	3.4726744019e+00	7.7154447609e+00	4.8958197680e+00	6.2508139235e-01
3.7140000000e+02	1.5000000000e+00	-8.1491860766e-01	3.4726744019e+00	7.7154447609e+00	4.8958197680e+00	6.2508139234e-01
3.7160000000e+02	1.5000000000e+00	-8.1491860766e-01	3.4726744019e+00	7.7154447609e+00	4.8958197680e+00	6.2508139234e-01
3.7180000000e+02	1.5000000000e+00	-8.1491860766e-01	3.4726744019e+00	7.7154447609e+00	4.8958197680e+00	6.2508139234e-01
3.7200000000e+02	1.5000000000e+00	-8.1491860766e-01	3.4726744019e+00	7.7154447609e+00	4.8958197680e+00	6.2508139234e-01
3.7220000000e+02	1.5000000000e+00	-8.1491860766e-01	3.4726744019e+00	7.7154447609e+00	4.8958197680e+00	6.2508139234e-01
3.7240000000e+02	1.5000000000e+00	-8.1491860766e-01	3.4726744019e+00	7.7154447609e+00	4.8958197680e+00	6.2508139234e-01
3.7260000000e+02	1.5000000000e+00	-8.1491860766e-01	3.4726744019e+00	7.7154447609e+00	4.8958197680e+00	6.2508139234e-01
3.7280000000e+02	1.5000000000e+00	-8.1491860766e-01	3.4726744019e+00	7.7154447609e+00	4.8958197680e+00	6.2508139234e-01
3.7300000000e+02	1.5000000000e+00	-8.1491860766e-01	3.4726744019e+00	7.7154447609e+00	4.8958197680e+00	6.2508139234e-01
3.7320000000e+02	1.5000000000e+00	-8.1491860767e-01	3.4726744019e+00	7.7154447609e+00	4.8958197680e+00	6.2508139233e-01
3.7340000000e+02	1.5000000000e+00	-8.1491860767e-01	3.4726744019e+00	7.7154447609e+00	4.8958197680e+00	6.2508139233e-01
3.7360000000e+02	1.5000000000e+00	-8.1491860767e-01	3.4726744019e+00	7.7154447609e+00	4.8958197680e+00	6.2508139233e-01
3.7380000000e+02	1.5000000000e+00	-8.1491860767e-01	3.4726744018e+00	7.7154447609e+00	4.8958197680e+00	6.2508139233e-01
3.7400000000e+02	1.5000000000e+00	-8.1491860767e-01	3.4726744018e+00	7.7154447609e+00	4.8958197680e+00	6.2508139233e-01
3.7420000000e+02	1.5000000000e+00	-8.1491860767e-01	3.4726744018e+00	7.7154447609e+00	4.8958197680e+00	6.2508139233e-01
3.7440000000e+02	1.5000000000e+00	-8.1491860767e-01	3.4726744018e+00	7.7154447609e+00	4.8958197680e+00	6.2508139233e-01
3.7460000000e+02	1.5000000000e+00	-8.1491860767e-01	3.4726744018e+00	7.7154447609e+00	4.8958197680e+00	6.2508139233e-01
3.7480000000e+02	1.5000000000e+00	-8.1491860767e-01	3.4726744018e+00	7.7154447609e+00	4.8958197680e+00	6.2508139233e-01
3.7500000000e+02	1.5000000000e+00	-8.1491860767e-01	3.4726744018e+00	7.7154447609e+00	4.8958197680e+00	6.2508139233e-01
3.7520000000e+02	1.5000000000e+00	-8.1491860767e-01	3.4726744018e+00	7.7154447609e+00	4.8958197680e+00	6.2508139233e-01
3.7540000000e+02	1.5000000000e+00	-8.1491860767e-01	3.4726744018e+00	7.7154447609e+00	4.8958197680e+00	6.2508139233e-01
3.7560000000e+02	1.5000000000e+00	-8.1491860767e-01	3.4726744018e+00	7.7154447609e+00	4.8958197680e+00	6.2508139233e-01
3.7580000000e+02	1.5000000000e+00	-8.1491860767e-01	3.4726744018e+00	7.7154447609e+00	4.8958197679e+00	6.2508139233e-01
3.7600000000e+02	1.5000000000e+00	-8.1491860767e-01	3.4726744018e+00	7.7154447609e+00	4.8958197679e+00	6.2508139233e-01
3.7620000000e+02	1.5000000000e+00	-8.1491860767e-01	3.4726744018e+00	7.7154447609e+00	4.8958197679e+00	6.2508139233e-01
3.7640000000e+02	1.5000000000e+00	-8.1491860767e-01	3.4726744018e+00	7.7154447609e+00	4.8958197679e+00	6.2508139233e-01
3.7660000000e+02	1.5000000000e+00	-8.1491860767e-01	3.4726744018e+00	7.7154447609e+00	4.8958197679e+00	6.2508139233e-01
3.7680000000e+02	1.5000000000e+00	-8.1491860767e-01	3.4726744018e+00	7.7154447609e+00	4.8958197679e+00	6.2508139233e-01
3.7700000000e+02	1.5000000000e+00	-8.1491860767e-01	3.4726744018e+00	7.7154447609e+00	4.8958197679e+00	6.2508139233e-01
3.7720000000e+02	1.5000000000e+00	-8.1491860767e-01	3.4726744018e+00	7.7154447609e+00	4.8958197679e+00	6.2508139233e-01
3.7740000000e+02	1.5000000000e+00	-8.1491860767e-01	3.4726744018e+00	7.7154447609e+00	4.8958197679e+00	6.2508139233e-01
3.7760000000e+02	1.5000000000e+00	-8.1491860767e-01	3.4726744018e+00	7.7154447609e+00	4.8958197679e+00	6.2508139233e-01
3.7780000000e+02	1.5000000000e+00	-8.1491860767e-01	3.4726744018e+00	7.7154447609e+00	4.8958197679e+00	6.2508139233e-01
3.7800000000e+02	1.5000000000e+00	-8.1491860767e-01	3.4726744018e+00	7.7154447609e+00	4.8958197679e+00	6.2508139233e-01
3.7820000000e+02	1.5000000000e+00	-8.1491860767e-01	3.4726744018e+00	7.7154447609e+00	4.8958197679e+00	6.2508139233e-01
3.7840000000e+02	1.5000000000e+00	-8.1491860767e-01	3.4726744018e+00	7.7154447609e+00	4.8958197679e+00	6.2508139233e-01
3.7860000000e+02	1.5000000000e+00	-8.1491860767e-01	3.4726744018e+00	7.7154447609e+00	4.8958197679e+00	6.2508139233e-01
3.7880000000e+02	1.5000000000e+00	-8.1491860767e-01	3.4726744018e+00	7.7154447609e+00	4.8958197679e+00	6.2508139233e-01
3.7900000000e+02	1.5000000000e+00	-8.1491860767e-01	3.4726744018e+00	7.7154447609e+00	4.8958197679e+00	6.2508139233e-01
3.7920000000e+02	1.5000000000e+00	-8.1491860767e-01	3.4726744018e+00	7.7154447609e+00	4.8958197679e+00	6.2508139233e-01
3.7940000000e+02	1.5000000000e+00	-8.1491860767e-01	3.4726744018e+00	7.7154447609e+00	4.8958197679e+00	6.2508139233e-01
3.7960000000e+02	1.5000000000e+00	-8.1491860767e-01	3.4726744018e+00	7.7154447609e+00	4.8958197679e+00	6.2508139233e-01
3.7980000000e+02	1.5000000000e+00	-8.1491860767e-01	3.4726744018e+00	7.7154447609e+00	4.8958197679e+00	6.2508139233e-01
3.8000000000e+02	1.5000000000e+00	-8.1491860767e-01	3.4726744018e+00	7.7154447609e+00	4.8958197679e+00	6.2508139233e-01
3.8020000000e+02	1.5000000000e+00	-8.1491860767e-01	3.4726744018e+00	7.7154447609e+00	4.8958197679e+00	6.2508139233e-01
3.8040000000e+02	1.5000000000e+00	-8.1491860767e-01	3.4726744018e+00	7.7154447609e+00	4.8958197679e+00	6.2508139233e-01
3.8060000000e+02	1.5000000000e+00	-8.1491860767e-01	3.4726744018e+00	7.7154447609e+00	4.8958197679e+00	6.2508139233e-01
3.8080000000e+02	1.5000000000e+00	-8.1491860767e-01	3.4726744018e+00	7.7154447609e+00	4.8958197679e+00	6.2508139233e-01
3.8100000000e+02	1.5000000000e+00	-8.1491860767e-01	3.4726744018e+00	7.7154447609e+00	4.8958197679e+00	6.2508139233e-01
3.8120000000e+02	1.5000000000e+00	-8.1491860767e-01	3.4726744018e+00	7.7154447609e+00	4.8958197679e+00	6.2508139233e-01
3.8140000000e+02	1.5000000000e+00	-8.1491860767e-01	3.4726744018e+00	7.7154447609e+00	4.8958197679e+00	6.2508139233e-01
3.8160000000e+02	1.5000000000e+00	-8.1491860767e-01	3.4726744018e+00	7.7154447609e+00	4.8958197679e+00	6.2508139233e-01
3.8180000000e+02	1.5000000000e+00	-8.1491860767e-01	3.4726744018e+00	7.7154447609e+00	4.8958197679e+00	6.2508139233e-01
3.8200000000e+02	1.5000000000e+00	-8.1491860767e-01	3.4726744018e+00	7.7154447609e+00	4.8958197679e+00	6.2508139233e-01
3.8220000000e+02	1.5000000000e+00	-8.1491860767e-01	3.4726744018e+00	7.7154447609e+00	4.8958197679e+00	6.2508139233e-01
3.8240000000e+02	1.5000000000e+00	-8.1491860767e-01	3.4726744018e+00	7.7154447609e+00	4.8958197679e+00	6.2508139233e-01
3.8260000000e+02	1.5000000000e+00	-8.1491860767e-01	3.4726744018e+00	7.7154447609e+00	4.8958197679e+00	6.2508139233e-01
3.8280000000e+02	1.5000000000e+00	-8.1491860767e-01	3.4726744018e+00	7.7154447609e+00	4.8958197679e+00	6.2508139233e-01
3.8300000000e+02	1.5000000000e+00	-8.1491860767e-01	3.4726744018e+00	7.7154447609e+00	4.8958197679e+00	6.2508139233e-01
3.8320000000e+02	1.5000000000e+00	-8.1491860767e-01	3.4726744018e+00	7.7154447609e+00	4.8958197679e+00	6.2508139233e-01
3.8340000000e+02	1.5000000000e+00	-8.1491860767e-01	3.4726744018e+00	7.7154447609e+00	4.8958197679e+00	6.2508139233e-01
3.8360000000e+02	1.5000000000e+00	-8.1491860767e-01	3.4726744018e+00	7.7154447609e+00	4.8958197679e+00	6.2508139233e-01
3.8380000000e+02	1.5000000000e+00	-8.1491860767e-01	3.4726744018e+00	7.7154447609e+00	4.8958197679e+00	6.2508139233e-01
3.8400000000e+02	1.5000000000e+00	-8.1491860767e-01	3.4726744018e+00	7.7154447609e+00	4.8958197679e+00	6.2508139233e-01
3.8420000000e+02	1.5000000000e+00	-8.1491860767e-01	3.4726744018e+00	7.7154447609e+00	4.8958197679e+00	6.2508139233e-01
3.8440000000e+02	1.5000000000e+00	-8.1491860767e-01	3.4726744018e+00	7.7154447609e+00	4.8958197679e+00	6.2508139233e-01
3.8460000000e+02	1.5000000000e+00	-8.1491860767e-01	3.4726744018e+00	7.7154447609e+00	4.8958197679e+00	6.2508139233e-01
3.8480000000e+02	1.5000000000e+00	-8.1491860767e-01	3.4726744018e+00	7.7154447609e+00	4.8958197679e+00	6.2508139233e-01
3.8500000000e+02	1.5000000000e+00	-8.1491860767e-01	3.4726744018e+00	7.7154447609e+00	4.8958197679e+00	6.2508139233e-01
3.8520000000e+02	1.5000000000e+00	-8.1491860767e-01	3.4726744018e+00	7.7154447609e+00	4.8958197679e+00	6.2508139233e-01
3.8540000000e+02	1.5000000000e+00	-8.1491860767e-01	3.4726744018e+00	7.7154447609e+00	4.8958197679e+00	6.2508139233e-01
3.8560000000e+02	1.5000000000e+00	-8.1491860767e-01	3.4726744018e+00	7.7154447609e+00	4.8958197679e+00	6.2508139233e-01
3.8580000000e+02	1.5000000000e+00	-8.1491860767e-01	3.4726744018e+00	7.7154447609e+00	4.8958197679e+00	6.2508139233e-01
3.8600000000e+02	1.5000000000e+00	-8.1491860767e-01	3.4726744018e+00	7.7154447609e+00	4.8958197679e+00	6.2508139233e-01
3.8620000000e+02	1.5000000000e+00	-8.1491860767e-01	3.4726744018e+00	7.7154447609e+00	4.8958197679e+00	6.2508139233e-01
3.8640000000e+02	1.5000000000e+00	-8.1491860767e-01	3.4726744018e+00	7.7154447609e+00	4.8958197679e+00	6.2508139233e-01
3.8660000000e+02	1.5000000000e+00	-8.1491860767e-01	3.4726744018e+00	7.7154447609e+00	4.8958197679e+00	6.2508139233e-01
3.8680000000e+02	1.5000000000e+00	-8.1491860767e-01	3.4726744018e+00	7.7154447609e+00	4.8958197679e+00	6.2508139233e-01
3.8700000000e+02	1.5000000000e+00	-8.1491860767e-01	3.4726744018e+00	7.7154447609e+00	4.8958197679e+00	6.2508139233e-01
3.8720000000e+02	1.5000000000e+00	-8.1491860767e-01	3.4726744018e+00	7.7154447609e+00	4.8958197679e+00	6.2508139233e-01
3.8740000000e+02	1.5000000000e+00	-8.1491860767e-01	3.4726744018e+00	7.7154447609e+00	4.8958197679e+00	6.2508139233e-01
3.8760000000e+02	1.5000000000e+00	-8.1491860767e-01	3.4726744018e+00	7.7154447609e+00	4.8958197679e+00	6.2508139233e-01
3.8780000000e+02	1.5000000000e+00	-8.1491860767e-01	3.4726744018e+00	7.7154447609e+00	4.8958197679e+00	6.2508139233e-01
3.8800000000e+02	1.5000000000e+00	-8.1491860767e-01	3.4726744018e+00	7.7154447609e+00	4.8958197679e+00	6.2508139233e-01
3.8820000000e+02	1.5000000000e+00	-8.1491860767e-01	3.4726744018e+00	7.7154447609e+00	4.8958197679e+00	6.2508139233e-01
3.8840000000e+02	1.5000000000e+00	-8.1491860767e-01	3.4726744018e+00	7.7154447609e+00	4.8958197679e+00	6.2508139233e-01
3.8860000000e+02	1.5000000000e+00	-8.1491860767e-01	3.4726744018e+00	7.7154447609e+00	4.8958197679e+00	6.2508139233e-01
3.8880000000e+02	1.5000000000e+00	-8.1491860767e-01	3.4726744018e+00	7.7154447609e+00	4.8958197679e+00	6.2508139233e-01
3.8900000000e+02	1.5000000000e+00	-8.1491860767e-01	3.4726744018e+00	7.7154447609e+00	4.8958197679e+00	6.2508139233e-01
3.8920000000e+02	1.5000000000e+00	-8.1491860767e-01	3.4726744018e+00	7.7154447609e+00	4.8958197679e+00	6.2508139233e-01
3.8940000000e+02	1.5000000000e+00	-8.1491860767e-01	3.4726744018e+00	7.7154447609e+00	4.8958197679e+00	6.2508139233e-01
3.8960000000e+02	1.5000000000e+00	-8.1491860767e-01	3.4726744018e+00	7.7154447609e+00	4.8958197679e+00	6.2508139233e-01
3.8980000000e+02	1.5000000000e+00	-8.1491860767e-01	3.4726744018e+00	7.7154447609e+00	4.8958197679e+00	6.2508139233e-01
3.9000000000e+02	1.5000000000e+00	-8.1491860767e-01	3.4726744018e+00	7.7154447609e+00	4.8958197679e+00	6.2508139233e-01
3.9020000000e+02	1.5000000000e+00	-8.1491860767e-01	3.4726744018e+00	7.7154447609e+00	4.8958197679e+00	6.2508139233e-01
3.9040000000e+02	1.5000000000e+00	-8.1491860767e-01	3.4726744018e+00	7.7154447609e+00	4.8958197679e+00	6.2508139233e-01
3.9060000000e+02	1.5000000000e+00	-8.1491860767e-01	3.4726744018e+00	7.7154447609e+00	4.8958197679e+00	6.2508139233e-01
3.9080000000e+02	1.5000000000e+00	-8.1491860767e-01	3.4726744018e+00	7.7154447609e+00	4.8958197679e+00	6.2508139233e-01
3.9100000000e+02	1.5000000000e+00	-8.1491860767e-01	3.4726744018e+00	7.7154447609e+00	4.8958197679e+00	6.2508139233e-01
3.9120000000e+02	1.5000000000e+00	-8.1491860767e-01	3.4726744018e+00	7.7154447609e+00	4.8958197679e+00	6.2508139233e-01
3.9140000000e+02	1.5000000000e+00	-8.1491860767e-01	3.4726744018e+00	7.7154447609e+00	4.8958197679e+00	6.2508139233e-01
3.9160000000e+02	1.5000000000e+00	-8.1491860767e-01	3.4726744018e+00	7.7154447609e+00	4.8958197679e+00	6.2508139233e-01
3.9180000000e+02	1.5000000000e+00	-8.1491860767e-01	3.4726744018e+00	7.7154447609e+00	4.8958197679e+00	6.2508139233e-01
3.9200000000e+02	1.5000000000e+00	-8.1491860767e-01	3.4726744018e+00	7.7154447609e+00	4.8958197679e+00	6.2508139233e-01
3.9220000000e+02	1.5000000000e+00	-8.1491860767e-01	3.4726744018e+00	7.7154447609e+00	4.8958197679e+00	6.2508139233e-01
3.9240000000e+02	1.5000000000e+00	-8.1491860767e-01	3.4726744018e+00	7.7154447609e+00	4.8958197679e+00	6.2508139233e-01
3.9260000000e+02	1.5000000000e+00	-8.1491860767e-01	3.4726744018e+00	7.7154447609e+00	4.8958197679e+00	6.2508139233e-01
3.9280000000e+02	1.5000000000e+00	-8.1491860767e-01	3.4726744018e+00	7.7154447609e+00	4.8958197679e+00	6.2508139233e-01
3.9300000000e+02	1.5000000000e+00	-8.1491860767e-01	3.4726744018e+00	7.7154447609e+00	4.8958197679e+00	6.2508139233e-01
3.9320000000e+02	1.5000000000e+00	-8.1491860767e-01	3.4726744018e+00	7.7154447609e+00	4.8958197679e+00	6.2508139233e-01
3.9340000000e+02	1.5000000000e+00	-8.1491860767e-01	3.4726744018e+00	7.7154447609e+00	4.8958197679e+00	6.2508139233e-01
3.9360000000e+02	1.5000000000e+00	-8.1491860767e-01	3.4726744018e+00	7.7154447609e+00	4.8958197679e+00	6.2508139233e-01
3.9380000000e+02	1.5000000000e+00	-8.1491860767e-01	3.4726744018e+00	7.7154447609e+00	4.8958197679e+00	6.2508139233e-01
3.9400000000e+02	1.5000000000e+00	-8.1491860767e-01	3.4726744018e+00	7.7154447609e+00	4.8958197679e+00	6.2508139233e-01
3.9420000000e+02	1.5000000000e+00	-8.1491860767e-01	3.4726744018e+00	7.7154447609e+00	4.8958197679e+00	6.2508139233e-01
3.9440000000e+02	1.5000000000e+00	-8.1491860767e-01	3.4726744018e+00	7.7154447609e+00	4.8958197679e+00	6.2508139233e-01
3.9460000000e+02	1.5000000000e+00	-8.1491860767e-01	3.4726744018e+00	7.7154447609e+00	4.8958197679e+00	6.2508139233e-01
3.9480000000e+02	1.5000000000e+00	-8.1491860767e-01	3.4726744018e+00	7.7154447609e+00	4.8958197679e+00	6.2508139233e-01
3.9500000000e+02	1.5000000000e+00	-8.1491860767e-01	3.4726744018e+00	7.7154447609e+00	4.8958197679e+00	6.2508139233e-01
3.9520000000e+02	1.5000000000e+00	-8.1491860767e-01	3.4726744018e+00	7.7154447609e+00	4.8958197679e+00	6.2508139233e-01
3.9540000000e+02	1.5000000000e+00	-8.1491860767e-01	3.4726744018e+00	7.7154447609e+00	4.8958197679e+00	6.2508139233e-01
3.9560000000e+02	1.5000000000e+00	-8.1491860767e-01	3.4726744018e+00	7.7154447609e+00	4.8958197679e+00	6.2508139233e-01
3.9580000000e+02	1.5000000000e+00	-8.1491860767e-01	3.4726744018e+00	7.7154447609e+00	4.8958197679e+00	6.2508139233e-01
3.9600000000e+02	1.5000000000e+00	-8.1491860767e-01	3.4726744018e+00	7.7154447609e+00	4.8958197679e+00	6.2508139233e-01
3.9620000000e+02	1.5000000000e+00	-8.1491860767e-01	3.4726744018e+00	7.7154447609e+00	4.8958197679e+00	6.2508139233e-01
3.9640000000e+02	1.5000000000e+00	-8.1491860767e-01	3.4726744018e+00	7.7154447609e+00	4.8958197679e+00	6.2508139233e-01
3.9660000000e+02	1.5000000000e+00	-8.1491860767e-01	3.4726744018e+00	7.7154447609e+00	4.8958197679e+00	6.2508139233e-01
3.9680000000e+02	1.5000000000e+00	-8.1491860767e-01	3.4726744018e+00	7.7154447609e+00	4.8958197679e+00	6.2508139233e-01
3.9700000000e+02	1.5000000000e+00	-8.1491860767e-01	3.4726744018e+00	7.7154447609e+00	4.8958197679e+00	6.2508139233e-01
3.9720000000e+02	1.5000000000e+00	-8.1491860767e-01	3.4726744018e+00	7.7154447609e+00	4.8958197679e+00	6.2508139233e-01
3.9740000000e+02	1.5000000000e+00	-8.1491860767e-01	3.4726744018e+00	7.7154447609e+00	4.8958197679e+00	6.2508139233e-01
3.9760000000e+02	1.5000000000e+00	-8.1491860767e-01	3.4726744018e+00	7.7154447609e+00	4.8958197679e+00	6.2508139233e-01
3.9780000000e+02	1.5000000000e+00	-8.1491860767e-01	3.4726744018e+00	7.7154447609e+00	4.8958197679e+00	6.2508139233e-01
3.9800000000e+02	1.5000000000e+00	-8.1491860767e-01	3.4726744018e+00	7.7154447609e+00	4.8958197679e+00	6.2508139233e-01
3.9820000000e+02	1.5000000000e+00	-8.1491860767e-01	3.4726744018e+00	7.7154447609e+00	4.8958197679e+00	6.2508139233e-01
3.9840000000e+02	1.5000000000e+00	-8.1491860767e-01	3.4726744018e+00	7.7154447609e+00	4.8958197679e+00	6.2508139233e-01
3.9860000000e+02	1.5000000000e+00	-8.1491860767e-01	3.4726744018e+00	7.7154447609e+00	4.8958197679e+00	6.2508139233e-01
3.9880000000e+02	1.5000000000e+00	-8.1491860767e-01	3.4726744018e+00	7.7154447609e+00	4.8958197679e+00	6.2508139233e-01
3.9900000000e+02	1.5000000000e+00	-8.1491860767e-01	3.4726744018e+00	7.7154447609e+00	4.8958197679e+00	6.2508139233e-01
3.9920000000e+02	1.5000000000e+00	-8.1491860767e-01	3.4726744018e+00	7.7154447609e+00	4.8958197679e+00	6.2508139233e-01
3.9940000000e+02	1.5000000000e+00	-8.1491860767e-01	3.4726744018e+00	7.7154447609e+00	4.8958197679e+00	6.2508139233e-01
3.9960000000e+02	1.5000000000e+00	-8.1491860767e-01	3.4726744018e+00	7.7154447609e+00	4.8958197679e+00	6.2508139233e-01
3.9980000000e+02	1.5000000000e+00	-8.1491860767e-01	3.4726744018e+00	7.7154447609e+00	4.8958197679e+00	6.2508139233e-01
4.0000000000e+02	-1.5000000000e+00	-8.1491860767e-01	3.4726744018e+00	7.7154447609e+00	4.8958197679e+00	6.2508139233e-01
4.0020000000e+02	-1.5000000000e+00	-8.0726797131e-01	3.5151779372e+00	7.0375248474e+00	4.4854676237e+00	6.3273202869e-01
4.0040000000e+02	-1.5000000000e+00	-7.8645071134e-01	3.6308293815e+00	6.4442274267e+00	4.1553186390e+00	6.5354928866e-01
4.0060000000e+02	-1.5000000000e+00	-7.5501588148e-01	3.8054673251e+00	5.9249893538e+00	3.8838136751e+00	6.8498411852e-01
4.0080000000e+02	-1.5000000000e+00	-7.1484150579e-01	4.0286583012e+00	5.4705660461e+00	3.6557124675e+00	7.2515849421e-01
4.0100000000e+02	-1.5000000000e+00	-6.6733744056e-01	4.2925697746e+00	5.0728668917e+00	3.4605313679e+00	7.7266255944e-01
4.0120000000e+02	-1.5000000000e+00	-6.1359263395e-01	4.5911520336e+00	4.7248112027e+00	3.2911282354e+00	8.2640736605e-01
4.0140000000e+02	-1.5000000000e+00	-5.5447632282e-01	4.9195759843e+00	4.4202021501e+00	3.1426087947e+00	8.8552367718e-01
4.0160000000e+02	-1.5000000000e+00	-4.9070520878e-01	5.2738599512e+00	4.1536164346e+00	3.0115497843e+00	9.4929479122e-01
4.0180000000e+02	-1.5000000000e+00	-4.2288710432e-01	5.6506271982e+00	3.9203077291e+00	2.8954746984e+00	1.0171128957e+00
4.0200000000e+02	-1.5000000000e+00	-3.5154897591e-01	6.0469501338e+00	3.7161221750e+00	2.7925120834e+00	1.0884510241e+00
4.0220000000e+02	-1.5000000000e+00	-2.7715494587e-01	6.4602503007e+00	3.5374244258e+00	2.7011786175e+00	1.1628450541e+00
4.0240000000e+02	-1.5000000000e+00	-2.0011798410e-01	6.8882334217e+00	3.3810329236e+00	2.6202444152e+00	1.2398820159e+00
4.0260000000e+02	-1.5000000000e+00	-1.2080771374e-01	7.3288460348e+00	3.2441632535e+00	2.5486510237e+00	1.3191922863e+00
4.0280000000e+02	-1.5000000000e+00	-3.9555866103e-02	7.7802451883e+00	3.1243785701e+00	2.4854623651e+00	1.4004441339e+00
4.0300000000e+02	-1.5000000000e+00	4.3339666451e-02	8.2407759247e+00	3.0195462111e+00	2.4298357764e+00	1.4833396665e+00
4.0320000000e+02	-1.5000000000e+00	1.2761160785e-01	8.7089533769e+00	2.9277997276e+00	2.3810049803e+00	1.5676116079e+00
4.0340000000e+02	-1.5000000000e+00	2.1302057141e-01	9.1834476190e+00	2.8475056530e+00	2.3382699057e+00	1.6530205714e+00
4.0360000000e+02	-1.5000000000e+00	2.9935263982e-01	9.6630702212e+00	2.7772344213e+00	2.3009902817e+00	1.7393526398e+00
4.0380000000e+02	-1.5000000000e+00	3.8641715031e-01	1.0146761946e+01	2.7157349143e+00	2.2685811911e+00	1.8264171503e+00
4.0400000000e+02	-1.5000000000e+00	4.7404463360e-01	1.0633581298e+01	2.6619121865e+00	2.2405095575e+00	1.9140446336e+00
4.0420000000e+02	-1.5000000000e+00	5.6208488335e-01	1.1122693796e+01	2.6148079712e+00	2.2162910186e+00	2.0020848833e+00
4.0440000000e+02	-1.5000000000e+00	6.5040514652e-01	1.1613361925e+01	2.5735836188e+00	2.1954869175e+00	2.0904051465e+00
4.0460000000e+02	-1.5000000000e+00	7.3888843245e-01	1.2104935736e+01	2.5375051655e+00	2.1777013049e+00	2.1788884324e+00
4.0480000000e+02	-1.5000000000e+00	8.2743193963e-01	1.2596844109e+01	2.5059302657e+00	2.1625779292e+00	2.2674319396e+00
4.0500000000e+02	-1.5000000000e+00	9.1594560006e-01	1.3088586667e+01	2.4782967559e+00	2.1497972336e+00	2.3559456001e+00
4.0520000000e+02	-1.5000000000e+00	1.0043507394e+00	1.3579726330e+01	2.4541126454e+00	2.1390733959e+00	2.4443507394e+00
4.0540000000e+02	-1.5000000000e+00	1.0925788499e+00	1.4069882500e+01	2.4329473571e+00	2.1301514459e+00	2.5325788499e+00
4.0560000000e+02	-1.5000000000e+00	1.1805704727e+00	1.4558724849e+01	2.4144240616e+00	2.1228044974e+00	2.6205704727e+00
4.0580000000e+02	-1.5000000000e+00	1.2682741831e+00	1.5045967684e+01	2.3982129675e+00	2.1168311167e+00	2.7082741831e+00
4.0600000000e+02	-1.5000000000e+00	1.3556456739e+00	1.5531364855e+01	2.3840254505e+00	2.1120528494e+00	2.7956456739e+00
4.0620000000e+02	-1.5000000000e+00	1.4426469301e+00	1.6014705167e+01	2.3716089142e+00	2.1083119141e+00	2.8826469301e+00
4.0640000000e+02	-1.5000000000e+00	1.5292454882e+00	1.6495808268e+01	2.3607422928e+00	2.1054690700e+00	2.9692454882e+00
4.0660000000e+02	-1.5000000000e+00	1.6154137728e+00	1.6974520960e+01	2.3512321158e+00	2.1034016572e+00	3.0554137728e+00
4.0680000000e+02	-1.5000000000e+00	1.7011285055e+00	1.7450713919e+01	2.3429090626e+00	2.1020018062e+00	3.1411285055e+00
4.0700000000e+02	-1.5000000000e+00	1.7863701774e+00	1.7924278763e+01	2.3356249485e+00	2.1011748109e+00	3.2263701774e+00
4.0720000000e+02	-1.5000000000e+00	1.8711225817e+00	1.8395125454e+01	2.3292500861e+00	2.1008376558e+00	3.3111225817e+00
4.0740000000e+02	-1.5000000000e+00	1.9553723980e+00	1.8863179989e+01	2.3236709767e+00	2.1009176881e+00	3.3953723980e+00
4.0760000000e+02	-1.5000000000e+00	2.0391088251e+00	1.9328382362e+01	2.3187882890e+00	2.1013514249e+00	3.4791088251e+00
4.0780000000e+02	-1.5000000000e+00	2.1223232566e+00	1.9790684759e+01	2.3145150910e+00	2.1020834840e+00	3.5623232566e+00
4.0800000000e+02	-1.5000000000e+00	2.2050089942e+00	2.0250049968e+01	2.3107753021e+00	2.1030656291e+00	3.6450089942e+00
4.0820000000e+02	-1.5000000000e+00	2.2871609954e+00	2.0706449975e+01	2.3075023387e+00	2.1042559183e+00	3.7271609954e+00
4.0840000000e+02	-1.5000000000e+00	2.3687756519e+00	2.1159864733e+01	2.3046379284e+00	2.1056179466e+00	3.8087756519e+00
4.0860000000e+02	-1.5000000000e+00	2.4498505943e+00	2.1610281079e+01	2.3021310730e+00	2.1071201737e+00	3.8898505943e+00
4.0880000000e+02	-1.5000000000e+00	2.5303845208e+00	2.2057691782e+01	2.2999371399e+00	2.1087353272e+00	3.9703845208e+00
4.0900000000e+02	-1.5000000000e+00	2.6103770479e+00	2.2502094710e+01	2.2980170683e+00	2.1104398758e+00	4.0503770479e+00
4.0920000000e+02	-1.5000000000e+00	2.6898285787e+00	2.2943492104e+01	2.2963366728e+00	2.1122135626e+00	4.1298285787e+00
4.0940000000e+02	-1.5000000000e+00	2.7687401884e+00	2.3381889935e+01	2.2948660356e+00	2.1140389938e+00	4.2087401884e+00
4.0960000000e+02	-1.5000000000e+00	2.8471135241e+00	2.3817297356e+01	2.2935789731e+00	2.1159012757e+00	4.2871135241e+00
4.0980000000e+02	-1.5000000000e+00	2.9249507176e+00	2.4249726209e+01	2.2924525703e+00	2.1177876955e+00	4.3649507176e+00
4.1000000000e+02	-1.5000000000e+00	3.0022543094e+00	2.4679190608e+01	2.2914667727e+00	2.1196874405e+00	4.4422543094e+00
4.1020000000e+02	-1.5000000000e+00	3.0790271823e+00	2.5105706568e+01	2.2906040289e+00	2.1215913508e+00	4.5190271823e+00
4.1040000000e+02	-1.5000000000e+00	3.1552725043e+00	2.5529291690e+01	2.2898489785e+00	2.1234917032e+00	4.5952725043e+00
4.1060000000e+02	-1.5000000000e+00	3.2309936787e+00	2.5949964882e+01	2.2891881786e+00	2.1253820208e+00	4.6709936787e+00
4.1080000000e+02	-1.5000000000e+00	3.3061943013e+00	2.6367746118e+01	2.2886098641e+00	2.1272569068e+00	4.7461943013e+00
4.1100000000e+02	-1.5000000000e+00	3.3808781225e+00	2.6782656236e+01	2.2881037387e+00	2.1291118986e+00	4.8208781225e+00
4.1120000000e+02	-1.5000000000e+00	3.4550490158e+00	2.7194716755e+01	2.2876607913e+00	2.1309433406e+00	4.8950490158e+00
4.1140000000e+02	-1.5000000000e+00	3.5287109501e+00	2.7603949723e+01	2.2872731355e+00	2.1327482727e+00	4.9687109501e+00
4.1160000000e+02	-1.5000000000e+00	3.6018679653e+00	2.8010377585e+01	2.2869338695e+00	2.1345243330e+00	5.0418679653e+00
4.1180000000e+02	-1.5000000000e+00	3.6745241530e+00	2.8414023072e+01	2.2866369530e+00	2.1362696735e+00	5.1145241530e+00
4.1200000000e+02	-1.5000000000e+00	3.7466836381e+00	2.8814909100e+01	2.2863770995e+00	2.1379828861e+00	5.1866836381e+00
4.1220000000e+02	-1.5000000000e+00	3.8183505647e+00	2.9213058693e+01	2.2861496827e+00	2.1396629379e+00	5.2583505647e+00
4.1240000000e+02	-1.5000000000e+00	3.8895290832e+00	2.9608494907e+01	2.2859506536e+00	2.1413091159e+00	5.3295290832e+00
4.1260000000e+02	-1.5000000000e+00	3.9602233397e+00	3.0001240776e+01	2.2857764687e+00	2.1429209785e+00	5.4002233397e+00
4.1280000000e+02	-1.5000000000e+00	4.0304374673e+00	3.0391319263e+01	2.2856240266e+00	2.1444983128e+00	5.4704374673e+00
4.1300000000e+02	-1.5000000000e+00	4.1001755783e+00	3.0778753213e+01	2.2854906134e+00	2.1460410988e+00	5.5401755783e+00
4.1320000000e+02	-1.5000000000e+00	4.1694417581e+00	3.1163565323e+01	2.2853738537e+00	2.1475494774e+00	5.6094417581e+00
4.1340000000e+02	-1.5000000000e+00	4.2382400602e+00	3.1545778112e+01	2.2852716688e+00	2.1490237236e+00	5.6782400602e+00
4.1360000000e+02	-1.5000000000e+00	4.3065745020e+00	3.1925413900e+01	2.2851822392e+00	2.1504642225e+00	5.7465745020e+00
4.1380000000e+02	-1.5000000000e+00	4.3744490612e+00	3.2302494785e+01	2.2851039729e+00	2.1518714493e+00	5.8144490612e+00
4.1400000000e+02	-1.5000000000e+00	4.4418676735e+00	3.2677042631e+01	2.2850354763e+00	2.1532459520e+00	5.8818676735e+00
4.1420000000e+02	-1.5000000000e+00	4.5088342301e+00	3.3049079056e+01	2.2849755299e+00	2.1545883362e+00	5.9488342301e+00
4.1440000000e+02	-1.5000000000e+00	4.5753525766e+00	3.3418625425e+01	2.2849230664e+00	2.1558992525e+00	6.0153525766e+00
4.1460000000e+02	-1.5000000000e+00	4.6414265113e+00	3.3785702840e+01	2.2848771517e+00	2.1571793858e+00	6.0814265113e+00
4.1480000000e+02	-1.5000000000e+00	4.7070597849e+00	3.4150332138e+01	2.2848369684e+00	2.1584294455e+00	6.1470597849e+00
4.1500000000e+02	-1.5000000000e+00	4.7722560999e+00	3.4512533888e+01	2.2848018011e+00	2.1596501582e+00	6.2122560999e+00
4.1520000000e+02	-1.5000000000e+00	4.8370191102e+00	3.4872328390e+01	2.2847710236e+00	2.1608422605e+00	6.2770191102e+00
4.1540000000e+02	-1.5000000000e+00	4.9013524216e+00	3.5229735676e+01	2.2847440879e+00	2.1620064941e+00	6.3413524216e+00
4.1560000000e+02	-1.5000000000e+00	4.9652595914e+00	3.5584775508e+01	2.2847205145e+00	2.1631436003e+00	6.4052595914e+00
4.1580000000e+02	-1.5000000000e+00	5.0287441292e+00	3.5937467385e+01	2.2846998837e+00	2.1642543168e+00	6.4687441292e+00
4.1600000000e+02	-1.5000000000e+00	5.0918094973e+00	3.6287830540e+01	2.2846818282e+00	2.1653393742e+00	6.5318094973e+00
4.1620000000e+02	-1.5000000000e+00	5.1544591111e+00	3.6635883950e+01	2.2846660265e+00	2.1663994933e+00	6.5944591111e+00
4.1640000000e+02	-1.5000000000e+00	5.2166963399e+00	3.6981646333e+01	2.2846521973e+00	2.1674353831e+00	6.6566963399e+00
4.1660000000e+02	-1.5000000000e+00	5.2785245079e+00	3.7325136155e+01	2.2846400943e+00	2.1684477391e+00	6.7185245079e+00
4.1680000000e+02	-1.5000000000e+00	5.3399468944e+00	3.7666371636e+01	2.2846295021e+00	2.1694372419e+00	6.7799468944e+00
4.1700000000e+02	-1.5000000000e+00	5.4009667351e+00	3.8005370751e+01	2.2846202321e+00	2.1704045561e+00	6.8409667351e+00
4.1720000000e+02	-1.5000000000e+00	5.4615872227e+00	3.8342151237e+01	2.2846121192e+00	2.1713503298e+00	6.9015872227e+00
4.1740000000e+02	-1.5000000000e+00	5.5218115080e+00	3.8676730600e+01	2.2846050191e+00	2.1722751939e+00	6.9618115080e+00
4.1760000000e+02	-1.5000000000e+00	5.5816427004e+00	3.9009126113e+01	2.2845988052e+00	2.1731797616e+00	7.0216427004e+00
4.1780000000e+02	-1.5000000000e+00	5.6410838692e+00	3.9339354829e+01	2.2845933670e+00	2.1740646286e+00	7.0810838692e+00
4.1800000000e+02	-1.5000000000e+00	5.7001380442e+00	3.9667433579e+01	2.2845886076e+00	2.1749303728e+00	7.1401380442e+00
4.1820000000e+02	-1.5000000000e+00	5.7588082166e+00	3.9993378981e+01	2.2845844423e+00	2.1757775543e+00	7.1988082166e+00
4.1840000000e+02	-1.5000000000e+00	5.8170973400e+00	4.0317207444e+01	2.2845807970e+00	2.1766067157e+00	7.2570973400e+00
4.1860000000e+02	-1.5000000000e+00	5.8750083312e+00	4.0638935173e+01	2.2845776067e+00	2.1774183825e+00	7.3150083312e+00
4.1880000000e+02	-1.5000000000e+00	5.9325440708e+00	4.0958578171e+01	2.2845748146e+00	2.1782130628e+00	7.3725440708e+00
4.1900000000e+02	-1.5000000000e+00	5.9897074045e+00	4.1276152247e+01	2.2845723710e+00	2.1789912483e+00	7.4297074045e+00
4.1920000000e+02	-1.5000000000e+00	6.0465011435e+00	4.1591673019e+01	2.2845702325e+00	2.1797534143e+00	7.4865011435e+00
4.1940000000e+02	-1.5000000000e+00	6.1029280653e+00	4.1905155919e+01	2.2845683609e+00	2.1805000203e+00	7.5429280653e+00
4.1960000000e+02	-1.5000000000e+00	6.1589909148e+00	4.2216616193e+01	2.2845667230e+00	2.1812315101e+00	7.5989909148e+00
4.1980000000e+02	-1.5000000000e+00	6.2146924046e+00	4.2526068914e+01	2.2845652895e+00	2.1819483127e+00	7.6546924046e+00
4.2000000000e+02	-1.5000000000e+00	6.2700352160e+00	4.2833528978e+01	2.2845640349e+00	2.1826508424e+00	7.7100352160e+00
4.2020000000e+02	-1.5000000000e+00	6.3250219999e+00	4.3139011110e+01	2.2845629370e+00	2.1833394994e+00	7.7650219999e+00
4.2040000000e+02	-1.5000000000e+00	6.3796553767e+00	4.3442529871e+01	2.2845619761e+00	2.1840146701e+00	7.8196553767e+00
4.2060000000e+02	-1.5000000000e+00	6.4339379381e+00	4.3744099656e+01	2.2845611351e+00	2.1846767281e+00	7.8739379381e+00
4.2080000000e+02	-1.5000000000e+00	6.4878722466e+00	4.4043734703e+01	2.2845603991e+00	2.1853260336e+00	7.9278722466e+00
4.2100000000e+02	-1.5000000000e+00	6.5414608370e+00	4.4341449094e+01	2.2845597550e+00	2.1859629351e+00	7.9814608370e+00
4.2120000000e+02	-1.5000000000e+00	6.5947062164e+00	4.4637256758e+01	2.2845591913e+00	2.1865877689e+00	8.0347062164e+00
4.2140000000e+02	-1.5000000000e+00	6.6476108654e+00	4.4931171474e+01	2.2845586980e+00	2.1872008598e+00	8.0876108654e+00
4.2160000000e+02	-1.5000000000e+00	6.7001772378e+00	4.5223206877e+01	2.2845582662e+00	2.1878025218e+00	8.1401772378e+00
4.2180000000e+02	-1.5000000000e+00	6.7524077622e+00	4.5513376456e+01	2.2845578883e+00	2.1883930582e+00	8.1924077622e+00
4.2200000000e+02	-1.5000000000e+00	6.8043048414e+00	4.5801693563e+01	2.2845575576e+00	2.1889727619e+00	8.2443048414e+00
4.2220000000e+02	-1.5000000000e+00	6.8558708539e+00	4.6088171411e+01	2.2845572682e+00	2.1895419162e+00	8.2958708539e+00
4.2240000000e+02	-1.5000000000e+00	6.9071081539e+00	4.6372823077e+01	2.2845570149e+00	2.1901007947e+00	8.3471081539e+00
4.2260000000e+02	-1.5000000000e+00	6.9580190717e+00	4.6655661510e+01	2.2845567932e+00	2.1906496621e+00	8.3980190717e+00
4.2280000000e+02	-1.5000000000e+00	7.0086059146e+00	4.6936699525e+01	2.2845565992e+00	2.1911887742e+00	8.4486059146e+00
4.2300000000e+02	-1.5000000000e+00	7.0588709667e+00	4.7215949815e+01	2.2845564295e+00	2.1917183785e+00	8.4988709667e+00
4.2320000000e+02	-1.5000000000e+00	7.1088164900e+00	4.7493424944e+01	2.2845562809e+00	2.1922387141e+00	8.5488164900e+00
4.2340000000e+02	-1.5000000000e+00	7.1584447244e+00	4.7769137358e+01	2.2845561508e+00	2.1927500126e+00	8.5984447244e+00
4.2360000000e+02	-1.5000000000e+00	7.2077578883e+00	4.8043099379e+01	2.2845560370e+00	2.1932524980e+00	8.6477578883e+00
4.2380000000e+02	-1.5000000000e+00	7.2567581788e+00	4.8315323216e+01	2.2845559374e+00	2.1937463871e+00	8.6967581788e+00
4.2400000000e+02	-1.5000000000e+00	7.3054477723e+00	4.8585820957e+01	2.2845558502e+00	2.1942318896e+00	8.7454477723e+00
4.2420000000e+02	-1.5000000000e+00	7.3538288248e+00	4.8854604582e+01	2.2845557739e+00	2.1947092087e+00	8.7938288248e+00
4.2440000000e+02	-1.5000000000e+00	7.4019034720e+00	4.9121685956e+01	2.2845557072e+00	2.1951785411e+00	8.8419034720e+00
4.2460000000e+02	-1.5000000000e+00	7.4496738303e+00	4.9387076835e+01	2.2845556487e+00	2.1956400774e+00	8.8896738303e+00
4.2480000000e+02	-1.5000000000e+00	7.4971419962e+00	4.9650788868e+01	2.2845555976e+00	2.1960940020e+00	8.9371419962e+00
4.2500000000e+02	-1.5000000000e+00	7.5443100476e+00	4.9912833598e+01	2.2845555528e+00	2.1965404940e+00	8.9843100476e+00
4.2520000000e+02	-1.5000000000e+00	7.5911800433e+00	5.0173222463e+01	2.2845555137e+00	2.1969797265e+00	9.0311800433e+00
4.2540000000e+02	-1.5000000000e+00	7.6377540239e+00	5.0431966799e+01	2.2845554794e+00	2.1974118676e+00	9.0777540239e+00
4.2560000000e+02	-1.5000000000e+00	7.6840340117e+00	5.0689077843e+01	2.2845554494e+00	2.1978370803e+00	9.1240340117e+00
4.2580000000e+02	-1.5000000000e+00	7.7300220112e+00	5.0944566729e+01	2.2845554231e+00	2.1982555225e+00	9.1700220112e+00
4.2600000000e+02	-1.5000000000e+00	7.7757200093e+00	5.1198444496e+01	2.2845554002e+00	2.1986673475e+00	9.2157200093e+00
4.2620000000e+02	-1.5000000000e+00	7.8211299757e+00	5.1450722087e+01	2.2845553801e+00	2.1990727040e+00	9.2611299757e+00
4.2640000000e+02	-1.5000000000e+00	7.8662538630e+00	5.1701410350e+01	2.2845553625e+00	2.1994717363e+00	9.3062538630e+00
4.2660000000e+02	-1.5000000000e+00	7.9110936069e+00	5.1950520038e+01	2.2845553471e+00	2.1998645843e+00	9.3510936069e+00
4.2680000000e+02	-1.5000000000e+00	7.9556511266e+00	5.2198061815e+01	2.2845553336e+00	2.2002513841e+00	9.3956511266e+00
4.2700000000e+02	-1.5000000000e+00	7.9999283253e+00	5.2444046252e+01	2.2845553218e+00	2.2006322676e+00	9.4399283253e+00
4.2720000000e+02	-1.5000000000e+00	8.0439270898e+00	5.2688483832e+01	2.2845553115e+00	2.2010073631e+00	9.4839270898e+00
4.2740000000e+02	-1.5000000000e+00	8.0876492912e+00	5.2931384951e+01	2.2845553024e+00	2.2013767951e+00	9.5276492912e+00
4.2760000000e+02	-1.5000000000e+00	8.1310967850e+00	5.3172759917e+01	2.2845552945e+00	2.2017406846e+00	9.5710967850e+00
4.2780000000e+02	-1.5000000000e+00	8.1742714113e+00	5.3412618952e+01	2.2845552876e+00	2.2020991492e+00	9.6142714113e+00
4.2800000000e+02	-1.5000000000e+00	8.2171749951e+00	5.3650972195e+01	2.2845552815e+00	2.2024523032e+00	9.6571749951e+00
4.2820000000e+02	-1.5000000000e+00	8.2598093464e+00	5.3887829702e+01	2.2845552762e+00	2.2028002577e+00	9.6998093464e+00
4.2840000000e+02	-1.5000000000e+00	8.3021762604e+00	5.4123201446e+01	2.2845552716e+00	2.2031431207e+00	9.7421762604e+00
4.2860000000e+02	-1.5000000000e+00	8.3442775177e+00	5.4357097321e+01	2.2845552675e+00	2.2034809973e+00	9.7842775177e+00
4.2880000000e+02	-1.5000000000e+00	8.3861148847e+00	5.4589527137e+01	2.2845552640e+00	2.2038139898e+00	9.8261148847e+00
4.2900000000e+02	-1.5000000000e+00	8.4276901135e+00	5.4820500631e+01	2.2845552609e+00	2.2041421974e+00	9.8676901135e+00
4.2920000000e+02	-1.5000000000e+00	8.4690049422e+00	5.5050027457e+01	2.2845552581e+00	2.2044657171e+00	9.9090049422e+00
4.2940000000e+02	-1.5000000000e+00	8.5100610951e+00	5.5278117195e+01	2.2845552558e+00	2.2047846429e+00	9.9500610951e+00
4.2960000000e+02	-1.5000000000e+00	8.5508602827e+00	5.5504779349e+01	2.2845552537e+00	2.2050990666e+00	9.9908602827e+00
4.2980000000e+02	-1.5000000000e+00	8.5914042024e+00	5.5730023346e+01	2.2845552519e+00	2.2054090773e+00	1.0031404202e+01
4.3000000000e+02	-1.5000000000e+00	8.6316945378e+00	5.5953858543e+01	2.2845552503e+00	2.2057147621e+00	1.0071694538e+01
4.3020000000e+02	-1.5000000000e+00	8.6717329598e+00	5.6176294221e+01	2.2845552489e+00	2.2060162054e+00	1.0111732960e+01
4.3040000000e+02	-1.5000000000e+00	8.7115211259e+00	5.6397339588e+01	2.2845552476e+00	2.2063134899e+00	1.0151521126e+01
4.3060000000e+02	-1.5000000000e+00	8.7510606811e+00	5.6617003784e+01	2.2845552466e+00	2.2066066958e+00	1.0191060681e+01
4.3080000000e+02	-1.5000000000e+00	8.7903532576e+00	5.6835295876e+01	2.2845552456e+00	2.2068959015e+00	1.0230353258e+01
4.3100000000e+02	-1.5000000000e+00	8.8294004750e+00	5.7052224861e+01	2.2845552448e+00	2.2071811831e+00	1.0269400475e+01
4.3120000000e+02	-1.5000000000e+00	8.8682039404e+00	5.7267799669e+01	2.2845552441e+00	2.2074626152e+00	1.0308203940e+01
4.3140000000e+02	-1.5000000000e+00	8.9067652490e+00	5.7482029161e+01	2.2845552435e+00	2.2077402701e+00	1.0346765249e+01
4.3160000000e+02	-1.5000000000e+00	8.9450859836e+00	5.7694922131e+01	2.2845552429e+00	2.2080142186e+00	1.0385085984e+01
4.3180000000e+02	-1.5000000000e+00	8.9831677151e+00	5.7906487306e+01	2.2845552424e+00	2.2082845297e+00	1.0423167715e+01
4.3200000000e+02	-1.5000000000e+00	9.0210120026e+00	5.8116733348e+01	2.2845552420e+00	2.2085512706e+00	1.0461012003e+01
4.3220000000e+02	-1.5000000000e+00	9.0586203935e+00	5.8325668853e+01	2.2845552416e+00	2.2088145069e+00	1.0498620393e+01
4.3240000000e+02	-1.5000000000e+00	9.0959944234e+00	5.8533302352e+01	2.2845552413e+00	2.2090743027e+00	1.0535994423e+01
4.3260000000e+02	-1.5000000000e+00	9.1331356168e+00	5.8739642316e+01	2.2845552410e+00	2.2093307203e+00	1.0573135617e+01
4.3280000000e+02	-1.5000000000e+00	9.1700454866e+00	5.8944697148e+01	2.2845552408e+00	2.2095838209e+00	1.0610045487e+01
4.3300000000e+02	-1.5000000000e+00	9.2067255346e+00	5.9148475192e+01	2.2845552406e+00	2.2098336638e+00	1.0646725535e+01
4.3320000000e+02	-1.5000000000e+00	9.2431772514e+00	5.9350984730e+01	2.2845552404e+00	2.2100803073e+00	1.0683177251e+01
4.3340000000e+02	-1.5000000000e+00	9.2794021169e+00	5.9552233983e+01	2.2845552402e+00	2.2103238081e+00	1.0719402117e+01
4.3360000000e+02	-1.5000000000e+00	9.3154015997e+00	5.9752231109e+01	2.2845552401e+00	2.2105642215e+00	1.0755401600e+01
4.3380000000e+02	-1.5000000000e+00	9.3511771580e+00	5.9950984211e+01	2.2845552400e+00	2.2108016017e+00	1.0791177158e+01
4.3400000000e+02	-1.5000000000e+00	9.3867302392e+00	6.0148501329e+01	2.2845552398e+00	2.2110360015e+00	1.0826730239e+01
4.3420000000e+02	-1.5000000000e+00	9.4220622802e+00	6.0344790446e+01	2.2845552397e+00	2.2112674727e+00	1.0862062280e+01
4.3440000000e+02	-1.5000000000e+00	9.4571747075e+00	6.0539859486e+01	2.2845552397e+00	2.2114960656e+00	1.0897174708e+01
4.3460000000e+02	-1.5000000000e+00	9.4920689373e+00	6.0733716318e+01	2.2845552396e+00	2.2117218296e+00	1.0932068937e+01
4.3480000000e+02	-1.5000000000e+00	9.5267463755e+00	6.0926368753e+01	2.2845552395e+00	2.2119448129e+00	1.0966746376e+01
4.3500000000e+02	-1.5000000000e+00	9.5612084179e+00	6.1117824544e+01	2.2845552395e+00	2.2121650626e+00	1.1001208418e+01
4.3520000000e+02	-1.5000000000e+00	9.5954564503e+00	6.1308091390e+01	2.2845552394e+00	2.2123826248e+00	1.1035456450e+01
4.3540000000e+02	-1.5000000000e+00	9.6294918485e+00	6.1497176936e+01	2.2845552394e+00	2.2125975446e+00	1.1069491848e+01
4.3560000000e+02	-1.5000000000e+00	9.6633159786e+00	6.1685088770e+01	2.2845552393e+00	2.2128098659e+00	1.1103315979e+01
4.3580000000e+02	-1.5000000000e+00	9.6969301969e+00	6.1871834427e+01	2.2845552393e+00	2.2130196318e+00	1.1136930197e+01
4.3600000000e+02	-1.5000000000e+00	9.7303358500e+00	6.2057421389e+01	2.2845552393e+00	2.2132268845e+00	1.1170335850e+01
4.3620000000e+02	-1.5000000000e+00	9.7635342751e+00	6.2241857084e+01	2.2845552392e+00	2.2134316652e+00	1.1203534275e+01
4.3640000000e+02	-1.5000000000e+00	9.7965267998e+00	6.2425148888e+01	2.2845552392e+00	2.2136340142e+00	1.1236526800e+01
4.3660000000e+02	-1.5000000000e+00	9.8293147424e+00	6.2607304124e+01	2.2845552392e+00	2.2138339711e+00	1.1269314742e+01
4.3680000000e+02	-1.5000000000e+00	9.8618994118e+00	6.2788330065e+01	2.2845552392e+00	2.2140315743e+00	1.1301899412e+01
4.3700000000e+02	-1.5000000000e+00	9.8942821078e+00	6.2968233932e+01	2.2845552392e+00	2.2142268617e+00	1.1334282108e+01
4.3720000000e+02	-1.5000000000e+00	9.9264641211e+00	6.3147022895e+01	2.2845552392e+00	2.2144198703e+00	1.1366464121e+01
4.3740000000e+02	-1.5000000000e+00	9.9584467334e+00	6.3324704074e+01	2.2845552391e+00	2.2146106364e+00	1.1398446733e+01
4.3760000000e+02	-1.5000000000e+00	9.9902312173e+00	6.3501284540e+01	2.2845552391e+00	2.2147991953e+00	1.1430231217e+01
4.3780000000e+02	-1.5000000000e+00	1.0021818837e+01	6.3676771314e+01	2.2845552391e+00	2.2149855817e+00	1.1461818837e+01
4.3800000000e+02	-1.5000000000e+00	1.0053210846e+01	6.3851171368e+01	2.2845552391e+00	2.2151698298e+00	1.1493210846e+01
4.3820000000e+02	-1.5000000000e+00	1.0084408493e+01	6.4024491626e+01	2.2845552391e+00	2.2153519728e+00	1.1524408493e+01
4.3840000000e+02	-1.5000000000e+00	1.0115413013e+01	6.4196738963e+01	2.2845552391e+00	2.2155320433e+00	1.1555413013e+01
4.3860000000e+02	-1.5000000000e+00	1.0146225638e+01	6.4367920209e+01	2.2845552391e+00	2.2157100732e+00	1.1586225638e+01
4.3880000000e+02	-1.5000000000e+00	1.0176847586e+01	6.4538042144e+01	2.2845552391e+00	2.2158860939e+00	1.1616847586e+01
4.3900000000e+02	-1.5000000000e+00	1.0207280070e+01	6.4707111503e+01	2.2845552391e+00	2.2160601360e+00	1.1647280070e+01
4.3920000000e+02	-1.5000000000e+00	1.0237524295e+01	6.4875134973e+01	2.2845552391e+00	2.2162322296e+00	1.1677524295e+01
4.3940000000e+02	-1.5000000000e+00	1.0267581456e+01	6.5042119198e+01	2.2845552391e+00	2.2164024042e+00	1.1707581456e+01
4.3960000000e+02	-1.5000000000e+00	1.0297452739e+01	6.5208070772e+01	2.2845552391e+00	2.2165706886e+00	1.1737452739e+01
4.3980000000e+02	-1.5000000000e+00	1.0327139325e+01	6.5372996249e+01	2.2845552391e+00	2.2167371112e+00	1.1767139325e+01
4.4000000000e+02	-1.5000000000e+00	1.0356642384e+01	6.5536902134e+01	2.2845552391e+00	2.2169016996e+00	1.1796642384e+01
4.4020000000e+02	-1.5000000000e+00	1.0385963080e+01	6.5699794890e+01	2.2845552391e+00	2.2170644810e+00	1.1825963080e+01
4.4040000000e+02	-1.5000000000e+00	1.0415102568e+01	6.5861680935e+01	2.2845552391e+00	2.2172254822e+00	1.1855102568e+01
4.4060000000e+02	-1.5000000000e+00	1.0444061996e+01	6.6022566644e+01	2.2845552391e+00	2.2173847293e+00	1.1884061996e+01
4.4080000000e+02	-1.5000000000e+00	1.0472842503e+01	6.6182458347e+01	2.2845552391e+00	2.2175422479e+00	1.1912842503e+01
4.4100000000e+02	-1.5000000000e+00	1.0501445220e+01	6.6341362334e+01	2.2845552391e+00	2.2176980632e+00	1.1941445220e+01
4.4120000000e+02	-1.5000000000e+00	1.0529871273e+01	6.6499284849e+01	2.2845552391e+00	2.2178521999e+00	1.1969871273e+01
4.4140000000e+02	-1.5000000000e+00	1.0558121777e+01	6.6656232096e+01	2.2845552391e+00	2.2180046822e+00	1.1998121777e+01
4.4160000000e+02	-1.5000000000e+00	1.0586197843e+01	6.6812210238e+01	2.2845552391e+00	2.2181555338e+00	1.2026197843e+01
4.4180000000e+02	-1.5000000000e+00	1.0614100571e+01	6.6967225393e+01	2.2845552391e+00	2.2183047780e+00	1.2054100571e+01
4.4200000000e+02	-1.5000000000e+00	1.0641831055e+01	6.7121283641e+01	2.2845552391e+00	2.2184524378e+00	1.2081831055e+01
4.4220000000e+02	-1.5000000000e+00	1.0669390384e+01	6.7274391020e+01	2.2845552391e+00	2.2185985354e+00	1.2109390384e+01
4.4240000000e+02	-1.5000000000e+00	1.0696779635e+01	6.7426553527e+01	2.2845552391e+00	2.2187430931e+00	1.2136779635e+01
4.4260000000e+02	-1.5000000000e+00	1.0723999882e+01	6.7577777120e+01	2.2845552391e+00	2.2188861322e+00	1.2163999882e+01
4.4280000000e+02	-1.5000000000e+00	1.0751052189e+01	6.7728067715e+01	2.2845552391e+00	2.2190276742e+00	1.2191052189e+01
4.4300000000e+02	-1.5000000000e+00	1.0777937614e+01	6.7877431190e+01	2.2845552391e+00	2.2191677398e+00	1.2217937614e+01
4.4320000000e+02	-1.5000000000e+00	1.0804657209e+01	6.8025873384e+01	2.2845552391e+00	2.2193063495e+00	1.2244657209e+01
4.4340000000e+02	-1.5000000000e+00	1.0831212017e+01	6.8173400096e+01	2.2845552391e+00	2.2194435233e+00	1.2271212017e+01
4.4360000000e+02	-1.5000000000e+00	1.0857603076e+01	6.8320017087e+01	2.2845552391e+00	2.2195792810e+00	1.2297603076e+01
4.4380000000e+02	-1.5000000000e+00	1.0883831414e+01	6.8465730080e+01	2.2845552391e+00	2.2197136420e+00	1.2323831414e+01
4.4400000000e+02	-1.5000000000e+00	1.0909898056e+01	6.8610544758e+01	2.2845552391e+00	2.2198466252e+00	1.2349898056e+01
4.4420000000e+02	-1.5000000000e+00	1.0935804018e+01	6.8754466769e+01	2.2845552391e+00	2.2199782493e+00	1.2375804018e+01
4.4440000000e+02	-1.5000000000e+00	1.0961550310e+01	6.8897501721e+01	2.2845552391e+00	2.2201085327e+00	1.2401550310e+01
4.4460000000e+02	-1.5000000000e+00	1.0987137934e+01	6.9039655186e+01	2.2845552391e+00	2.2202374933e+00	1.2427137934e+01
4.4480000000e+02	-1.5000000000e+00	1.1012567886e+01	6.9180932700e+01	2.2845552391e+00	2.2203651490e+00	1.2452567886e+01
4.4500000000e+02	-1.5000000000e+00	1.1037841157e+01	6.9321339761e+01	2.2845552391e+00	2.2204915171e+00	1.2477841157e+01
4.4520000000e+02	-1.5000000000e+00	1.1062958730e+01	6.9460881831e+01	2.2845552391e+00	2.2206166147e+00	1.2502958730e+01
4.4540000000e+02	-1.5000000000e+00	1.1087921580e+01	6.9599564336e+01	2.2845552391e+00	2.2207404586e+00	1.2527921580e+01
4.4560000000e+02	-1.5000000000e+00	1.1112730680e+01	6.9737392666e+01	2.2845552391e+00	2.2208630653e+00	1.2552730680e+01
4.4580000000e+02	-1.5000000000e+00	1.1137386992e+01	6.9874372177e+01	2.2845552391e+00	2.2209844510e+00	1.2577386992e+01
4.4600000000e+02	-1.5000000000e+00	1.1161891474e+01	7.0010508187e+01	2.2845552391e+00	2.2211046317e+00	1.2601891474e+01
4.4620000000e+02	-1.5000000000e+00	1.1186245077e+01	7.0145805981e+01	2.2845552391e+00	2.2212236231e+00	1.2626245077e+01
4.4640000000e+02	-1.5000000000e+00	1.1210448746e+01	7.0280270810e+01	2.2845552391e+00	2.2213414405e+00	1.2650448746e+01
4.4660000000e+02	-1.5000000000e+00	1.1234503420e+01	7.0413907888e+01	2.2845552391e+00	2.2214580991e+00	1.2674503420e+01
4.4680000000e+02	-1.5000000000e+00	1.1258410031e+01	7.0546722397e+01	2.2845552391e+00	2.2215736139e+00	1.2698410031e+01
4.4700000000e+02	-1.5000000000e+00	1.1282169507e+01	7.0678719484e+01	2.2845552391e+00	2.2216879994e+00	1.2722169507e+01
4.4720000000e+02	-1.5000000000e+00	1.1305782767e+01	7.0809904263e+01	2.2845552391e+00	2.2218012700e+00	1.2745782767e+01
4.4740000000e+02	-1.5000000000e+00	1.1329250726e+01	7.0940281813e+01	2.2845552391e+00	2.2219134400e+00	1.2769250726e+01
4.4760000000e+02	-1.5000000000e+00	1.1352574293e+01	7.1069857182e+01	2.2845552391e+00	2.2220245232e+00	1.2792574293e+01
4.4780000000e+02	-1.5000000000e+00	1.1375754369e+01	7.1198635383e+01	2.2845552391e+00	2.2221345333e+00	1.2815754369e+01
4.4800000000e+02	-1.5000000000e+00	1.1398791852e+01	7.1326621399e+01	2.2845552391e+00	2.2222434839e+00	1.2838791852e+01
4.4820000000e+02	-1.5000000000e+00	1.1421687632e+01	7.1453820177e+01	2.2845552391e+00	2.2223513882e+00	1.2861687632e+01
4.4840000000e+02	-1.5000000000e+00	1.1444442594e+01	7.1580236635e+01	2.2845552391e+00	2.2224582591e+00	1.2884442594e+01
4.4860000000e+02	-1.5000000000e+00	1.1467057618e+01	7.1705875657e+01	2.2845552391e+00	2.2225641096e+00	1.2907057618e+01
4.4880000000e+02	-1.5000000000e+00	1.1489533577e+01	7.1830742095e+01	2.2845552391e+00	2.2226689523e+00	1.2929533577e+01
4.4900000000e+02	-1.5000000000e+00	1.1511871339e+01	7.1954840772e+01	2.2845552391e+00	2.2227727995e+00	1.2951871339e+01
4.4920000000e+02	-1.5000000000e+00	1.1534071766e+01	7.2078176478e+01	2.2845552391e+00	2.2228756636e+00	1.2974071766e+01
4.4940000000e+02	-1.5000000000e+00	1.1556135715e+01	7.2200753970e+01	2.2845552391e+00	2.2229775564e+00	1.2996135715e+01
4.4960000000e+02	-1.5000000000e+00	1.1578064036e+01	7.2322577979e+01	2.2845552391e+00	2.2230784900e+00	1.3018064036e+01
4.4980000000e+02	-1.5000000000e+00	1.1599857576e+01	7.2443653199e+01	2.2845552391e+00	2.2231784758e+00	1.3039857576e+01
4.5000000000e+02	-1.5000000000e+00	1.1621517174e+01	7.2563984300e+01	2.2845552391e+00	2.2232775254e+00	1.3061517174e+01
4.5020000000e+02	-1.5000000000e+00	1.1643043665e+01	7.2683575918e+01	2.2845552391e+00	2.2233756501e+00	1.3083043665e+01
4.5040000000e+02	-1.5000000000e+00	1.1664437879e+01	7.2802432660e+01	2.2845552391e+00	2.2234728609e+00	1.3104437879e+01
4.5060000000e+02	-1.5000000000e+00	1.1685700639e+01	7.2920559103e+01	2.2845552391e+00	2.2235691688e+00	1.3125700639e+01
4.5080000000e+02	-1.5000000000e+00	1.1706832763e+01	7.3037959794e+01	2.2845552391e+00	2.2236645846e+00	1.3146832763e+01
4.5100000000e+02	-1.5000000000e+00	1.1727835065e+01	7.3154639253e+01	2.2845552391e+00	2.2237591189e+00	1.3167835065e+01
4.5120000000e+02	-1.5000000000e+00	1.1748708354e+01	7.3270601967e+01	2.2845552391e+00	2.2238527821e+00	1.3188708354e+01
4.5140000000e+02	-1.5000000000e+00	1.1769453432e+01	7.3385852398e+01	2.2845552391e+00	2.2239455844e+00	1.3209453432e+01
4.5160000000e+02	-1.5000000000e+00	1.1790071096e+01	7.3500394977e+01	2.2845552391e+00	2.2240375361e+00	1.3230071096e+01
4.5180000000e+02	-1.5000000000e+00	1.1810562139e+01	7.3614234107e+01	2.2845552391e+00	2.2241286470e+00	1.3250562139e+01
4.5200000000e+02	-1.5000000000e+00	1.1830927349e+01	7.3727374163e+01	2.2845552391e+00	2.2242189270e+00	1.3270927349e+01
4.5220000000e+02	-1.5000000000e+00	1.1851167508e+01	7.3839819490e+01	2.2845552391e+00	2.2243083858e+00	1.3291167508e+01
4.5240000000e+02	-1.5000000000e+00	1.1871283394e+01	7.3951574409e+01	2.2845552391e+00	2.2243970328e+00	1.3311283394e+01
4.5260000000e+02	-1.5000000000e+00	1.1891275778e+01	7.4062643210e+01	2.2845552391e+00	2.2244848775e+00	1.3331275778e+01
4.5280000000e+02	-1.5000000000e+00	1.1911145428e+01	7.4173030156e+01	2.2845552391e+00	2.2245719291e+00	1.3351145428e+01
4.5300000000e+02	-1.5000000000e+00	1.1930893107e+01	7.4282739484e+01	2.2845552391e+00	2.2246581967e+00	1.3370893107e+01
4.5320000000e+02	-1.5000000000e+00	1.1950519572e+01	7.4391775402e+01	2.2845552391e+00	2.2247436893e+00	1.3390519572e+01
4.5340000000e+02	-1.5000000000e+00	1.1970025577e+01	7.4500142093e+01	2.2845552391e+00	2.2248284156e+00	1.3410025577e+01
4.5360000000e+02	-1.5000000000e+00	1.1989411868e+01	7.4607843712e+01	2.2845552391e+00	2.2249123845e+00	1.3429411868e+01
4.5380000000e+02	-1.5000000000e+00	1.2008679190e+01	7.4714884387e+01	2.2845552391e+00	2.2249956045e+00	1.3448679190e+01
4.5400000000e+02	-1.5000000000e+00	1.2027828280e+01	7.4821268220e+01	2.2845552391e+00	2.2250780841e+00	1.3467828280e+01
4.5420000000e+02	-1.5000000000e+00	1.2046859872e+01	7.4926999289e+01	2.2845552391e+00	2.2251598315e+00	1.3486859872e+01
4.5440000000e+02	-1.5000000000e+00	1.2065774696e+01	7.5032081642e+01	2.2845552391e+00	2.2252408550e+00	1.3505774696e+01
4.5460000000e+02	-1.5000000000e+00	1.2084573475e+01	7.5136519304e+01	2.2845552391e+00	2.2253211627e+00	1.3524573475e+01
4.5480000000e+02	-1.5000000000e+00	1.2103256929e+01	7.5240316274e+01	2.2845552391e+00	2.2254007625e+00	1.3543256929e+01
4.5500000000e+02	-1.5000000000e+00	1.2121825774e+01	7.5343476524e+01	2.2845552391e+00	2.2254796624e+00	1.3561825774e+01
4.5520000000e+02	-1.5000000000e+00	1.2140280720e+01	7.5446004002e+01	2.2845552391e+00	2.2255578700e+00	1.3580280720e+01
4.5540000000e+02	-1.5000000000e+00	1.2158622474e+01	7.5547902631e+01	2.2845552391e+00	2.2256353931e+00	1.3598622474e+01
4.5560000000e+02	-1.5000000000e+00	1.2176851736e+01	7.5649176308e+01	2.2845552391e+00	2.2257122391e+00	1.3616851736e+01
4.5580000000e+02	-1.5000000000e+00	1.2194969203e+01	7.5749828907e+01	2.2845552391e+00	2.2257884155e+00	1.3634969203e+01
4.5600000000e+02	-1.5000000000e+00	1.2212975569e+01	7.5849864274e+01	2.2845552391e+00	2.2258639296e+00	1.3652975569e+01
4.5620000000e+02	-1.5000000000e+00	1.2230871522e+01	7.5949286234e+01	2.2845552391e+00	2.2259387886e+00	1.3670871522e+01
4.5640000000e+02	-1.5000000000e+00	1.2248657745e+01	7.6048098586e+01	2.2845552391e+00	2.2260129996e+00	1.3688657745e+01
4.5660000000e+02	-1.5000000000e+00	1.2266334919e+01	7.6146305105e+01	2.2845552391e+00	2.2260865697e+00	1.3706334919e+01
4.5680000000e+02	-1.5000000000e+00	1.2283903718e+01	7.6243909543e+01	2.2845552391e+00	2.2261595057e+00	1.3723903718e+01
4.5700000000e+02	-1.5000000000e+00	1.2301364813e+01	7.6340915627e+01	2.2845552391e+00	2.2262318146e+00	1.3741364813e+01
4.5720000000e+02	-1.5000000000e+00	1.2318718871e+01	7.6437327061e+01	2.2845552391e+00	2.2263035029e+00	1.3758718871e+01
4.5740000000e+02	-1.5000000000e+00	1.2335966554e+01	7.6533147524e+01	2.2845552391e+00	2.2263745775e+00	1.3775966554e+01
4.5760000000e+02	-1.5000000000e+00	1.2353108521e+01	7.6628380675e+01	2.2845552391e+00	2.2264450448e+00	1.3793108521e+01
4.5780000000e+02	-1.5000000000e+00	1.2370145426e+01	7.6723030146e+01	2.2845552391e+00	2.2265149112e+00	1.3810145426e+01
4.5800000000e+02	-1.5000000000e+00	1.2387077919e+01	7.6817099548e+01	2.2845552391e+00	2.2265841832e+00	1.3827077919e+01
4.5820000000e+02	-1.5000000000e+00	1.2403906645e+01	7.6910592470e+01	2.2845552391e+00	2.2266528671e+00	1.3843906645e+01
4.5840000000e+02	-1.5000000000e+00	1.2420632246e+01	7.7003512476e+01	2.2845552391e+00	2.2267209690e+00	1.3860632246e+01
4.5860000000e+02	-1.5000000000e+00	1.2437255360e+01	7.7095863110e+01	2.2845552391e+00	2.2267884950e+00	1.3877255360e+01
4.5880000000e+02	-1.5000000000e+00	1.2453776620e+01	7.7187647891e+01	2.2845552391e+00	2.2268554513e+00	1.3893776620e+01
4.5900000000e+02	-1.5000000000e+00	1.2470196657e+01	7.7278870317e+01	2.2845552391e+00	2.2269218437e+00	1.3910196657e+01
4.5920000000e+02	-1.5000000000e+00	1.2486516096e+01	7.7369533864e+01	2.2845552391e+00	2.2269876781e+00	1.3926516096e+01
4.5940000000e+02	-1.5000000000e+00	1.2502735558e+01	7.7459641987e+01	2.2845552391e+00	2.2270529604e+00	1.3942735558e+01
4.5960000000e+02	-1.5000000000e+00	1.2518855661e+01	7.7549198117e+01	2.2845552391e+00	2.2271176962e+00	1.3958855661e+01
4.5980000000e+02	-1.5000000000e+00	1.2534877020e+01	7.7638205664e+01	2.2845552391e+00	2.2271818912e+00	1.3974877020e+01
4.6000000000e+02	-1.5000000000e+00	1.2550800243e+01	7.7726668018e+01	2.2845552391e+00	2.2272455510e+00	1.3990800243e+01
4.6020000000e+02	-1.5000000000e+00	1.2566625938e+01	7.7814588547e+01	2.2845552391e+00	2.2273086810e+00	1.4006625938e+01
4.6040000000e+02	-1.5000000000e+00	1.2582354707e+01	7.7901970595e+01	2.2845552391e+00	2.2273712867e+00	1.4022354707e+01
4.6060000000e+02	-1.5000000000e+00	1.2597987148e+01	7.7988817490e+01	2.2845552391e+00	2.2274333735e+00	1.4037987148e+01
4.6080000000e+02	-1.5000000000e+00	1.2613523856e+01	7.8075132534e+01	2.2845552391e+00	2.2274949466e+00	1.4053523856e+01
4.6100000000e+02	-1.5000000000e+00	1.2628965422e+01	7.8160919012e+01	2.2845552391e+00	2.2275560113e+00	1.4068965422e+01
4.6120000000e+02	-1.5000000000e+00	1.2644312433e+01	7.8246180185e+01	2.2845552391e+00	2.2276165727e+00	1.4084312433e+01
4.6140000000e+02	-1.5000000000e+00	1.2659565474e+01	7.8330919298e+01	2.2845552391e+00	2.2276766359e+00	1.4099565474e+01
4.6160000000e+02	-1.5000000000e+00	1.2674725123e+01	7.8415139570e+01	2.2845552391e+00	2.2277362060e+00	1.4114725123e+01
4.6180000000e+02	-1.5000000000e+00	1.2689791957e+01	7.8498844204e+01	2.2845552391e+00	2.2277952877e+00	1.4129791957e+01
4.6200000000e+02	-1.5000000000e+00	1.2704766549e+01	7.8582036382e+01	2.2845552391e+00	2.2278538862e+00	1.4144766549e+01
4.6220000000e+02	-1.5000000000e+00	1.2719649467e+01	7.8664719264e+01	2.2845552391e+00	2.2279120062e+00	1.4159649467e+01
4.6240000000e+02	-1.5000000000e+00	1.2734441279e+01	7.8746895992e+01	2.2845552391e+00	2.2279696524e+00	1.4174441279e+01
4.6260000000e+02	-1.5000000000e+00	1.2749142544e+01	7.8828569688e+01	2.2845552391e+00	2.2280268297e+00	1.4189142544e+01
4.6280000000e+02	-1.5000000000e+00	1.2763753822e+01	7.8909743455e+01	2.2845552391e+00	2.2280835425e+00	1.4203753822e+01
4.6300000000e+02	-1.5000000000e+00	1.2778275667e+01	7.8990420374e+01	2.2845552391e+00	2.2281397956e+00	1.4218275667e+01
4.6320000000e+02	-1.5000000000e+00	1.2792708632e+01	7.9070603510e+01	2.2845552391e+00	2.2281955935e+00	1.4232708632e+01
4.6340000000e+02	-1.5000000000e+00	1.2807053263e+01	7.9150295906e+01	2.2845552391e+00	2.2282509406e+00	1.4247053263e+01
4.6360000000e+02	-1.5000000000e+00	1.2821310106e+01	7.9229500588e+01	2.2845552391e+00	2.2283058414e+00	1.4261310106e+01
4.6380000000e+02	-1.5000000000e+00	1.2835479701e+01	7.9308220561e+01	2.2845552391e+00	2.2283603003e+00	1.4275479701e+01
4.6400000000e+02	-1.5000000000e+00	1.2849562586e+01	7.9386458814e+01	2.2845552391e+00	2.2284143215e+00	1.4289562586e+01
4.6420000000e+02	-1.5000000000e+00	1.2863559296e+01	7.9464218313e+01	2.2845552391e+00	2.2284679093e+00	1.4303559296e+01
4.6440000000e+02	-1.5000000000e+00	1.2877470362e+01	7.9541502010e+01	2.2845552391e+00	2.2285210679e+00	1.4317470362e+01
4.6460000000e+02	-1.5000000000e+00	1.2891296310e+01	7.9618312836e+01	2.2845552391e+00	2.2285738016e+00	1.4331296310e+01
4.6480000000e+02	-1.5000000000e+00	1.2905037667e+01	7.9694653704e+01	2.2845552391e+00	2.2286261143e+00	1.4345037667e+01
4.6500000000e+02	-1.5000000000e+00	1.2918694951e+01	7.9770527508e+01	2.2845552391e+00	2.2286780102e+00	1.4358694951e+01
4.6520000000e+02	-1.5000000000e+00	1.2932268683e+01	7.9845937125e+01	2.2845552391e+00	2.2287294933e+00	1.4372268683e+01
4.6540000000e+02	-1.5000000000e+00	1.2945759375e+01	7.9920885415e+01	2.2845552391e+00	2.2287805675e+00	1.4385759375e+01
4.6560000000e+02	-1.5000000000e+00	1.2959167539e+01	7.9995375217e+01	2.2845552391e+00	2.2288312368e+00	1.4399167539e+01
4.6580000000e+02	-1.5000000000e+00	1.2972493684e+01	8.0069409356e+01	2.2845552391e+00	2.2288815049e+00	1.4412493684e+01
4.6600000000e+02	-1.5000000000e+00	1.2985738314e+01	8.0142990635e+01	2.2845552391e+00	2.2289313758e+00	1.4425738314e+01
4.6620000000e+02	-1.5000000000e+00	1.2998901932e+01	8.0216121844e+01	2.2845552391e+00	2.2289808532e+00	1.4438901932e+01
4.6640000000e+02	-1.5000000000e+00	1.3011985035e+01	8.0288805752e+01	2.2845552391e+00	2.2290299409e+00	1.4451985035e+01
4.6660000000e+02	-1.5000000000e+00	1.3024988120e+01	8.0361045113e+01	2.2845552391e+00	2.2290786424e+00	1.4464988120e+01
4.6680000000e+02	-1.5000000000e+00	1.3037911679e+01	8.0432842663e+01	2.2845552391e+00	2.2291269616e+00	1.4477911679e+01
4.6700000000e+02	-1.5000000000e+00	1.3050756202e+01	8.0504201120e+01	2.2845552391e+00	2.2291749019e+00	1.4490756202e+01
4.6720000000e+02	-1.5000000000e+00	1.3063522174e+01	8.0575123187e+01	2.2845552391e+00	2.2292224669e+00	1.4503522174e+01
4.6740000000e+02	-1.5000000000e+00	1.3076210079e+01	8.0645611548e+01	2.2845552391e+00	2.2292696602e+00	1.4516210079e+01
4.6760000000e+02	-1.5000000000e+00	1.3088820397e+01	8.0715668871e+01	2.2845552391e+00	2.2293164851e+00	1.4528820397e+01
4.6780000000e+02	-1.5000000000e+00	1.3101353605e+01	8.0785297808e+01	2.2845552391e+00	2.2293629453e+00	1.4541353605e+01
4.6800000000e+02	-1.5000000000e+00	1.3113810179e+01	8.0854500995e+01	2.2845552391e+00	2.2294090439e+00	1.4553810179e+01
4.6820000000e+02	-1.5000000000e+00	1.3126190589e+01	8.0923281049e+01	2.2845552391e+00	2.2294547845e+00	1.4566190589e+01
4.6840000000e+02	-1.5000000000e+00	1.3138495303e+01	8.0991640573e+01	2.2845552391e+00	2.2295001703e+00	1.4578495303e+01
4.6860000000e+02	-1.5000000000e+00	1.3150724788e+01	8.1059582153e+01	2.2845552391e+00	2.2295452046e+00	1.4590724788e+01
4.6880000000e+02	-1.5000000000e+00	1.3162879505e+01	8.1127108359e+01	2.2845552391e+00	2.2295898906e+00	1.4602879505e+01
4.6900000000e+02	-1.5000000000e+00	1.3174959914e+01	8.1194221745e+01	2.2845552391e+00	2.2296342315e+00	1.4614959914e+01
4.6920000000e+02	-1.5000000000e+00	1.3186966473e+01	8.1260924849e+01	2.2845552391e+00	2.2296782306e+00	1.4626966473e+01
4.6940000000e+02	-1.5000000000e+00	1.3198899635e+01	8.1327220193e+01	2.2845552391e+00	2.2297218909e+00	1.4638899635e+01
4.6960000000e+02	-1.5000000000e+00	1.3210759851e+01	8.1393110283e+01	2.2845552391e+00	2.2297652155e+00	1.4650759851e+01
4.6980000000e+02	-1.5000000000e+00	1.3222547570e+01	8.1458597611e+01	2.2845552391e+00	2.2298082075e+00	1.4662547570e+01
4.7000000000e+02	-1.5000000000e+00	1.3234263237e+01	8.1523684651e+01	2.2845552391e+00	2.2298508699e+00	1.4674263237e+01
4.7020000000e+02	-1.5000000000e+00	1.3245907296e+01	8.1588373865e+01	2.2845552391e+00	2.2298932057e+00	1.4685907296e+01
4.7040000000e+02	-1.5000000000e+00	1.3257480185e+01	8.1652667695e+01	2.2845552391e+00	2.2299352179e+00	1.4697480185e+01
4.7060000000e+02	-1.5000000000e+00	1.3268982343e+01	8.1716568572e+01	2.2845552391e+00	2.2299769094e+00	1.4708982343e+01
4.7080000000e+02	-1.5000000000e+00	1.3280414204e+01	8.1780078911e+01	2.2845552391e+00	2.2300182831e+00	1.4720414204e+01
4.7100000000e+02	-1.5000000000e+00	1.3291776200e+01	8.1843201109e+01	2.2845552391e+00	2.2300593418e+00	1.4731776200e+01
4.7120000000e+02	-1.5000000000e+00	1.3303068760e+01	8.1905937553e+01	2.2845552391e+00	2.2301000883e+00	1.4743068760e+01
4.7140000000e+02	-1.5000000000e+00	1.3314292310e+01	8.1968290611e+01	2.2845552391e+00	2.2301405255e+00	1.4754292310e+01
4.7160000000e+02	-1.5000000000e+00	1.3325447275e+01	8.2030262638e+01	2.2845552391e+00	2.2301806562e+00	1.4765447275e+01
4.7180000000e+02	-1.5000000000e+00	1.3336534075e+01	8.2091855974e+01	2.2845552391e+00	2.2302204830e+00	1.4776534075e+01
4.7200000000e+02	-1.5000000000e+00	1.3347553130e+01	8.2153072946e+01	2.2845552391e+00	2.2302600087e+00	1.4787553130e+01
4.7220000000e+02	-1.5000000000e+00	1.3358504855e+01	8.2213915864e+01	2.2845552391e+00	2.2302992360e+00	1.4798504855e+01
4.7240000000e+02	-1.5000000000e+00	1.3369389664e+01	8.2274387024e+01	2.2845552391e+00	2.2303381674e+00	1.4809389664e+01
4.7260000000e+02	-1.5000000000e+00	1.3380207968e+01	8.2334488711e+01	2.2845552391e+00	2.2303768057e+00	1.4820207968e+01
4.7280000000e+02	-1.5000000000e+00	1.3390960174e+01	8.2394223191e+01	2.2845552391e+00	2.2304151533e+00	1.4830960174e+01
4.7300000000e+02	-1.5000000000e+00	1.3401646690e+01	8.2453592720e+01	2.2845552391e+00	2.2304532130e+00	1.4841646690e+01
4.7320000000e+02	-1.5000000000e+00	1.3412267917e+01	8.2512599538e+01	2.2845552391e+00	2.2304909871e+00	1.4852267917e+01
4.7340000000e+02	-1.5000000000e+00	1.3422824257e+01	8.2571245871e+01	2.2845552391e+00	2.2305284782e+00	1.4862824257e+01
4.7360000000e+02	-1.5000000000e+00	1.3433316108e+01	8.2629533931e+01	2.2845552391e+00	2.2305656888e+00	1.4873316108e+01
4.7380000000e+02	-1.5000000000e+00	1.3443743865e+01	8.2687465919e+01	2.2845552391e+00	2.2306026213e+00	1.4883743865e+01
4.7400000000e+02	-1.5000000000e+00	1.3454107923e+01	8.2745044018e+01	2.2845552391e+00	2.2306392782e+00	1.4894107923e+01
4.7420000000e+02	-1.5000000000e+00	1.3464408672e+01	8.2802270401e+01	2.2845552391e+00	2.2306756618e+00	1.4904408672e+01
4.7440000000e+02	-1.5000000000e+00	1.3474646501e+01	8.2859147226e+01	2.2845552391e+00	2.2307117746e+00	1.4914646501e+01
4.7460000000e+02	-1.5000000000e+00	1.3484821795e+01	8.2915676637e+01	2.2845552391e+00	2.2307476189e+00	1.4924821795e+01
4.7480000000e+02	-1.5000000000e+00	1.3494934938e+01	8.2971860767e+01	2.2845552391e+00	2.2307831969e+00	1.4934934938e+01
4.7500000000e+02	-1.5000000000e+00	1.3504986312e+01	8.3027701733e+01	2.2845552391e+00	2.2308185111e+00	1.4944986312e+01
4.7520000000e+02	-1.5000000000e+00	1.3514976295e+01	8.3083201641e+01	2.2845552391e+00	2.2308535636e+00	1.4954976295e+01
4.7540000000e+02	-1.5000000000e+00	1.3524905265e+01	8.3138362583e+01	2.2845552391e+00	2.2308883568e+00	1.4964905265e+01
4.7560000000e+02	-1.5000000000e+00	1.3534773595e+01	8.3193186638e+01	2.2845552391e+00	2.2309228929e+00	1.4974773595e+01
4.7580000000e+02	-1.5000000000e+00	1.3544581657e+01	8.3247675873e+01	2.2845552391e+00	2.2309571740e+00	1.4984581657e+01
4.7600000000e+02	-1.5000000000e+00	1.3554329821e+01	8.3301832341e+01	2.2845552391e+00	2.2309912024e+00	1.4994329821e+01
4.7620000000e+02	-1.5000000000e+00	1.3564018455e+01	8.3355658082e+01	2.2845552391e+00	2.2310249801e+00	1.5004018455e+01
4.7640000000e+02	-1.5000000000e+00	1.3573647923e+01	8.3409155126e+01	2.2845552391e+00	2.2310585095e+00	1.5013647923e+01
4.7660000000e+02	-1.5000000000e+00	1.3583218588e+01	8.3462325487e+01	2.2845552391e+00	2.2310917924e+00	1.5023218588e+01
4.7680000000e+02	-1.5000000000e+00	1.3592730810e+01	8.3515171168e+01	2.2845552391e+00	2.2311248312e+00	1.5032730810e+01
4.7700000000e+02	-1.5000000000e+00	1.3602184949e+01	8.3567694162e+01	2.2845552391e+00	2.2311576277e+00	1.5042184949e+01
4.7720000000e+02	-1.5000000000e+00	1.3611581360e+01	8.3619896445e+01	2.2845552391e+00	2.2311901841e+00	1.5051581360e+01
4.7740000000e+02	-1.5000000000e+00	1.3620920397e+01	8.3671779984e+01	2.2845552391e+00	2.2312225024e+00	1.5060920397e+01
4.7760000000e+02	-1.5000000000e+00	1.3630202412e+01	8.3723346733e+01	2.2845552391e+00	2.2312545847e+00	1.5070202412e+01
4.7780000000e+02	-1.5000000000e+00	1.3639427754e+01	8.3774598635e+01	2.2845552391e+00	2.2312864328e+00	1.5079427754e+01
4.7800000000e+02	-1.5000000000e+00	1.3648596771e+01	8.3825537618e+01	2.2845552391e+00	2.2313180488e+00	1.5088596771e+01
4.7820000000e+02	-1.5000000000e+00	1.3657709808e+01	8.3876165601e+01	2.2845552391e+00	2.2313494346e+00	1.5097709808e+01
4.7840000000e+02	-1.5000000000e+00	1.3666767208e+01	8.3926484490e+01	2.2845552391e+00	2.2313805921e+00	1.5106767208e+01
4.7860000000e+02	-1.5000000000e+00	1.3675769312e+01	8.3976496180e+01	2.2845552391e+00	2.2314115233e+00	1.5115769312e+01
4.7880000000e+02	-1.5000000000e+00	1.3684716459e+01	8.4026202552e+01	2.2845552391e+00	2.2314422300e+00	1.5124716459e+01
4.7900000000e+02	-1.5000000000e+00	1.3693608986e+01	8.4075605479e+01	2.2845552391e+00	2.2314727141e+00	1.5133608986e+01
4.7920000000e+02	-1.5000000000e+00	1.3702447227e+01	8.4124706819e+01	2.2845552391e+00	2.2315029774e+00	1.5142447227e+01
4.7940000000e+02	-1.5000000000e+00	1.3711231516e+01	8.4173508420e+01	2.2845552391e+00	2.2315330219e+00	1.5151231516e+01
4.7960000000e+02	-1.5000000000e+00	1.3719962181e+01	8.4222012119e+01	2.2845552391e+00	2.2315628492e+00	1.5159962181e+01
4.7980000000e+02	-1.5000000000e+00	1.3728639553e+01	8.4270219742e+01	2.2845552391e+00	2.2315924613e+00	1.5168639553e+01
4.8000000000e+02	-1.5000000000e+00	1.3737263958e+01	8.4318133101e+01	2.2845552391e+00	2.2316218598e+00	1.5177263958e+01
4.8020000000e+02	-1.5000000000e+00	1.3745835720e+01	8.4365754000e+01	2.2845552391e+00	2.2316510465e+00	1.5185835720e+01
4.8040000000e+02	-1.5000000000e+00	1.3754355161e+01	8.4413084229e+01	2.2845552391e+00	2.2316800232e+00	1.5194355161e+01
4.8060000000e+02	-1.5000000000e+00	1.3762822603e+01	8.4460125571e+01	2.2845552391e+00	2.2317087917e+00	1.5202822603e+01
4.8080000000e+02	-1.5000000000e+00	1.3771238363e+01	8.4506879794e+01	2.2845552391e+00	2.2317373535e+00	1.5211238363e+01
4.8100000000e+02	-1.5000000000e+00	1.3779602758e+01	8.4553348657e+01	2.2845552391e+00	2.2317657104e+00	1.5219602758e+01
4.8120000000e+02	-1.5000000000e+00	1.3787916103e+01	8.4599533907e+01	2.2845552391e+00	2.2317938641e+00	1.5227916103e+01
4.8140000000e+02	-1.5000000000e+00	1.3796178711e+01	8.4645437281e+01	2.2845552391e+00	2.2318218163e+00	1.5236178711e+01
4.8160000000e+02	-1.5000000000e+00	1.3804390891e+01	8.4691060506e+01	2.2845552391e+00	2.2318495685e+00	1.5244390891e+01
4.8180000000e+02	-1.5000000000e+00	1.3812552954e+01	8.4736405298e+01	2.2845552391e+00	2.2318771224e+00	1.5252552954e+01
4.8200000000e+02	-1.5000000000e+00	1.3820665205e+01	8.4781473360e+01	2.2845552391e+00	2.2319044796e+00	1.5260665205e+01
4.8220000000e+02	-1.5000000000e+00	1.3828727950e+01	8.4826266389e+01	2.2845552391e+00	2.2319316418e+00	1.5268727950e+01
4.8240000000e+02	-1.5000000000e+00	1.3836741492e+01	8.4870786067e+01	2.2845552391e+00	2.2319586104e+00	1.5276741492e+01
4.8260000000e+02	-1.5000000000e+00	1.3844706132e+01	8.4915034068e+01	2.2845552391e+00	2.2319853871e+00	1.5284706132e+01
4.8280000000e+02	-1.5000000000e+00	1.3852622170e+01	8.4959012056e+01	2.2845552391e+00	2.2320119733e+00	1.5292622170e+01
4.8300000000e+02	-1.5000000000e+00	1.3860489903e+01	8.5002721683e+01	2.2845552391e+00	2.2320383707e+00	1.5300489903e+01
4.8320000000e+02	-1.5000000000e+00	1.3868309627e+01	8.5046164593e+01	2.2845552391e+00	2.2320645808e+00	1.5308309627e+01
4.8340000000e+02	-1.5000000000e+00	1.3876081635e+01	8.5089342418e+01	2.2845552391e+00	2.2320906050e+00	1.5316081635e+01
4.8360000000e+02	-1.5000000000e+00	1.3883806221e+01	8.5132256781e+01	2.2845552391e+00	2.2321164449e+00	1.5323806221e+01
4.8380000000e+02	-1.5000000000e+00	1.3891483673e+01	8.5174909295e+01	2.2845552391e+00	2.2321421019e+00	1.5331483673e+01
4.8400000000e+02	-1.5000000000e+00	1.3899114281e+01	8.5217301562e+01	2.2845552391e+00	2.2321675775e+00	1.5339114281e+01
4.8420000000e+02	-1.5000000000e+00	1.3906698331e+01	8.5259435175e+01	2.2845552391e+00	2.2321928731e+00	1.5346698331e+01
4.8440000000e+02	-1.5000000000e+00	1.3914236109e+01	8.5301311716e+01	2.2845552391e+00	2.2322179902e+00	1.5354236109e+01
4.8460000000e+02	-1.5000000000e+00	1.3921727897e+01	8.5342932761e+01	2.2845552391e+00	2.2322429302e+00	1.5361727897e+01
4.8480000000e+02	-1.5000000000e+00	1.3929173977e+01	8.5384299871e+01	2.2845552391e+00	2.2322676945e+00	1.5369173977e+01
4.8500000000e+02	-1.5000000000e+00	1.3936574628e+01	8.5425414601e+01	2.2845552391e+00	2.2322922844e+00	1.5376574628e+01
4.8520000000e+02	-1.5000000000e+00	1.3943930129e+01	8.5466278495e+01	2.2845552391e+00	2.2323167015e+00	1.5383930129e+01
4.8540000000e+02	-1.5000000000e+00	1.3951240756e+01	8.5506893088e+01	2.2845552391e+00	2.2323409469e+00	1.5391240756e+01
4.8560000000e+02	-1.5000000000e+00	1.3958506783e+01	8.5547259906e+01	2.2845552391e+00	2.2323650222e+00	1.5398506783e+01
4.8580000000e+02	-1.5000000000e+00	1.3965728484e+01	8.5587380464e+01	2.2845552391e+00	2.2323889286e+00	1.5405728484e+01
4.8600000000e+02	-1.5000000000e+00	1.3972906129e+01	8.5627256270e+01	2.2845552391e+00	2.2324126675e+00	1.5412906129e+01
4.8620000000e+02	-1.5000000000e+00	1.3980039988e+01	8.5666888820e+01	2.2845552391e+00	2.2324362402e+00	1.5420039988e+01
4.8640000000e+02	-1.5000000000e+00	1.3987130328e+01	8.5706279602e+01	2.2845552391e+00	2.2324596480e+00	1.5427130328e+01
4.8660000000e+02	-1.5000000000e+00	1.3994177417e+01	8.5745430097e+01	2.2845552391e+00	2.2324828921e+00	1.5434177417e+01
4.8680000000e+02	-1.5000000000e+00	1.4001181519e+01	8.5784341773e+01	2.2845552391e+00	2.2325059739e+00	1.5441181519e+01
4.8700000000e+02	-1.5000000000e+00	1.4008142896e+01	8.5823016091e+01	2.2845552391e+00	2.2325288947e+00	1.5448142896e+01
4.8720000000e+02	-1.5000000000e+00	1.4015061811e+01	8.5861454504e+01	2.2845552391e+00	2.2325516557e+00	1.5455061811e+01
4.8740000000e+02	-1.5000000000e+00	1.4021938522e+01	8.5899658455e+01	2.2845552391e+00	2.2325742580e+00	1.5461938522e+01
4.8760000000e+02	-1.5000000000e+00	1.4028773288e+01	8.5937629376e+01	2.2845552391e+00	2.2325967031e+00	1.5468773288e+01
4.8780000000e+02	-1.5000000000e+00	1.4035566365e+01	8.5975368694e+01	2.2845552391e+00	2.2326189921e+00	1.5475566365e+01
4.8800000000e+02	-1.5000000000e+00	1.4042318009e+01	8.6012877826e+01	2.2845552391e+00	2.2326411261e+00	1.5482318009e+01
4.8820000000e+02	-1.5000000000e+00	1.4049028472e+01	8.6050158178e+01	2.2845552391e+00	2.2326631065e+00	1.5489028472e+01
4.8840000000e+02	-1.5000000000e+00	1.4055698007e+01	8.6087211150e+01	2.2845552391e+00	2.2326849344e+00	1.5495698007e+01
4.8860000000e+02	-1.5000000000e+00	1.4062326864e+01	8.6124038132e+01	2.2845552391e+00	2.2327066110e+00	1.5502326864e+01
4.8880000000e+02	-1.5000000000e+00	1.4068915291e+01	8.6160640507e+01	2.2845552391e+00	2.2327281374e+00	1.5508915291e+01
4.8900000000e+02	-1.5000000000e+00	1.4075463537e+01	8.6197019648e+01	2.2845552391e+00	2.2327495148e+00	1.5515463537e+01
4.8920000000e+02	-1.5000000000e+00	1.4081971845e+01	8.6233176919e+01	2.2845552391e+00	2.2327707444e+00	1.5521971845e+01
4.8940000000e+02	-1.5000000000e+00	1.4088440462e+01	8.6269113678e+01	2.2845552391e+00	2.2327918273e+00	1.5528440462e+01
4.8960000000e+02	-1.5000000000e+00	1.4094869629e+01	8.6304831272e+01	2.2845552391e+00	2.2328127646e+00	1.5534869629e+01
4.8980000000e+02	-1.5000000000e+00	1.4101259588e+01	8.6340331042e+01	2.2845552391e+00	2.2328335574e+00	1.5541259588e+01
4.9000000000e+02	-1.5000000000e+00	1.4107610577e+01	8.6375614319e+01	2.2845552391e+00	2.2328542069e+00	1.5547610577e+01
4.9020000000e+02	-1.5000000000e+00	1.4113922837e+01	8.6410682427e+01	2.2845552391e+00	2.2328747141e+00	1.5553922837e+01
4.9040000000e+02	-1.5000000000e+00	1.4120196603e+01	8.6445536681e+01	2.2845552391e+00	2.2328950802e+00	1.5560196603e+01
4.9060000000e+02	-1.5000000000e+00	1.4126432110e+01	8.6480178389e+01	2.2845552391e+00	2.2329153061e+00	1.5566432110e+01
4.9080000000e+02	-1.5000000000e+00	1.4132629593e+01	8.6514608850e+01	2.2845552391e+00	2.2329353931e+00	1.5572629593e+01
4.9100000000e+02	-1.5000000000e+00	1.4138789284e+01	8.6548829355e+01	2.2845552391e+00	2.2329553420e+00	1.5578789284e+01
4.9120000000e+02	-1.5000000000e+00	1.4144911414e+01	8.6582841187e+01	2.2845552391e+00	2.2329751541e+00	1.5584911414e+01
4.9140000000e+02	-1.5000000000e+00	1.4150996212e+01	8.6616645623e+01	2.2845552391e+00	2.2329948302e+00	1.5590996212e+01
4.9160000000e+02	-1.5000000000e+00	1.4157043907e+01	8.6650243929e+01	2.2845552391e+00	2.2330143715e+00	1.5597043907e+01
4.9180000000e+02	-1.5000000000e+00	1.4163054726e+01	8.6683637366e+01	2.2845552391e+00	2.2330337790e+00	1.5603054726e+01
4.9200000000e+02	-1.5000000000e+00	1.4169028893e+01	8.6716827185e+01	2.2845552391e+00	2.2330530537e+00	1.5609028893e+01
4.9220000000e+02	-1.5000000000e+00	1.4174966634e+01	8.6749814632e+01	2.2845552391e+00	2.2330721966e+00	1.5614966634e+01
4.9240000000e+02	-1.5000000000e+00	1.4180868170e+01	8.6782600942e+01	2.2845552391e+00	2.2330912086e+00	1.5620868170e+01
4.9260000000e+02	-1.5000000000e+00	1.4186733722e+01	8.6815187345e+01	2.2845552391e+00	2.2331100908e+00	1.5626733722e+01
4.9280000000e+02	-1.5000000000e+00	1.4192563511e+01	8.6847575063e+01	2.2845552391e+00	2.2331288442e+00	1.5632563511e+01
4.9300000000e+02	-1.5000000000e+00	1.4198357756e+01	8.6879765310e+01	2.2845552391e+00	2.2331474697e+00	1.5638357756e+01
4.9320000000e+02	-1.5000000000e+00	1.4204116673e+01	8.6911759293e+01	2.2845552391e+00	2.2331659682e+00	1.5644116673e+01
4.9340000000e+02	-1.5000000000e+00	1.4209840478e+01	8.6943558210e+01	2.2845552391e+00	2.2331843408e+00	1.5649840478e+01
4.9360000000e+02	-1.5000000000e+00	1.4215529386e+01	8.6975163254e+01	2.2845552391e+00	2.2332025884e+00	1.5655529386e+01
4.9380000000e+02	-1.5000000000e+00	1.4221183610e+01	8.7006575609e+01	2.2845552391e+00	2.2332207118e+00	1.5661183610e+01
4.9400000000e+02	-1.5000000000e+00	1.4226803362e+01	8.7037796453e+01	2.2845552391e+00	2.2332387122e+00	1.5666803362e+01
4.9420000000e+02	-1.5000000000e+00	1.4232388852e+01	8.7068826956e+01	2.2845552391e+00	2.2332565902e+00	1.5672388852e+01
4.9440000000e+02	-1.5000000000e+00	1.4237940290e+01	8.7099668280e+01	2.2845552391e+00	2.2332743469e+00	1.5677940290e+01
4.9460000000e+02	-1.5000000000e+00	1.4243457885e+01	8.7130321582e+01	2.2845552391e+00	2.2332919832e+00	1.5683457885e+01
4.9480000000e+02	-1.5000000000e+00	1.4248941842e+01	8.7160788010e+01	2.2845552391e+00	2.2333095000e+00	1.5688941842e+01
4.9500000000e+02	-1.5000000000e+00	1.4254392367e+01	8.7191068705e+01	2.2845552391e+00	2.2333268981e+00	1.5694392367e+01
4.9520000000e+02	-1.5000000000e+00	1.4259809665e+01	8.7221164803e+01	2.2845552391e+00	2.2333441785e+00	1.5699809665e+01
4.9540000000e+02	-1.5000000000e+00	1.4265193938e+01	8.7251077431e+01	2.2845552391e+00	2.2333613419e+00	1.5705193938e+01
4.9560000000e+02	-1.5000000000e+00	1.4270545388e+01	8.7280807709e+01	2.2845552391e+00	2.2333783894e+00	1.5710545388e+01
4.9580000000e+02	-1.5000000000e+00	1.4275864215e+01	8.7310356753e+01	2.2845552391e+00	2.2333953216e+00	1.5715864215e+01
4.9600000000e+02	-1.5000000000e+00	1.4281150620e+01	8.7339725668e+01	2.2845552391e+00	2.2334121396e+00	1.5721150620e+01
4.9620000000e+02	-1.5000000000e+00	1.4286404800e+01	8.7368915554e+01	2.2845552391e+00	2.2334288441e+00	1.5726404800e+01
4.9640000000e+02	-1.5000000000e+00	1.4291626951e+01	8.7397927507e+01	2.2845552391e+00	2.2334454359e+00	1.5731626951e+01
4.9660000000e+02	-1.5000000000e+00	1.4296817270e+01	8.7426762611e+01	2.2845552391e+00	2.2334619159e+00	1.5736817270e+01
4.9680000000e+02	-1.5000000000e+00	1.4301975951e+01	8.7455421948e+01	2.2845552391e+00	2.2334782850e+00	1.5741975951e+01
4.9700000000e+02	-1.5000000000e+00	1.4307103186e+01	8.7483906591e+01	2.2845552391e+00	2.2334945439e+00	1.5747103186e+01
4.9720000000e+02	-1.5000000000e+00	1.4312199169e+01	8.7512217606e+01	2.2845552391e+00	2.2335106934e+00	1.5752199169e+01
4.9740000000e+02	-1.5000000000e+00	1.4317264090e+01	8.7540356054e+01	2.2845552391e+00	2.2335267344e+00	1.5757264090e+01
4.9760000000e+02	-1.5000000000e+00	1.4322298138e+01	8.7568322990e+01	2.2845552391e+00	2.2335426676e+00	1.5762298138e+01
4.9780000000e+02	-1.5000000000e+00	1.4327301503e+01	8.7596119459e+01	2.2845552391e+00	2.2335584938e+00	1.5767301503e+01
4.9800000000e+02	-1.5000000000e+00	1.4332274371e+01	8.7623746505e+01	2.2845552391e+00	2.2335742139e+00	1.5772274371e+01
4.9820000000e+02	-1.5000000000e+00	1.4337216929e+01	8.7651205160e+01	2.2845552391e+00	2.2335898285e+00	1.5777216929e+01
4.9840000000e+02	-1.5000000000e+00	1.4342129362e+01	8.7678496453e+01	2.2845552391e+00	2.2336053385e+00	1.5782129362e+01
4.9860000000e+02	-1.5000000000e+00	1.4347011853e+01	8.7705621406e+01	2.2845552391e+00	2.2336207446e+00	1.5787011853e+01
4.9880000000e+02	-1.5000000000e+00	1.4351864586e+01	8.7732581036e+01	2.2845552391e+00	2.2336360476e+00	1.5791864586e+01
4.9900000000e+02	-1.5000000000e+00	1.4356687743e+01	8.7759376350e+01	2.2845552391e+00	2.2336512482e+00	1.5796687743e+01
4.9920000000e+02	-1.5000000000e+00	1.4361481504e+01	8.7786008354e+01	2.2845552391e+00	2.2336663471e+00	1.5801481504e+01
4.9940000000e+02	-1.5000000000e+00	1.4366246048e+01	8.7812478043e+01	2.2845552391e+00	2.2336813452e+00	1.5806246048e+01
4.9960000000e+02	-1.5000000000e+00	1.4370981554e+01	8.7838786408e+01	2.2845552391e+00	2.2336962431e+00	1.5810981554e+01
4.9980000000e+02	-1.5000000000e+00	1.4375688198e+01	8.7864934436e+01	2.2845552391e+00	2.2337110415e+00	1.5815688198e+01
5.0000000000e+02	1.5000000000e+00	1.4380366159e+01	8.7890923104e+01	2.2845552391e+00	2.2337257413e+00	1.5820366159e+01
5.0020000000e+02	1.5000000000e+00	1.4372844630e+01	8.7849136835e+01	2.9624751526e+00	2.8965318334e+00	1.5812844630e+01
5.0040000000e+02	1.5000000000e+00	1.4343099903e+01	8.7683888351e+01	3.5557725733e+00	3.4764768907e+00	1.5783099903e+01
5.0060000000e+02	1.5000000000e+00	1.4294049932e+01	8.7411388510e+01	4.0750106462e+00	3.9838587088e+00	1.5734049932e+01
5.0080000000e+02	1.5000000000e+00	1.4228248982e+01	8.7045827678e+01	4.5294339539e+00	4.4277013052e+00	1.5668248982e+01
5.0100000000e+02	1.5000000000e+00	1.4147932669e+01	8.6599625941e+01	4.9271331083e+00	4.8159106724e+00	1.5587932669e+01
5.0120000000e+02	1.5000000000e+00	1.4055057476e+01	8.6083652645e+01	5.2751887973e+00	5.1554120024e+00	1.5495057476e+01
5.0140000000e+02	1.5000000000e+00	1.3951335409e+01	8.5507418938e+01	5.5797978499e+00	5.4522704261e+00	1.5391335409e+01
5.0160000000e+02	1.5000000000e+00	1.3838264383e+01	8.4879246571e+01	5.8463835654e+00	5.7117971412e+00	1.5278264383e+01
5.0180000000e+02	1.5000000000e+00	1.3717154852e+01	8.4206415844e+01	6.0796922709e+00	5.9386426237e+00	1.5157154852e+01
5.0200000000e+02	1.5000000000e+00	1.3589153144e+01	8.3495295244e+01	6.2838778250e+00	6.1368784420e+00	1.5029153144e+01
5.0220000000e+02	1.5000000000e+00	1.3455261902e+01	8.2751455013e+01	6.4625755742e+00	6.3100690344e+00	1.4895261902e+01
5.0240000000e+02	1.5000000000e+00	1.3316357993e+01	8.1979766628e+01	6.6189670764e+00	6.4613346527e+00	1.4756357993e+01
5.0260000000e+02	1.5000000000e+00	1.3173208186e+01	8.1184489920e+01	6.7558367465e+00	6.5934065446e+00	1.4613208186e+01
5.0280000000e+02	1.5000000000e+00	1.3026482887e+01	8.0369349374e+01	6.8756214299e+00	6.7086753151e+00	1.4466482887e+01
5.0300000000e+02	1.5000000000e+00	1.2876768167e+01	7.9537600930e+01	6.9804537889e+00	6.8092333039e+00	1.4316768167e+01
5.0320000000e+02	1.5000000000e+00	1.2724576285e+01	7.8692090473e+01	7.0722002724e+00	6.8969117099e+00	1.4164576285e+01
5.0340000000e+02	1.5000000000e+00	1.2570354908e+01	7.7835305045e+01	7.1524943470e+00	6.9733131102e+00	1.4010354908e+01
5.0360000000e+02	1.5000000000e+00	1.2414495181e+01	7.6969417670e+01	7.2227655787e+00	7.0398399401e+00	1.3854495181e+01
5.0380000000e+02	1.5000000000e+00	1.2257338788e+01	7.6096326598e+01	7.2842650857e+00	7.0977194336e+00	1.3697338788e+01
5.0400000000e+02	1.5000000000e+00	1.2099184138e+01	7.5217689655e+01	7.3380878135e+00	7.1480254626e+00	1.3539184138e+01
5.0420000000e+02	1.5000000000e+00	1.1940291777e+01	7.4334954316e+01	7.3851920288e+00	7.1916976566e+00	1.3380291777e+01
5.0440000000e+02	1.5000000000e+00	1.1780889123e+01	7.3449384019e+01	7.4264163812e+00	7.2295581436e+00	1.3220889123e+01
5.0460000000e+02	1.5000000000e+00	1.1621174616e+01	7.2562081202e+01	7.4624948345e+00	7.2623262042e+00	1.3061174616e+01
5.0480000000e+02	1.5000000000e+00	1.1461321344e+01	7.1674007466e+01	7.4940697343e+00	7.2906310999e+00	1.2901321344e+01
5.0500000000e+02	1.5000000000e+00	1.1301480220e+01	7.0786001223e+01	7.5217032441e+00	7.3150233024e+00	1.2741480220e+01
5.0520000000e+02	1.5000000000e+00	1.1141782765e+01	6.9898793140e+01	7.5458873546e+00	7.3359843221e+00	1.2581782765e+01
5.0540000000e+02	1.5000000000e+00	1.0982343538e+01	6.9013019654e+01	7.5670526429e+00	7.3539353109e+00	1.2422343538e+01
5.0560000000e+02	1.5000000000e+00	1.0823262266e+01	6.8129234809e+01	7.5855759384e+00	7.3692445908e+00	1.2263262266e+01
5.0580000000e+02	1.5000000000e+00	1.0664625709e+01	6.7247920606e+01	7.6017870325e+00	7.3822342440e+00	1.2104625709e+01
5.0600000000e+02	1.5000000000e+00	1.0506509293e+01	6.6369496070e+01	7.6159745495e+00	7.3931858795e+00	1.1946509293e+01
5.0620000000e+02	1.5000000000e+00	1.0348978532e+01	6.5494325178e+01	7.6283910858e+00	7.4023456793e+00	1.1788978532e+01
5.0640000000e+02	1.5000000000e+00	1.0192090285e+01	6.4622723805e+01	7.6392577072e+00	7.4099288154e+00	1.1632090285e+01
5.0660000000e+02	1.5000000000e+00	1.0035893844e+01	6.3754965800e+01	7.6487678842e+00	7.4161233138e+00	1.1475893844e+01
5.0680000000e+02	1.5000000000e+00	9.8804318950e+00	6.2891288306e+01	7.6570909374e+00	7.4210934365e+00	1.1320431895e+01
5.0700000000e+02	1.5000000000e+00	9.7257413545e+00	6.2031896414e+01	7.6643750515e+00	7.4249826399e+00	1.1165741354e+01
5.0720000000e+02	1.5000000000e+00	9.5718541036e+00	6.1176967242e+01	7.6707499139e+00	7.4279161645e+00	1.1011854104e+01
5.0740000000e+02	1.5000000000e+00	9.4187976307e+00	6.0326653504e+01	7.6763290233e+00	7.4300032993e+00	1.0858797631e+01
5.0760000000e+02	1.5000000000e+00	9.2665955934e+00	5.9481086630e+01	7.6812117110e+00	7.4313393638e+00	1.0706595593e+01
5.0780000000e+02	1.5000000000e+00	9.1152683112e+00	5.8640379507e+01	7.6854849090e+00	7.4320074416e+00	1.0555268311e+01
5.0800000000e+02	1.5000000000e+00	8.9648331970e+00	5.7804628872e+01	7.6892246979e+00	7.4320798968e+00	1.0404833197e+01
5.0820000000e+02	1.5000000000e+00	8.8153051346e+00	5.6973917414e+01	7.6924976613e+00	7.4316197004e+00	1.0255305135e+01
5.0840000000e+02	1.5000000000e+00	8.6666968095e+00	5.6148315608e+01	7.6953620716e+00	7.4306815906e+00	1.0106696809e+01
5.0860000000e+02	1.5000000000e+00	8.5190189994e+00	5.5327883330e+01	7.6978689270e+00	7.4293130872e+00	9.9590189994e+00
5.0880000000e+02	1.5000000000e+00	8.3722808281e+00	5.4512671267e+01	7.7000628601e+00	7.4275553786e+00	9.8122808281e+00
5.0900000000e+02	1.5000000000e+00	8.2264899884e+00	5.3702722158e+01	7.7019829317e+00	7.4254440972e+00	9.6664899884e+00
5.0920000000e+02	1.5000000000e+00	8.0816529377e+00	5.2898071876e+01	7.7036633272e+00	7.4230099977e+00	9.5216529377e+00
5.0940000000e+02	1.5000000000e+00	7.9377750696e+00	5.2098750386e+01	7.7051339644e+00	7.4202795488e+00	9.3777750696e+00
5.0960000000e+02	1.5000000000e+00	7.7948608644e+00	5.1304782580e+01	7.7064210269e+00	7.4172754511e+00	9.2348608644e+00
5.0980000000e+02	1.5000000000e+00	7.6529140219e+00	5.0516189011e+01	7.7075474297e+00	7.4140170889e+00	9.0929140219e+00
5.1000000000e+02	1.5000000000e+00	7.5119375775e+00	4.9732986542e+01	7.7085332273e+00	7.4105209245e+00	8.9519375775e+00
5.1020000000e+02	1.5000000000e+00	7.3719340048e+00	4.8955188915e+01	7.7093959711e+00	7.4068008426e+00	8.8119340048e+00
5.1040000000e+02	1.5000000000e+00	7.2329053059e+00	4.8182807255e+01	7.7101510215e+00	7.4028684503e+00	8.6729053059e+00
5.1060000000e+02	1.5000000000e+00	7.0948530916e+00	4.7415850509e+01	7.7108118214e+00	7.3987333388e+00	8.5348530916e+00
5.1080000000e+02	1.5000000000e+00	6.9577786512e+00	4.6654325840e+01	7.7113901359e+00	7.3944033109e+00	8.3977786512e+00
5.1100000000e+02	1.5000000000e+00	6.8216830157e+00	4.5898238976e+01	7.7118962613e+00	7.3898845787e+00	8.2616830157e+00
5.1120000000e+02	1.5000000000e+00	6.6865670125e+00	4.5147594514e+01	7.7123392087e+00	7.3851819364e+00	8.1265670125e+00
5.1140000000e+02	1.5000000000e+00	6.5524313157e+00	4.4402396198e+01	7.7127268645e+00	7.3802989083e+00	7.9924313157e+00
5.1160000000e+02	1.5000000000e+00	6.4192764892e+00	4.3662647162e+01	7.7130661305e+00	7.3752378787e+00	7.8592764892e+00
5.1180000000e+02	1.5000000000e+00	6.2871030272e+00	4.2928350151e+01	7.7133630470e+00	7.3700002028e+00	7.7271030272e+00
5.1200000000e+02	1.5000000000e+00	6.1559113890e+00	4.2199507717e+01	7.7136229005e+00	7.3645863026e+00	7.5959113890e+00
5.1220000000e+02	1.5000000000e+00	6.0257020317e+00	4.1476122398e+01	7.7138503173e+00	7.3589957492e+00	7.4657020317e+00
5.1240000000e+02	1.5000000000e+00	5.8964754392e+00	4.0758196884e+01	7.7140493464e+00	7.3532273329e+00	7.3364754392e+00
5.1260000000e+02	1.5000000000e+00	5.7682321491e+00	4.0045734162e+01	7.7142235313e+00	7.3472791226e+00	7.2082321491e+00
5.1280000000e+02	1.5000000000e+00	5.6409727773e+00	3.9338737651e+01	7.7143759734e+00	7.3411485160e+00	7.0809727773e+00
5.1300000000e+02	1.5000000000e+00	5.5146980407e+00	3.8637211337e+01	7.7145093866e+00	7.3348322811e+00	6.9546980407e+00
5.1320000000e+02	1.5000000000e+00	5.3894087788e+00	3.7941159882e+01	7.7146261463e+00	7.3283265912e+00	6.8294087788e+00
5.1340000000e+02	1.5000000000e+00	5.2651059738e+00	3.7250588744e+01	7.7147283312e+00	7.3216270515e+00	6.7051059738e+00
5.1360000000e+02	1.5000000000e+00	5.1417907695e+00	3.6565504275e+01	7.7148177608e+00	7.3147287223e+00	6.5817907695e+00
5.1380000000e+02	1.5000000000e+00	5.0194644896e+00	3.5885913831e+01	7.7148960271e+00	7.3076261346e+00	6.4594644896e+00
5.1400000000e+02	1.5000000000e+00	4.8981286558e+00	3.5211825865e+01	7.7149645237e+00	7.3003133023e+00	6.3381286558e+00
5.1420000000e+02	1.5000000000e+00	4.7777850043e+00	3.4543250024e+01	7.7150244701e+00	7.2927837299e+00	6.2177850043e+00
5.1440000000e+02	1.5000000000e+00	4.6584355036e+00	3.3880197242e+01	7.7150769336e+00	7.2850304163e+00	6.0984355036e+00
5.1460000000e+02	1.5000000000e+00	4.5400823704e+00	3.3222679835e+01	7.7151228483e+00	7.2770458545e+00	5.9800823704e+00
5.1480000000e+02	1.5000000000e+00	4.4227280869e+00	3.2570711594e+01	7.7151630316e+00	7.2688220293e+00	5.8627280869e+00
5.1500000000e+02	1.5000000000e+00	4.3063754173e+00	3.1924307874e+01	7.7151981989e+00	7.2603504109e+00	5.7463754173e+00
5.1520000000e+02	1.5000000000e+00	4.1910274249e+00	3.1283485694e+01	7.7152289764e+00	7.2516219464e+00	5.6310274249e+00
5.1540000000e+02	1.5000000000e+00	4.0766874890e+00	3.0648263828e+01	7.7152559121e+00	7.2426270487e+00	5.5166874890e+00
5.1560000000e+02	1.5000000000e+00	3.9633593226e+00	3.0018662903e+01	7.7152794855e+00	7.2333555832e+00	5.4033593226e+00
5.1580000000e+02	1.5000000000e+00	3.8510469904e+00	2.9394705502e+01	7.7153001163e+00	7.2237968521e+00	5.2910469904e+00
5.1600000000e+02	1.5000000000e+00	3.7397549272e+00	2.8776416262e+01	7.7153181718e+00	7.2139395768e+00	5.1797549272e+00
5.1620000000e+02	1.5000000000e+00	3.6294879564e+00	2.8163821980e+01	7.7153339735e+00	7.2037718791e+00	5.0694879564e+00
5.1640000000e+02	1.5000000000e+00	3.5202513106e+00	2.7556951725e+01	7.7153478027e+00	7.1932812598e+00	4.9602513106e+00
5.1660000000e+02	1.5000000000e+00	3.4120506506e+00	2.6955836948e+01	7.7153599057e+00	7.1824545768e+00	4.8520506506e+00
5.1680000000e+02	1.5000000000e+00	3.3048920873e+00	2.6360511596e+01	7.7153704979e+00	7.1712780211e+00	4.7448920873e+00
5.1700000000e+02	1.5000000000e+00	3.1987822029e+00	2.5771012238e+01	7.7153797679e+00	7.1597370926e+00	4.6387822029e+00
5.1720000000e+02	1.5000000000e+00	3.0937280735e+00	2.5187378186e+01	7.7153878808e+00	7.1478165741e+00	4.5337280735e+00
5.1740000000e+02	1.5000000000e+00	2.9897372923e+00	2.4609651624e+01	7.7153949809e+00	7.1355005058e+00	4.4297372923e+00
5.1760000000e+02	1.5000000000e+00	2.8868179936e+00	2.4037877742e+01	7.7154011948e+00	7.1227721587e+00	4.3268179936e+00
5.1780000000e+02	1.5000000000e+00	2.7849788779e+00	2.3472104877e+01	7.7154066330e+00	7.1096140085e+00	4.2249788779e+00
5.1800000000e+02	1.5000000000e+00	2.6842292370e+00	2.2912384650e+01	7.7154113924e+00	7.0960077102e+00	4.1242292370e+00
5.1820000000e+02	1.5000000000e+00	2.5845789809e+00	2.2358772116e+01	7.7154155577e+00	7.0819340734e+00	4.0245789809e+00
5.1840000000e+02	1.5000000000e+00	2.4860386645e+00	2.1811325914e+01	7.7154192030e+00	7.0673730395e+00	3.9260386645e+00
5.1860000000e+02	1.5000000000e+00	2.3886195156e+00	2.1270108420e+01	7.7154223933e+00	7.0523036614e+00	3.8286195156e+00
5.1880000000e+02	1.5000000000e+00	2.2923334626e+00	2.0735185903e+01	7.7154251854e+00	7.0367040860e+00	3.7323334626e+00
5.1900000000e+02	1.5000000000e+00	2.1971931636e+00	2.0206628687e+01	7.7154276290e+00	7.0205515415e+00	3.6371931636e+00
5.1920000000e+02	1.5000000000e+00	2.1032120350e+00	1.9684511305e+01	7.7154297675e+00	7.0038223295e+00	3.5432120350e+00
5.1940000000e+02	1.5000000000e+00	2.0104042799e+00	1.9168912666e+01	7.7154316391e+00	6.9864918243e+00	3.4504042799e+00
5.1960000000e+02	1.5000000000e+00	1.9187849173e+00	1.8659916207e+01	7.7154332770e+00	6.9685344804e+00	3.3587849173e+00
5.1980000000e+02	1.5000000000e+00	1.8283698090e+00	1.8157610050e+01	7.7154347105e+00	6.9499238497e+00	3.2683698090e+00
5.2000000000e+02	1.5000000000e+00	1.7391756874e+00	1.7662087152e+01	7.7154359651e+00	6.9306326118e+00	3.1791756874e+00
5.2020000000e+02	1.5000000000e+00	1.6512201803e+00	1.7173445446e+01	7.7154370630e+00	6.9106326178e+00	3.0912201803e+00
5.2040000000e+02	1.5000000000e+00	1.5645218343e+00	1.6691787968e+01	7.7154380239e+00	6.8898949526e+00	3.0045218343e+00
5.2060000000e+02	1.5000000000e+00	1.4791001355e+00	1.6217222975e+01	7.7154388649e+00	6.8683900172e+00	2.9191001355e+00
5.2080000000e+02	1.5000000000e+00	1.3949755265e+00	1.5749864036e+01	7.7154396009e+00	6.8460876346e+00	2.8349755265e+00
5.2100000000e+02	1.5000000000e+00	1.3121694192e+00	1.5289830107e+01	7.7154402450e+00	6.8229571845e+00	2.7521694192e+00
5.2120000000e+02	1.5000000000e+00	1.2307042020e+00	1.4837245567e+01	7.7154408087e+00	6.7989677694e+00	2.6707042020e+00
5.2140000000e+02	1.5000000000e+00	1.1506032403e+00	1.4392240224e+01	7.7154413020e+00	6.7740884184e+00	2.5906032403e+00
5.2160000000e+02	1.5000000000e+00	1.0718908689e+00	1.3954949272e+01	7.7154417338e+00	6.7482883318e+00	2.5118908689e+00
5.2180000000e+02	1.5000000000e+00	9.9459237542e-01	1.3525513197e+01	7.7154421117e+00	6.7215371742e+00	2.4345923754e+00
5.2200000000e+02	1.5000000000e+00	9.1873397138e-01	1.3104077619e+01	7.7154424424e+00	6.6938054200e+00	2.3587339714e+00
5.2220000000e+02	1.5000000000e+00	8.4434275079e-01	1.2690793060e+01	7.7154427318e+00	6.6650647569e+00	2.2843427508e+00
5.2240000000e+02	1.5000000000e+00	7.7144663308e-01	1.2285814628e+01	7.7154429851e+00	6.6352885541e+00	2.2114466331e+00
5.2260000000e+02	1.5000000000e+00	7.0007428836e-01	1.1889301602e+01	7.7154432068e+00	6.6044523985e+00	2.1400742884e+00
5.2280000000e+02	1.5000000000e+00	6.3025504263e-01	1.1501416904e+01	7.7154434008e+00	6.5725347037e+00	2.0702550426e+00
5.2300000000e+02	1.5000000000e+00	5.6201876034e-01	1.1122326446e+01	7.7154435705e+00	6.5395173959e+00	2.0020187603e+00
5.2320000000e+02	1.5000000000e+00	4.9539570158e-01	1.0752198342e+01	7.7154437191e+00	6.5053866745e+00	1.9353957016e+00
5.2340000000e+02	1.5000000000e+00	4.3041635159e-01	1.0391201953e+01	7.7154438492e+00	6.4701338497e+00	1.8704163516e+00
5.2360000000e+02	1.5000000000e+00	3.6711121984e-01	1.0039506777e+01	7.7154439630e+00	6.4337562484e+00	1.8071112198e+00
5.2380000000e+02	1.5000000000e+00	3.0551060677e-01	9.6972811487e+00	7.7154440626e+00	6.3962581826e+00	1.7455106068e+00
5.2400000000e+02	1.5000000000e+00	2.4564433612e-01	9.3646907562e+00	7.7154441498e+00	6.3576519643e+00	1.6856443361e+00
5.2420000000e+02	1.5000000000e+00	1.8754145209e-01	9.0418969560e+00	7.7154442261e+00	6.3179589467e+00	1.6275414521e+00
5.2440000000e+02	1.5000000000e+00	1.3122988059e-01	8.7290548922e+00	7.7154442928e+00	6.2772105676e+00	1.5712298806e+00
5.2460000000e+02	1.5000000000e+00	7.6736055816e-02	8.4263114212e+00	7.7154443513e+00	6.2354493579e+00	1.5167360558e+00
5.2480000000e+02	1.5000000000e+00	2.4084513832e-02	8.1338028546e+00	7.7154444024e+00	6.1927298769e+00	1.4640845138e+00
5.2500000000e+02	1.5000000000e+00	-2.6702542797e-02	7.8516525400e+00	7.7154444472e+00	6.1491195254e+00	1.4132974572e+00
5.2520000000e+02	1.5000000000e+00	-7.5605704020e-02	7.5799683110e+00	7.7154444863e+00	6.1046991820e+00	1.3643942960e+00
5.2540000000e+02	1.5000000000e+00	-1.2260882738e-01	7.3188398479e+00	7.7154445206e+00	6.0595636070e+00	1.3173911726e+00
5.2560000000e+02	1.5000000000e+00	-1.6769951966e-01	7.0683360019e+00	7.7154445506e+00	6.0138215519e+00	1.2723004803e+00
5.2580000000e+02	1.5000000000e+00	-2.1086961340e-01	6.8285021478e+00	7.7154445769e+00	5.9675955199e+00	1.2291303866e+00
5.2600000000e+02	1.5000000000e+00	-2.5211562506e-01	6.5993576386e+00	7.7154445998e+00	5.9210211268e+00	1.1878843749e+00
5.2620000000e+02	1.5000000000e+00	-2.9143917958e-01	6.3808934468e+00	7.7154446199e+00	5.8742460248e+00	1.1485608204e+00
5.2640000000e+02	1.5000000000e+00	-3.2884738570e-01	6.1730700794e+00	7.7154446375e+00	5.8274283689e+00	1.1111526143e+00
5.2660000000e+02	1.5000000000e+00	-3.6435314572e-01	5.9758158571e+00	7.7154446529e+00	5.7807348274e+00	1.0756468543e+00
5.2680000000e+02	1.5000000000e+00	-3.9797538420e-01	5.7890256433e+00	7.7154446664e+00	5.7343381661e+00	1.0420246158e+00
5.2700000000e+02	1.5000000000e+00	-4.2973918173e-01	5.6125601015e+00	7.7154446782e+00	5.6884144610e+00	1.0102608183e+00
5.2720000000e+02	1.5000000000e+00	-4.5967580238e-01	5.4462455423e+00	7.7154446885e+00	5.6431400231e+00	9.8032419762e-01
5.2740000000e+02	1.5000000000e+00	-4.8782260708e-01	5.2898744051e+00	7.7154446976e+00	5.5986881477e+00	9.5217739292e-01
5.2760000000e+02	1.5000000000e+00	-5.1422284952e-01	5.1432063916e+00	7.7154447055e+00	5.5552258115e+00	9.2577715048e-01
5.2780000000e+02	1.5000000000e+00	-5.3892535598e-01	5.0059702446e+00	7.7154447124e+00	5.5129104615e+00	9.0107464402e-01
5.2800000000e+02	1.5000000000e+00	-5.6198409544e-01	4.8778661365e+00	7.7154447185e+00	5.4718870320e+00	8.7801590456e-01
5.2820000000e+02	1.5000000000e+00	-5.8345765135e-01	4.7585686036e+00	7.7154447238e+00	5.4322853223e+00	8.5654234865e-01
5.2840000000e+02	1.5000000000e+00	-6.0340861061e-01	4.6477299411e+00	7.7154447284e+00	5.3942178444e+00	8.3659138939e-01
5.2860000000e+02	1.5000000000e+00	-6.2190288862e-01	4.5449839521e+00	7.7154447325e+00	5.3577782236e+00	8.1809711138e-01
5.2880000000e+02	1.5000000000e+00	-6.3900901179e-01	4.4499499345e+00	7.7154447360e+00	5.3230402013e+00	8.0099098821e-01
5.2900000000e+02	1.5000000000e+00	-6.5479737948e-01	4.3622367806e+00	7.7154447391e+00	5.2900572520e+00	7.8520262052e-01
5.2920000000e+02	1.5000000000e+00	-6.6933952747e-01	4.2814470696e+00	7.7154447419e+00	5.2588627930e+00	7.7066047253e-01
5.2940000000e+02	1.5000000000e+00	-6.8270741322e-01	4.2071810377e+00	7.7154447442e+00	5.2294709350e+00	7.5729258678e-01
5.2960000000e+02	1.5000000000e+00	-6.9497274093e-01	4.1390403282e+00	7.7154447463e+00	5.2018776955e+00	7.4502725907e-01
5.2980000000e+02	1.5000000000e+00	-7.0620634116e-01	4.0766314380e+00	7.7154447481e+00	5.1760625832e+00	7.3379365884e-01
5.3000000000e+02	1.5000000000e+00	-7.1647761620e-01	4.0195687989e+00	7.7154447497e+00	5.1519904534e+00	7.2352238380e-01
5.3020000000e+02	1.5000000000e+00	-7.2585405862e-01	3.9674774521e+00	7.7154447511e+00	5.1296135308e+00	7.1414594138e-01
5.3040000000e+02	1.5000000000e+00	-7.3440084701e-01	3.9199952944e+00	7.7154447524e+00	5.1088735074e+00	7.0559915299e-01
5.3060000000e+02	1.5000000000e+00	-7.4218051935e-01	3.8767748925e+00	7.7154447534e+00	5.0897036303e+00	6.9781948065e-01
5.3080000000e+02	1.5000000000e+00	-7.4925272218e-01	3.8374848768e+00	7.7154447544e+00	5.0720307097e+00	6.9074727782e-01
5.3100000000e+02	1.5000000000e+00	-7.5567403095e-01	3.8018109392e+00	7.7154447552e+00	5.0557769942e+00	6.8432596905e-01
5.3120000000e+02	1.5000000000e+00	-7.6149783584e-01	3.7694564675e+00	7.7154447559e+00	5.0408618730e+00	6.7850216416e-01
5.3140000000e+02	1.5000000000e+00	-7.6677428586e-01	3.7401428563e+00	7.7154447565e+00	5.0272033836e+00	6.7322571414e-01
5.3160000000e+02	1.5000000000e+00	-7.7155028370e-01	3.7136095350e+00	7.7154447571e+00	5.0147195116e+00	6.6844971630e-01
5.3180000000e+02	1.5000000000e+00	-7.7586952354e-01	3.6896137581e+00	7.7154447576e+00	5.0033292834e+00	6.6413047646e-01
5.3200000000e+02	1.5000000000e+00	-7.7977256420e-01	3.6679301989e+00	7.7154447580e+00	4.9929536590e+00	6.6022743580e-01
5.3220000000e+02	1.5000000000e+00	-7.8329693053e-01	3.6483503860e+00	7.7154447584e+00	4.9835162372e+00	6.5670306947e-01
5.3240000000e+02	1.5000000000e+00	-7.8647723635e-01	3.6306820203e+00	7.7154447587e+00	4.9749437924e+00	6.5352276365e-01
5.3260000000e+02	1.5000000000e+00	-7.8934532323e-01	3.6147482043e+00	7.7154447590e+00	4.9671666605e+00	6.5065467677e-01
5.3280000000e+02	1.5000000000e+00	-7.9193040987e-01	3.6003866118e+00	7.7154447592e+00	4.9601189955e+00	6.4806959013e-01
5.3300000000e+02	1.5000000000e+00	-7.9425924773e-01	3.5874486237e+00	7.7154447594e+00	4.9537389151e+00	6.4574075227e-01
5.3320000000e+02	1.5000000000e+00	-7.9635627931e-01	3.5757984483e+00	7.7154447596e+00	4.9479685564e+00	6.4364372069e-01
5.3340000000e+02	1.5000000000e+00	-7.9824379608e-01	3.5653122440e+00	7.7154447598e+00	4.9427540565e+00	6.4175620392e-01
5.3360000000e+02	1.5000000000e+00	-7.9994209365e-01	3.5558772575e+00	7.7154447599e+00	4.9380454754e+00	6.4005790635e-01
5.3380000000e+02	1.5000000000e+00	-8.0146962250e-01	3.5473909861e+00	7.7154447600e+00	4.9337966738e+00	6.3853037750e-01
5.3400000000e+02	1.5000000000e+00	-8.0284313268e-01	3.5397603740e+00	7.7154447602e+00	4.9299651584e+00	6.3715686732e-01
5.3420000000e+02	1.5000000000e+00	-8.0407781170e-01	3.5329010461e+00	7.7154447603e+00	4.9265119035e+00	6.3592218830e-01
5.3440000000e+02	1.5000000000e+00	-8.0518741494e-01	3.5267365837e+00	7.7154447603e+00	4.9234011579e+00	6.3481258506e-01
5.3460000000e+02	1.5000000000e+00	-8.0618438810e-01	3.5211978439e+00	7.7154447604e+00	4.9206002435e+00	6.3381561190e-01
5.3480000000e+02	1.5000000000e+00	-8.0707998169e-01	3.5162223239e+00	7.7154447605e+00	4.9180793508e+00	6.3292001831e-01
5.3500000000e+02	1.5000000000e+00	-8.0788435749e-01	3.5117535695e+00	7.7154447605e+00	4.9158113360e+00	6.3211564251e-01
5.3520000000e+02	1.5000000000e+00	-8.0860668712e-01	3.5077406271e+00	7.7154447606e+00	4.9137715218e+00	6.3139331288e-01
5.3540000000e+02	1.5000000000e+00	-8.0925524305e-01	3.5041375386e+00	7.7154447606e+00	4.9119375058e+00	6.3074475695e-01
5.3560000000e+02	1.5000000000e+00	-8.0983748228e-01	3.5009028762e+00	7.7154447607e+00	4.9102889765e+00	6.3016251772e-01
5.3580000000e+02	1.5000000000e+00	-8.1036012313e-01	3.4979993159e+00	7.7154447607e+00	4.9088075397e+00	6.2963987687e-01
5.3600000000e+02	1.5000000000e+00	-8.1082921549e-01	3.4953932473e+00	7.7154447607e+00	4.9074765541e+00	6.2917078451e-01
5.3620000000e+02	1.5000000000e+00	-8.1125020495e-01	3.4930544170e+00	7.7154447608e+00	4.9062809786e+00	6.2874979505e-01
5.3640000000e+02	1.5000000000e+00	-8.1162799125e-01	3.4909556042e+00	7.7154447608e+00	4.9052072295e+00	6.2837200875e-01
5.3660000000e+02	1.5000000000e+00	-8.1196698147e-01	3.4890723252e+00	7.7154447608e+00	4.9042430481e+00	6.2803301853e-01
5.3680000000e+02	1.5000000000e+00	-8.1227113829e-01	3.4873825651e+00	7.7154447608e+00	4.9033773792e+00	6.2772886171e-01
5.3700000000e+02	1.5000000000e+00	-8.1254402381e-01	3.4858665344e+00	7.7154447608e+00	4.9026002585e+00	6.2745597619e-01
5.3720000000e+02	1.5000000000e+00	-8.1278883924e-01	3.4845064486e+00	7.7154447608e+00	4.9019027099e+00	6.2721116076e-01
5.3740000000e+02	1.5000000000e+00	-8.1300846079e-01	3.4832863290e+00	7.7154447609e+00	4.9012766515e+00	6.2699153921e-01
5.3760000000e+02	1.5000000000e+00	-8.1320547212e-01	3.4821918215e+00	7.7154447609e+00	4.9007148090e+00	6.2679452788e-01
5.3780000000e+02	1.5000000000e+00	-8.1338219373e-01	3.4812100348e+00	7.7154447609e+00	4.9002106385e+00	6.2661780627e-01
5.3800000000e+02	1.5000000000e+00	-8.1354070937e-01	3.4803293924e+00	7.7154447609e+00	4.8997582543e+00	6.2645929063e-01
5.3820000000e+02	1.5000000000e+00	-8.1368288991e-01	3.4795395005e+00	7.7154447609e+00	4.8993523647e+00	6.2631711009e-01
5.3840000000e+02	1.5000000000e+00	-8.1381041492e-01	3.4788310282e+00	7.7154447609e+00	4.8989882135e+00	6.2618958508e-01
5.3860000000e+02	1.5000000000e+00	-8.1392479198e-01	3.4781956001e+00	7.7154447609e+00	4.8986615264e+00	6.2607520802e-01
5.3880000000e+02	1.5000000000e+00	-8.1402737423e-01	3.4776256987e+00	7.7154447609e+00	4.8983684635e+00	6.2597262577e-01
5.3900000000e+02	1.5000000000e+00	-8.1411937598e-01	3.4771145779e+00	7.7154447609e+00	4.8981055758e+00	6.2588062402e-01
5.3920000000e+02	1.5000000000e+00	-8.1420188695e-01	3.4766561836e+00	7.7154447609e+00	4.8978697654e+00	6.2579811305e-01
5.3940000000e+02	1.5000000000e+00	-8.1427588491e-01	3.4762450839e+00	7.7154447609e+00	4.8976582511e+00	6.2572411509e-01
5.3960000000e+02	1.5000000000e+00	-8.1434224715e-01	3.4758764047e+00	7.7154447609e+00	4.8974685355e+00	6.2565775285e-01
5.3980000000e+02	1.5000000000e+00	-8.1440176078e-01	3.4755457734e+00	7.7154447609e+00	4.8972983769e+00	6.2559823922e-01
5.4000000000e+02	1.5000000000e+00	-8.1445513190e-01	3.4752492672e+00	7.7154447609e+00	4.8971457632e+00	6.2554486810e-01
5.4020000000e+02	1.5000000000e+00	-8.1450299396e-01	3.4749833669e+00	7.7154447609e+00	4.8970088886e+00	6.2549700604e-01
5.4040000000e+02	1.5000000000e+00	-8.1454591518e-01	3.4747449157e+00	7.7154447609e+00	4.8968861322e+00	6.2545408482e-01
5.4060000000e+02	1.5000000000e+00	-8.1458440527e-01	3.4745310819e+00	7.7154447609e+00	4.8967760401e+00	6.2541559473e-01
5.4080000000e+02	1.5000000000e+00	-8.1461892140e-01	3.4743393255e+00	7.7154447609e+00	4.8966773071e+00	6.2538107860e-01
5.4100000000e+02	1.5000000000e+00	-8.1464987366e-01	3.4741673685e+00	7.7154447609e+00	4.8965887627e+00	6.2535012634e-01
5.4120000000e+02	1.5000000000e+00	-8.1467762984e-01	3.4740131675e+00	7.7154447609e+00	4.8965093566e+00	6.2532237016e-01
5.4140000000e+02	1.5000000000e+00	-8.1470251982e-01	3.4738748899e+00	7.7154447609e+00	4.8964381464e+00	6.2529748018e-01
5.4160000000e+02	1.5000000000e+00	-8.1472483946e-01	3.4737508919e+00	7.7154447609e+00	4.8963742869e+00	6.2527516054e-01
5.4180000000e+02	1.5000000000e+00	-8.1474485409e-01	3.4736396995e+00	7.7154447609e+00	4.8963170198e+00	6.2525514591e-01
5.4200000000e+02	1.5000000000e+00	-8.1476280168e-01	3.4735399906e+00	7.7154447609e+00	4.8962656651e+00	6.2523719832e-01
5.4220000000e+02	1.5000000000e+00	-8.1477889566e-01	3.4734505797e+00	7.7154447609e+00	4.8962196127e+00	6.2522110434e-01
5.4240000000e+02	1.5000000000e+00	-8.1479332741e-01	3.4733704033e+00	7.7154447609e+00	4.8961783154e+00	6.2520667259e-01
5.4260000000e+02	1.5000000000e+00	-8.1480626857e-01	3.4732985079e+00	7.7154447609e+00	4.8961412825e+00	6.2519373143e-01
5.4280000000e+02	1.5000000000e+00	-8.1481787307e-01	3.4732340385e+00	7.7154447609e+00	4.8961080738e+00	6.2518212693e-01
5.4300000000e+02	1.5000000000e+00	-8.1482827895e-01	3.4731762281e+00	7.7154447609e+00	4.8960782946e+00	6.2517172105e-01
5.4320000000e+02	1.5000000000e+00	-8.1483760998e-01	3.4731243890e+00	7.7154447609e+00	4.8960515908e+00	6.2516239002e-01
5.4340000000e+02	1.5000000000e+00	-8.1484597717e-01	3.4730779046e+00	7.7154447609e+00	4.8960276449e+00	6.2515402283e-01
5.4360000000e+02	1.5000000000e+00	-8.1485348007e-01	3.4730362218e+00	7.7154447609e+00	4.8960061721e+00	6.2514651993e-01
5.4380000000e+02	1.5000000000e+00	-8.1486020795e-01	3.4729988447e+00	7.7154447609e+00	4.8959869171e+00	6.2513979205e-01
5.4400000000e+02	1.5000000000e+00	-8.1486624086e-01	3.4729653286e+00	7.7154447609e+00	4.8959696509e+00	6.2513375914e-01
5.4420000000e+02	1.5000000000e+00	-8.1487165057e-01	3.4729352746e+00	7.7154447609e+00	4.8959541681e+00	6.2512834943e-01
5.4440000000e+02	1.5000000000e+00	-8.1487650145e-01	3.4729083253e+00	7.7154447609e+00	4.8959402846e+00	6.2512349855e-01
5.4460000000e+02	1.5000000000e+00	-8.1488085124e-01	3.4728841598e+00	7.7154447609e+00	4.8959278351e+00	6.2511914876e-01
5.4480000000e+02	1.5000000000e+00	-8.1488475169e-01	3.4728624906e+00	7.7154447609e+00	4.8959166715e+00	6.2511524831e-01
5.4500000000e+02	1.5000000000e+00	-8.1488824921e-01	3.4728430600e+00	7.7154447609e+00	4.8959066611e+00	6.2511175079e-01
5.4520000000e+02	1.5000000000e+00	-8.1489138542e-01	3.4728256365e+00	7.7154447609e+00	4.8958976848e+00	6.2510861458e-01
5.4540000000e+02	1.5000000000e+00	-8.1489419766e-01	3.4728100130e+00	7.7154447609e+00	4.8958896357e+00	6.2510580234e-01
5.4560000000e+02	1.5000000000e+00	-8.1489671937e-01	3.4727960035e+00	7.7154447609e+00	4.8958824180e+00	6.2510328063e-01
5.4580000000e+02	1.5000000000e+00	-8.1489898059e-01	3.4727834412e+00	7.7154447609e+00	4.8958759460e+00	6.2510101941e-01
5.4600000000e+02	1.5000000000e+00	-8.1490100820e-01	3.4727721767e+00	7.7154447609e+00	4.8958701425e+00	6.2509899180e-01
5.4620000000e+02	1.5000000000e+00	-8.1490282636e-01	3.4727620758e+00	7.7154447609e+00	4.8958649385e+00	6.2509717364e-01
5.4640000000e+02	1.5000000000e+00	-8.1490445668e-01	3.4727530184e+00	7.7154447609e+00	4.8958602721e+00	6.2509554332e-01
5.4660000000e+02	1.5000000000e+00	-8.1490591859e-01	3.4727448967e+00	7.7154447609e+00	4.8958560878e+00	6.2509408141e-01
5.4680000000e+02	1.5000000000e+00	-8.1490722947e-01	3.4727376141e+00	7.7154447609e+00	4.8958523357e+00	6.2509277053e-01
5.4700000000e+02	1.5000000000e+00	-8.1490840492e-01	3.4727310838e+00	7.7154447609e+00	4.8958489712e+00	6.2509159508e-01
5.4720000000e+02	1.5000000000e+00	-8.1490945895e-01	3.4727252281e+00	7.7154447609e+00	4.8958459543e+00	6.2509054105e-01
5.4740000000e+02	1.5000000000e+00	-8.1491040409e-01	3.4727199773e+00	7.7154447609e+00	4.8958432491e+00	6.2508959591e-01
5.4760000000e+02	1.5000000000e+00	-8.1491125158e-01	3.4727152690e+00	7.7154447609e+00	4.8958408233e+00	6.2508874842e-01
5.4780000000e+02	1.5000000000e+00	-8.1491201153e-01	3.4727110471e+00	7.7154447609e+00	4.8958386481e+00	6.2508798847e-01
5.4800000000e+02	1.5000000000e+00	-8.1491269296e-01	3.4727072613e+00	7.7154447609e+00	4.8958366977e+00	6.2508730704e-01
5.4820000000e+02	1.5000000000e+00	-8.1491330400e-01	3.4727038667e+00	7.7154447609e+00	4.8958349487e+00	6.2508669600e-01
5.4840000000e+02	1.5000000000e+00	-8.1491385192e-01	3.4727008227e+00	7.7154447609e+00	4.8958333804e+00	6.2508614808e-01
5.4860000000e+02	1.5000000000e+00	-8.1491434322e-01	3.4726980932e+00	7.7154447609e+00	4.8958319741e+00	6.2508565678e-01
5.4880000000e+02	1.5000000000e+00	-8.1491478378e-01	3.4726956457e+00	7.7154447609e+00	4.8958307131e+00	6.2508521622e-01
5.4900000000e+02	1.5000000000e+00	-8.1491517882e-01	3.4726934510e+00	7.7154447609e+00	4.8958295824e+00	6.2508482118e-01
5.4920000000e+02	1.5000000000e+00	-8.1491553305e-01	3.4726914831e+00	7.7154447609e+00	4.8958285685e+00	6.2508446695e-01
5.4940000000e+02	1.5000000000e+00	-8.1491585068e-01	3.4726897184e+00	7.7154447609e+00	4.8958276593e+00	6.2508414932e-01
5.4960000000e+02	1.5000000000e+00	-8.1491613550e-01	3.4726881361e+00	7.7154447609e+00	4.8958268441e+00	6.2508386450e-01
5.4980000000e+02	1.5000000000e+00	-8.1491639090e-01	3.4726867172e+00	7.7154447609e+00	4.8958261131e+00	6.2508360910e-01
5.5000000000e+02	1.5000000000e+00	-8.1491661991e-01	3.4726854449e+00	7.7154447609e+00	4.8958254576e+00	6.2508338009e-01
5.5020000000e+02	1.5000000000e+00	-8.1491682526e-01	3.4726843041e+00	7.7154447609e+00	4.8958248698e+00	6.2508317474e-01
5.5040000000e+02	1.5000000000e+00	-8.1491700940e-01	3.4726832811e+00	7.7154447609e+00	4.8958243427e+00	6.2508299060e-01
5.5060000000e+02	1.5000000000e+00	-8.1491717452e-01	3.4726823638e+00	7.7154447609e+00	4.8958238701e+00	6.2508282548e-01
5.5080000000e+02	1.5000000000e+00	-8.1491732258e-01	3.4726815412e+00	7.7154447609e+00	4.8958234463e+00	6.2508267742e-01
5.5100000000e+02	1.5000000000e+00	-8.1491745534e-01	3.4726808037e+00	7.7154447609e+00	4.8958230663e+00	6.2508254466e-01
5.5120000000e+02	1.5000000000e+00	-8.1491757438e-01	3.4726801423e+00	7.7154447609e+00	4.8958227256e+00	6.2508242562e-01
5.5140000000e+02	1.5000000000e+00	-8.1491768113e-01	3.4726795493e+00	7.7154447609e+00	4.8958224200e+00	6.2508231887e-01
5.5160000000e+02	1.5000000000e+00	-8.1491777685e-01	3.4726790175e+00	7.7154447609e+00	4.8958221460e+00	6.2508222315e-01
5.5180000000e+02	1.5000000000e+00	-8.1491786268e-01	3.4726785407e+00	7.7154447609e+00	4.8958219003e+00	6.2508213732e-01
5.5200000000e+02	1.5000000000e+00	-8.1491793965e-01	3.4726781131e+00	7.7154447609e+00	4.8958216801e+00	6.2508206035e-01
5.5220000000e+02	1.5000000000e+00	-8.1491800866e-01	3.4726777297e+00	7.7154447609e+00	4.8958214825e+00	6.2508199134e-01
5.5240000000e+02	1.5000000000e+00	-8.1491807054e-01	3.4726773859e+00	7.7154447609e+00	4.8958213054e+00	6.2508192946e-01
5.5260000000e+02	1.5000000000e+00	-8.1491812603e-01	3.4726770776e+00	7.7154447609e+00	4.8958211466e+00	6.2508187397e-01
5.5280000000e+02	1.5000000000e+00	-8.1491817579e-01	3.4726768012e+00	7.7154447609e+00	4.8958210041e+00	6.2508182421e-01
5.5300000000e+02	1.5000000000e+00	-8.1491822041e-01	3.4726765533e+00	7.7154447609e+00	4.8958208764e+00	6.2508177959e-01
5.5320000000e+02	1.5000000000e+00	-8.1491826042e-01	3.4726763310e+00	7.7154447609e+00	4.8958207619e+00	6.2508173958e-01
5.5340000000e+02	1.5000000000e+00	-8.1491829629e-01	3.4726761317e+00	7.7154447609e+00	4.8958206592e+00	6.2508170371e-01
5.5360000000e+02	1.5000000000e+00	-8.1491832846e-01	3.4726759530e+00	7.7154447609e+00	4.8958205671e+00	6.2508167154e-01
5.5380000000e+02	1.5000000000e+00	-8.1491835730e-01	3.4726757928e+00	7.7154447609e+00	4.8958204846e+00	6.2508164270e-01
5.5400000000e+02	1.5000000000e+00	-8.1491838317e-01	3.4726756491e+00	7.7154447609e+00	4.8958204105e+00	6.2508161683e-01
5.5420000000e+02	1.5000000000e+00	-8.1491840636e-01	3.4726755202e+00	7.7154447609e+00	4.8958203442e+00	6.2508159364e-01
5.5440000000e+02	1.5000000000e+00	-8.1491842716e-01	3.4726754047e+00	7.7154447609e+00	4.8958202846e+00	6.2508157284e-01
5.5460000000e+02	1.5000000000e+00	-8.1491844581e-01	3.4726753011e+00	7.7154447609e+00	4.8958202313e+00	6.2508155419e-01
5.5480000000e+02	1.5000000000e+00	-8.1491846253e-01	3.4726752082e+00	7.7154447609e+00	4.8958201834e+00	6.2508153747e-01
5.5500000000e+02	1.5000000000e+00	-8.1491847752e-01	3.4726751249e+00	7.7154447609e+00	4.8958201405e+00	6.2508152248e-01
5.5520000000e+02	1.5000000000e+00	-8.1491849097e-01	3.4726750502e+00	7.7154447609e+00	4.8958201020e+00	6.2508150903e-01
5.5540000000e+02	1.5000000000e+00	-8.1491850303e-01	3.4726749832e+00	7.7154447609e+00	4.8958200675e+00	6.2508149697e-01
5.5560000000e+02	1.5000000000e+00	-8.1491851384e-01	3.4726749231e+00	7.7154447609e+00	4.8958200365e+00	6.2508148616e-01
5.5580000000e+02	1.5000000000e+00	-8.1491852353e-01	3.4726748693e+00	7.7154447609e+00	4.8958200088e+00	6.2508147647e-01
5.5600000000e+02	1.5000000000e+00	-8.1491853222e-01	3.4726748210e+00	7.7154447609e+00	4.8958199839e+00	6.2508146778e-01
5.5620000000e+02	1.5000000000e+00	-8.1491854002e-01	3.4726747777e+00	7.7154447609e+00	4.8958199616e+00	6.2508145998e-01
5.5640000000e+02	1.5000000000e+00	-8.1491854701e-01	3.4726747388e+00	7.7154447609e+00	4.8958199416e+00	6.2508145299e-01
5.5660000000e+02	1.5000000000e+00	-8.1491855327e-01	3.4726747040e+00	7.7154447609e+00	4.8958199236e+00	6.2508144673e-01
5.5680000000e+02	1.5000000000e+00	-8.1491855889e-01	3.4726746728e+00	7.7154447609e+00	4.8958199076e+00	6.2508144111e-01
5.5700000000e+02	1.5000000000e+00	-8.1491856393e-01	3.4726746448e+00	7.7154447609e+00	4.8958198931e+00	6.2508143607e-01
5.5720000000e+02	1.5000000000e+00	-8.1491856845e-01	3.4726746197e+00	7.7154447609e+00	4.8958198802e+00	6.2508143155e-01
5.5740000000e+02	1.5000000000e+00	-8.1491857250e-01	3.4726745972e+00	7.7154447609e+00	4.8958198686e+00	6.2508142750e-01
5.5760000000e+02	1.5000000000e+00	-8.1491857614e-01	3.4726745770e+00	7.7154447609e+00	4.8958198582e+00	6.2508142386e-01
5.5780000000e+02	1.5000000000e+00	-8.1491857939e-01	3.4726745589e+00	7.7154447609e+00	4.8958198489e+00	6.2508142061e-01
5.5800000000e+02	1.5000000000e+00	-8.1491858232e-01	3.4726745427e+00	7.7154447609e+00	4.8958198405e+00	6.2508141768e-01
5.5820000000e+02	1.5000000000e+00	-8.1491858494e-01	3.4726745281e+00	7.7154447609e+00	4.8958198330e+00	6.2508141506e-01
5.5840000000e+02	1.5000000000e+00	-8.1491858728e-01	3.4726745151e+00	7.7154447609e+00	4.8958198263e+00	6.2508141272e-01
5.5860000000e+02	1.5000000000e+00	-8.1491858939e-01	3.4726745034e+00	7.7154447609e+00	4.8958198203e+00	6.2508141061e-01
5.5880000000e+02	1.5000000000e+00	-8.1491859128e-01	3.4726744929e+00	7.7154447609e+00	4.8958198149e+00	6.2508140872e-01
5.5900000000e+02	1.5000000000e+00	-8.1491859297e-01	3.4726744835e+00	7.7154447609e+00	4.8958198100e+00	6.2508140703e-01
5.5920000000e+02	1.5000000000e+00	-8.1491859449e-01	3.4726744750e+00	7.7154447609e+00	4.8958198057e+00	6.2508140551e-01
5.5940000000e+02	1.5000000000e+00	-8.1491859585e-01	3.4726744675e+00	7.7154447609e+00	4.8958198018e+00	6.2508140415e-01
5.5960000000e+02	1.5000000000e+00	-8.1491859707e-01	3.4726744607e+00	7.7154447609e+00	4.8958197983e+00	6.2508140293e-01
5.5980000000e+02	1.5000000000e+00	-8.1491859817e-01	3.4726744546e+00	7.7154447609e+00	4.8958197951e+00	6.2508140183e-01
5.6000000000e+02	1.5000000000e+00	-8.1491859915e-01	3.4726744492e+00	7.7154447609e+00	4.8958197923e+00	6.2508140085e-01
5.6020000000e+02	1.5000000000e+00	-8.1491860003e-01	3.4726744443e+00	7.7154447609e+00	4.8958197898e+00	6.2508139997e-01
5.6040000000e+02	1.5000000000e+00	-8.1491860082e-01	3.4726744399e+00	7.7154447609e+00	4.8958197876e+00	6.2508139918e-01
5.6060000000e+02	1.5000000000e+00	-8.1491860153e-01	3.4726744360e+00	7.7154447609e+00	4.8958197855e+00	6.2508139847e-01
5.6080000000e+02	1.5000000000e+00	-8.1491860216e-01	3.4726744324e+00	7.7154447609e+00	4.8958197837e+00	6.2508139784e-01
5.6100000000e+02	1.5000000000e+00	-8.1491860273e-01	3.4726744293e+00	7.7154447609e+00	4.8958197821e+00	6.2508139727e-01
5.6120000000e+02	1.5000000000e+00	-8.1491860324e-01	3.4726744264e+00	7.7154447609e+00	4.8958197806e+00	6.2508139676e-01
5.6140000000e+02	1.5000000000e+00	-8.1491860370e-01	3.4726744239e+00	7.7154447609e+00	4.8958197793e+00	6.2508139630e-01
5.6160000000e+02	1.5000000000e+00	-8.1491860411e-01	3.4726744216e+00	7.7154447609e+00	4.8958197781e+00	6.2508139589e-01
5.6180000000e+02	1.5000000000e+00	-8.1491860448e-01	3.4726744196e+00	7.7154447609e+00	4.8958197771e+00	6.2508139552e-01
5.6200000000e+02	1.5000000000e+00	-8.1491860481e-01	3.4726744177e+00	7.7154447609e+00	4.8958197761e+00	6.2508139519e-01
5.6220000000e+02	1.5000000000e+00	-8.1491860510e-01	3.4726744161e+00	7.7154447609e+00	4.8958197753e+00	6.2508139490e-01
5.6240000000e+02	1.5000000000e+00	-8.1491860537e-01	3.4726744146e+00	7.7154447609e+00	4.8958197745e+00	6.2508139463e-01
5.6260000000e+02	1.5000000000e+00	-8.1491860561e-01	3.4726744133e+00	7.7154447609e+00	4.8958197739e+00	6.2508139439e-01
5.6280000000e+02	1.5000000000e+00	-8.1491860582e-01	3.4726744121e+00	7.7154447609e+00	4.8958197732e+00	6.2508139418e-01
5.6300000000e+02	1.5000000000e+00	-8.1491860601e-01	3.4726744110e+00	7.7154447609e+00	4.8958197727e+00	6.2508139399e-01
5.6320000000e+02	1.5000000000e+00	-8.1491860618e-01	3.4726744101e+00	7.7154447609e+00	4.8958197722e+00	6.2508139382e-01
5.6340000000e+02	1.5000000000e+00	-8.1491860634e-01	3.4726744092e+00	7.7154447609e+00	4.8958197718e+00	6.2508139366e-01
5.6360000000e+02	1.5000000000e+00	-8.1491860648e-01	3.4726744085e+00	7.7154447609e+00	4.8958197714e+00	6.2508139352e-01
5.6380000000e+02	1.5000000000e+00	-8.1491860660e-01	3.4726744078e+00	7.7154447609e+00	4.8958197710e+00	6.2508139340e-01
5.6400000000e+02	1.5000000000e+00	-8.1491860671e-01	3.4726744072e+00	7.7154447609e+00	4.8958197707e+00	6.2508139329e-01
5.6420000000e+02	1.5000000000e+00	-8.1491860681e-01	3.4726744066e+00	7.7154447609e+00	4.8958197704e+00	6.2508139319e-01
5.6440000000e+02	1.5000000000e+00	-8.1491860690e-01	3.4726744061e+00	7.7154447609e+00	4.8958197702e+00	6.2508139310e-01
5.6460000000e+02	1.5000000000e+00	-8.1491860698e-01	3.4726744057e+00	7.7154447609e+00	4.8958197699e+00	6.2508139302e-01
5.6480000000e+02	1.5000000000e+00	-8.1491860705e-01	3.4726744053e+00	7.7154447609e+00	4.8958197697e+00	6.2508139295e-01
5.6500000000e+02	1.5000000000e+00	-8.1491860711e-01	3.4726744049e+00	7.7154447609e+00	4.8958197695e+00	6.2508139289e-01
5.6520000000e+02	1.5000000000e+00	-8.1491860717e-01	3.4726744046e+00	7.7154447609e+00	4.8958197694e+00	6.2508139283e-01
5.6540000000e+02	1.5000000000e+00	-8.1491860722e-01	3.4726744043e+00	7.7154447609e+00	4.8958197692e+00	6.2508139278e-01
5.6560000000e+02	1.5000000000e+00	-8.1491860727e-01	3.4726744041e+00	7.7154447609e+00	4.8958197691e+00	6.2508139273e-01
5.6580000000e+02	1.5000000000e+00	-8.1491860731e-01	3.4726744038e+00	7.7154447609e+00	4.8958197690e+00	6.2508139269e-01
5.6600000000e+02	1.5000000000e+00	-8.1491860735e-01	3.4726744036e+00	7.7154447609e+00	4.8958197689e+00	6.2508139265e-01
5.6620000000e+02	1.5000000000e+00	-8.1491860738e-01	3.4726744034e+00	7.7154447609e+00	4.8958197688e+00	6.2508139262e-01
5.6640000000e+02	1.5000000000e+00	-8.1491860741e-01	3.4726744033e+00	7.7154447609e+00	4.8958197687e+00	6.2508139259e-01
5.6660000000e+02	1.5000000000e+00	-8.1491860744e-01	3.4726744031e+00	7.7154447609e+00	4.8958197686e+00	6.2508139256e-01
5.6680000000e+02	1.5000000000e+00	-8.1491860746e-01	3.4726744030e+00	7.7154447609e+00	4.8958197685e+00	6.2508139254e-01
5.6700000000e+02	1.5000000000e+00	-8.1491860748e-01	3.4726744029e+00	7.7154447609e+00	4.8958197685e+00	6.2508139252e-01
5.6720000000e+02	1.5000000000e+00	-8.1491860750e-01	3.4726744028e+00	7.7154447609e+00	4.8958197684e+00	6.2508139250e-01
5.6740000000e+02	1.5000000000e+00	-8.1491860752e-01	3.4726744027e+00	7.7154447609e+00	4.8958197684e+00	6.2508139248e-01
5.6760000000e+02	1.5000000000e+00	-8.1491860754e-01	3.4726744026e+00	7.7154447609e+00	4.8958197683e+00	6.2508139246e-01
5.6780000000e+02	1.5000000000e+00	-8.1491860755e-01	3.4726744025e+00	7.7154447609e+00	4.8958197683e+00	6.2508139245e-01
5.6800000000e+02	1.5000000000e+00	-8.1491860756e-01	3.4726744024e+00	7.7154447609e+00	4.8958197683e+00	6.2508139244e-01
5.6820000000e+02	1.5000000000e+00	-8.1491860757e-01	3.4726744024e+00	7.7154447609e+00	4.8958197682e+00	6.2508139243e-01
5.6840000000e+02	1.5000000000e+00	-8.1491860758e-01	3.4726744023e+00	7.7154447609e+00	4.8958197682e+00	6.2508139242e-01
5.6860000000e+02	1.5000000000e+00	-8.1491860759e-01	3.4726744023e+00	7.7154447609e+00	4.8958197682e+00	6.2508139241e-01
5.6880000000e+02	1.5000000000e+00	-8.1491860760e-01	3.4726744022e+00	7.7154447609e+00	4.8958197681e+00	6.2508139240e-01
5.6900000000e+02	1.5000000000e+00	-8.1491860761e-01	3.4726744022e+00	7.7154447609e+00	4.8958197681e+00	6.2508139239e-01
5.6920000000e+02	1.5000000000e+00	-8.1491860762e-01	3.4726744021e+00	7.7154447609e+00	4.8958197681e+00	6.2508139238e-01
5.6940000000e+02	1.5000000000e+00	-8.1491860762e-01	3.4726744021e+00	7.7154447609e+00	4.8958197681e+00	6.2508139238e-01
5.6960000000e+02	1.5000000000e+00	-8.1491860763e-01	3.4726744021e+00	7.7154447609e+00	4.8958197681e+00	6.2508139237e-01
5.6980000000e+02	1.5000000000e+00	-8.1491860763e-01	3.4726744020e+00	7.7154447609e+00	4.8958197681e+00	6.2508139237e-01
5.7000000000e+02	1.5000000000e+00	-8.1491860764e-01	3.4726744020e+00	7.7154447609e+00	4.8958197680e+00	6.2508139236e-01
5.7020000000e+02	1.5000000000e+00	-8.1491860764e-01	3.4726744020e+00	7.7154447609e+00	4.8958197680e+00	6.2508139236e-01
5.7040000000e+02	1.5000000000e+00	-8.1491860764e-01	3.4726744020e+00	7.7154447609e+00	4.8958197680e+00	6.2508139236e-01
5.7060000000e+02	1.5000000000e+00	-8.1491860765e-01	3.4726744020e+00	7.7154447609e+00	4.8958197680e+00	6.2508139235e-01
5.7080000000e+02	1.5000000000e+00	-8.1491860765e-01	3.4726744020e+00	7.7154447609e+00	4.8958197680e+00	6.2508139235e-01
5.7100000000e+02	1.5000000000e+00	-8.1491860765e-01	3.4726744019e+00	7.7154447609e+00	4.8958197680e+00	6.2508139235e-01
5.7120000000e+02	1.5000000000e+00	-8.1491860765e-01	3.4726744019e+00	7.7154447609e+00	4.8958197680e+00	6.2508139235e-01
5.7140000000e+02	1.5000000000e+00	-8.1491860766e-01	3.4726744019e+00	7.7154447609e+00	4.8958197680e+00	6.2508139234e-01
5.7160000000e+02	1.5000000000e+00	-8.1491860766e-01	3.4726744019e+00	7.7154447609e+00	4.8958197680e+00	6.2508139234e-01
5.7180000000e+02	1.5000000000e+00	-8.1491860766e-01	3.4726744019e+00	7.7154447609e+00	4.8958197680e+00	6.2508139234e-01
5.7200000000e+02	1.5000000000e+00	-8.1491860766e-01	3.4726744019e+00	7.7154447609e+00	4.8958197680e+00	6.2508139234e-01
5.7220000000e+02	1.5000000000e+00	-8.1491860766e-01	3.4726744019e+00	7.7154447609e+00	4.8958197680e+00	6.2508139234e-01
5.7240000000e+02	1.5000000000e+00	-8.1491860766e-01	3.4726744019e+00	7.7154447609e+00	4.8958197680e+00	6.2508139234e-01
5.7260000000e+02	1.5000000000e+00	-8.1491860766e-01	3.4726744019e+00	7.7154447609e+00	4.8958197680e+00	6.2508139234e-01
5.7280000000e+02	1.5000000000e+00	-8.1491860766e-01	3.4726744019e+00	7.7154447609e+00	4.8958197680e+00	6.2508139234e-01
5.7300000000e+02	1.5000000000e+00	-8.1491860766e-01	3.4726744019e+00	7.7154447609e+00	4.8958197680e+00	6.2508139234e-01
5.7320000000e+02	1.5000000000e+00	-8.1491860767e-01	3.4726744019e+00	7.7154447609e+00	4.8958197680e+00	6.2508139233e-01
5.7340000000e+02	1.5000000000e+00	-8.1491860767e-01	3.4726744019e+00	7.7154447609e+00	4.8958197680e+00	6.2508139233e-01
5.7360000000e+02	1.5000000000e+00	-8.1491860767e-01	3.4726744019e+00	7.7154447609e+00	4.8958197680e+00	6.2508139233e-01
5.7380000000e+02	1.5000000000e+00	-8.1491860767e-01	3.4726744018e+00	7.7154447609e+00	4.8958197680e+00	6.2508139233e-01
5.7400000000e+02	1.5000000000e+00	-8.1491860767e-01	3.4726744018e+00	7.7154447609e+00	4.8958197680e+00	6.2508139233e-01
5.7420000000e+02	1.5000000000e+00	-8.1491860767e-01	3.4726744018e+00	7.7154447609e+00	4.8958197680e+00	6.2508139233e-01
5.7440000000e+02	1.5000000000e+00	-8.1491860767e-01	3.4726744018e+00	7.7154447609e+00	4.8958197680e+00	6.2508139233e-01
5.7460000000e+02	1.5000000000e+00	-8.1491860767e-01	3.4726744018e+00	7.7154447609e+00	4.8958197680e+00	6.2508139233e-01
5.7480000000e+02	1.5000000000e+00	-8.1491860767e-01	3.4726744018e+00	7.7154447609e+00	4.8958197680e+00	6.2508139233e-01
5.7500000000e+02	1.5000000000e+00	-8.1491860767e-01	3.4726744018e+00	7.7154447609e+00	4.8958197680e+00	6.2508139233e-01
5.7520000000e+02	1.5000000000e+00	-8.1491860767e-01	3.4726744018e+00	7.7154447609e+00	4.8958197680e+00	6.2508139233e-01
5.7540000000e+02	1.5000000000e+00	-8.1491860767e-01	3.4726744018e+00	7.7154447609e+00	4.8958197680e+00	6.2508139233e-01
5.7560000000e+02	1.5000000000e+00	-8.1491860767e-01	3.4726744018e+00	7.7154447609e+00	4.8958197680e+00	6.2508139233e-01
5.7580000000e+02	1.5000000000e+00	-8.1491860767e-01	3.4726744018e+00	7.7154447609e+00	4.8958197679e+00	6.2508139233e-01
5.7600000000e+02	1.5000000000e+00	-8.1491860767e-01	3.4726744018e+00	7.7154447609e+00	4.8958197679e+00	6.2508139233e-01
5.7620000000e+02	1.5000000000e+00	-8.1491860767e-01	3.4726744018e+00	7.7154447609e+00	4.8958197679e+00	6.2508139233e-01
5.7640000000e+02	1.5000000000e+00	-8.1491860767e-01	3.4726744018e+00	7.7154447609e+00	4.8958197679e+00	6.2508139233e-01
5.7660000000e+02	1.5000000000e+00	-8.1491860767e-01	3.4726744018e+00	7.7154447609e+00	4.8958197679e+00	6.2508139233e-01
5.7680000000e+02	1.5000000000e+00	-8.1491860767e-01	3.4726744018e+00	7.7154447609e+00	4.8958197679e+00	6.2508139233e-01
5.7700000000e+02	1.5000000000e+00	-8.1491860767e-01	3.4726744018e+00	7.7154447609e+00	4.8958197679e+00	6.2508139233e-01
5.7720000000e+02	1.5000000000e+00	-8.1491860767e-01	3.4726744018e+00	7.7154447609e+00	4.8958197679e+00	6.2508139233e-01
5.7740000000e+02	1.5000000000e+00	-8.1491860767e-01	3.4726744018e+00	7.7154447609e+00	4.8958197679e+00	6.2508139233e-01
5.7760000000e+02	1.5000000000e+00	-8.1491860767e-01	3.4726744018e+00	7.7154447609e+00	4.8958197679e+00	6.2508139233e-01
5.7780000000e+02	1.5000000000e+00	-8.1491860767e-01	3.4726744018e+00	7.7154447609e+00	4.8958197679e+00	6.2508139233e-01
5.7800000000e+02	1.5000000000e+00	-8.1491860767e-01	3.4726744018e+00	7.7154447609e+00	4.8958197679e+00	6.2508139233e-01
5.7820000000e+02	1.5000000000e+00	-8.1491860767e-01	3.4726744018e+00	7.7154447609e+00	4.8958197679e+00	6.2508139233e-01
5.7840000000e+02	1.5000000000e+00	-8.1491860767e-01	3.4726744018e+00	7.7154447609e+00	4.8958197679e+00	6.2508139233e-01
5.7860000000e+02	1.5000000000e+00	-8.1491860767e-01	3.4726744018e+00	7.7154447609e+00	4.8958197679e+00	6.2508139233e-01
5.7880000000e+02	1.5000000000e+00	-8.1491860767e-01	3.4726744018e+00	7.7154447609e+00	4.8958197679e+00	6.2508139233e-01
5.7900000000e+02	1.5000000000e+00	-8.1491860767e-01	3.4726744018e+00	7.7154447609e+00	4.8958197679e+00	6.2508139233e-01
5.7920000000e+02	1.5000000000e+00	-8.1491860767e-01	3.4726744018e+00	7.7154447609e+00	4.8958197679e+00	6.2508139233e-01
5.7940000000e+02	1.5000000000e+00	-8.1491860767e-01	3.4726744018e+00	7.7154447609e+00	4.8958197679e+00	6.2508139233e-01
5.7960000000e+02	1.5000000000e+00	-8.1491860767e-01	3.4726744018e+00	7.7154447609e+00	4.8958197679e+00	6.2508139233e-01
5.7980000000e+02	1.5000000000e+00	-8.1491860767e-01	3.4726744018e+00	7.7154447609e+00	4.8958197679e+00	6.2508139233e-01
5.8000000000e+02	1.5000000000e+00	-8.1491860767e-01	3.4726744018e+00	7.7154447609e+00	4.8958197679e+00	6.2508139233e-01
5.8020000000e+02	1.5000000000e+00	-8.1491860767e-01	3.4726744018e+00	7.7154447609e+00	4.8958197679e+00	6.2508139233e-01
5.8040000000e+02	1.5000000000e+00	-8.1491860767e-01	3.4726744018e+00	7.7154447609e+00	4.8958197679e+00	6.2508139233e-01
5.8060000000e+02	1.5000000000e+00	-8.1491860767e-01	3.4726744018e+00	7.7154447609e+00	4.8958197679e+00	6.2508139233e-01
5.8080000000e+02	1.5000000000e+00	-8.1491860767e-01	3.4726744018e+00	7.7154447609e+00	4.8958197679e+00	6.2508139233e-01
5.8100000000e+02	1.5000000000e+00	-8.1491860767e-01	3.4726744018e+00	7.7154447609e+00	4.8958197679e+00	6.2508139233e-01
5.8120000000e+02	1.5000000000e+00	-8.1491860767e-01	3.4726744018e+00	7.7154447609e+00	4.8958197679e+00	6.2508139233e-01
5.8140000000e+02	1.5000000000e+00	-8.1491860767e-01	3.4726744018e+00	7.7154447609e+00	4.8958197679e+00	6.2508139233e-01
5.8160000000e+02	1.5000000000e+00	-8.1491860767e-01	3.4726744018e+00	7.7154447609e+00	4.8958197679e+00	6.2508139233e-01
5.8180000000e+02	1.5000000000e+00	-8.1491860767e-01	3.4726744018e+00	7.7154447609e+00	4.8958197679e+00	6.2508139233e-01
5.8200000000e+02	1.5000000000e+00	-8.1491860767e-01	3.4726744018e+00	7.7154447609e+00	4.8958197679e+00	6.2508139233e-01
5.8220000000e+02	1.5000000000e+00	-8.1491860767e-01	3.4726744018e+00	7.7154447609e+00	4.8958197679e+00	6.2508139233e-01
5.8240000000e+02	1.5000000000e+00	-8.1491860767e-01	3.4726744018e+00	7.7154447609e+00	4.8958197679e+00	6.2508139233e-01
5.8260000000e+02	1.5000000000e+00	-8.1491860767e-01	3.4726744018e+00	7.7154447609e+00	4.8958197679e+00	6.2508139233e-01
5.8280000000e+02	1.5000000000e+00	-8.1491860767e-01	3.4726744018e+00	7.7154447609e+00	4.8958197679e+00	6.2508139233e-01
5.8300000000e+02	1.5000000000e+00	-8.1491860767e-01	3.4726744018e+00	7.7154447609e+00	4.8958197679e+00	6.2508139233e-01
5.8320000000e+02	1.5000000000e+00	-8.1491860767e-01	3.4726744018e+00	7.7154447609e+00	4.8958197679e+00	6.2508139233e-01
5.8340000000e+02	1.5000000000e+00	-8.1491860767e-01	3.4726744018e+00	7.7154447609e+00	4.8958197679e+00	6.2508139233e-01
5.8360000000e+02	1.5000000000e+00	-8.1491860767e-01	3.4726744018e+00	7.7154447609e+00	4.8958197679e+00	6.2508139233e-01
5.8380000000e+02	1.5000000000e+00	-8.1491860767e-01	3.4726744018e+00	7.7154447609e+00	4.8958197679e+00	6.2508139233e-01
5.8400000000e+02	1.5000000000e+00	-8.1491860767e-01	3.4726744018e+00	7.7154447609e+00	4.8958197679e+00	6.2508139233e-01
5.8420000000e+02	1.5000000000e+00	-8.1491860767e-01	3.4726744018e+00	7.7154447609e+00	4.8958197679e+00	6.2508139233e-01
5.8440000000e+02	1.5000000000e+00	-8.1491860767e-01	3.4726744018e+00	7.7154447609e+00	4.8958197679e+00	6.2508139233e-01
5.8460000000e+02	1.5000000000e+00	-8.1491860767e-01	3.4726744018e+00	7.7154447609e+00	4.8958197679e+00	6.2508139233e-01
5.8480000000e+02	1.5000000000e+00	-8.1491860767e-01	3.4726744018e+00	7.7154447609e+00	4.8958197679e+00	6.2508139233e-01
5.8500000000e+02	1.5000000000e+00	-8.1491860767e-01	3.4726744018e+00	7.7154447609e+00	4.8958197679e+00	6.2508139233e-01
5.8520000000e+02	1.5000000000e+00	-8.1491860767e-01	3.4726744018e+00	7.7154447609e+00	4.8958197679e+00	6.2508139233e-01
5.8540000000e+02	1.5000000000e+00	-8.1491860767e-01	3.4726744018e+00	7.7154447609e+00	4.8958197679e+00	6.2508139233e-01
5.8560000000e+02	1.5000000000e+00	-8.1491860767e-01	3.4726744018e+00	7.7154447609e+00	4.8958197679e+00	6.2508139233e-01
5.8580000000e+02	1.5000000000e+00	-8.1491860767e-01	3.4726744018e+00	7.7154447609e+00	4.8958197679e+00	6.2508139233e-01
5.8600000000e+02	1.5000000000e+00	-8.1491860767e-01	3.4726744018e+00	7.7154447609e+00	4.8958197679e+00	6.2508139233e-01
5.8620000000e+02	1.5000000000e+00	-8.1491860767e-01	3.4726744018e+00	7.7154447609e+00	4.8958197679e+00	6.2508139233e-01
5.8640000000e+02	1.5000000000e+00	-8.1491860767e-01	3.4726744018e+00	7.7154447609e+00	4.8958197679e+00	6.2508139233e-01
5.8660000000e+02	1.5000000000e+00	-8.1491860767e-01	3.4726744018e+00	7.7154447609e+00	4.8958197679e+00	6.2508139233e-01
5.8680000000e+02	1.5000000000e+00	-8.1491860767e-01	3.4726744018e+00	7.7154447609e+00	4.8958197679e+00	6.2508139233e-01
5.8700000000e+02	1.5000000000e+00	-8.1491860767e-01	3.4726744018e+00	7.7154447609e+00	4.8958197679e+00	6.2508139233e-01
5.8720000000e+02	1.5000000000e+00	-8.1491860767e-01	3.4726744018e+00	7.7154447609e+00	4.8958197679e+00	6.2508139233e-01
5.8740000000e+02	1.5000000000e+00	-8.1491860767e-01	3.4726744018e+00	7.7154447609e+00	4.8958197679e+00	6.2508139233e-01
5.8760000000e+02	1.5000000000e+00	-8.1491860767e-01	3.4726744018e+00	7.7154447609e+00	4.8958197679e+00	6.2508139233e-01
5.8780000000e+02	1.5000000000e+00	-8.1491860767e-01	3.4726744018e+00	7.7154447609e+00	4.8958197679e+00	6.2508139233e-01
5.8800000000e+02	1.5000000000e+00	-8.1491860767e-01	3.4726744018e+00	7.7154447609e+00	4.8958197679e+00	6.2508139233e-01
5.8820000000e+02	1.5000000000e+00	-8.1491860767e-01	3.4726744018e+00	7.7154447609e+00	4.8958197679e+00	6.2508139233e-01
5.8840000000e+02	1.5000000000e+00	-8.1491860767e-01	3.4726744018e+00	7.7154447609e+00	4.8958197679e+00	6.2508139233e-01
5.8860000000e+02	1.5000000000e+00	-8.1491860767e-01	3.4726744018e+00	7.7154447609e+00	4.8958197679e+00	6.2508139233e-01
5.8880000000e+02	1.5000000000e+00	-8.1491860767e-01	3.4726744018e+00	7.7154447609e+00	4.8958197679e+00	6.2508139233e-01
5.8900000000e+02	1.5000000000e+00	-8.1491860767e-01	3.4726744018e+00	7.7154447609e+00	4.8958197679e+00	6.2508139233e-01
5.8920000000e+02	1.5000000000e+00	-8.1491860767e-01	3.4726744018e+00	7.7154447609e+00	4.8958197679e+00	6.2508139233e-01
5.8940000000e+02	1.5000000000e+00	-8.1491860767e-01	3.4726744018e+00	7.7154447609e+00	4.8958197679e+00	6.2508139233e-01
5.8960000000e+02	1.5000000000e+00	-8.1491860767e-01	3.4726744018e+00	7.7154447609e+00	4.8958197679e+00	6.2508139233e-01
5.8980000000e+02	1.5000000000e+00	-8.1491860767e-01	3.4726744018e+00	7.7154447609e+00	4.8958197679e+00	6.2508139233e-01
5.9000000000e+02	1.5000000000e+00	-8.1491860767e-01	3.4726744018e+00	7.7154447609e+00	4.8958197679e+00	6.2508139233e-01
5.9020000000e+02	1.5000000000e+00	-8.1491860767e-01	3.4726744018e+00	7.7154447609e+00	4.8958197679e+00	6.2508139233e-01
5.9040000000e+02	1.5000000000e+00	-8.1491860767e-01	3.4726744018e+00	7.7154447609e+00	4.8958197679e+00	6.2508139233e-01
5.9060000000e+02	1.5000000000e+00	-8.1491860767e-01	3.4726744018e+00	7.7154447609e+00	4.8958197679e+00	6.2508139233e-01
5.9080000000e+02	1.5000000000e+00	-8.1491860767e-01	3.4726744018e+00	7.7154447609e+00	4.8958197679e+00	6.2508139233e-01
5.9100000000e+02	1.5000000000e+00	-8.1491860767e-01	3.4726744018e+00	7.7154447609e+00	4.8958197679e+00	6.2508139233e-01
5.9120000000e+02	1.5000000000e+00	-8.1491860767e-01	3.4726744018e+00	7.7154447609e+00	4.8958197679e+00	6.2508139233e-01
5.9140000000e+02	1.5000000000e+00	-8.1491860767e-01	3.4726744018e+00	7.7154447609e+00	4.8958197679e+00	6.2508139233e-01
5.9160000000e+02	1.5000000000e+00	-8.1491860767e-01	3.4726744018e+00	7.7154447609e+00	4.8958197679e+00	6.2508139233e-01
5.9180000000e+02	1.5000000000e+00	-8.1491860767e-01	3.4726744018e+00	7.7154447609e+00	4.8958197679e+00	6.2508139233e-01
5.9200000000e+02	1.5000000000e+00	-8.1491860767e-01	3.4726744018e+00	7.7154447609e+00	4.8958197679e+00	6.2508139233e-01
5.9220000000e+02	1.5000000000e+00	-8.1491860767e-01	3.4726744018e+00	7.7154447609e+00	4.8958197679e+00	6.2508139233e-01
5.9240000000e+02	1.5000000000e+00	-8.1491860767e-01	3.4726744018e+00	7.7154447609e+00	4.8958197679e+00	6.2508139233e-01
5.9260000000e+02	1.5000000000e+00	-8.1491860767e-01	3.4726744018e+00	7.7154447609e+00	4.8958197679e+00	6.2508139233e-01
5.9280000000e+02	1.5000000000e+00	-8.1491860767e-01	3.4726744018e+00	7.7154447609e+00	4.8958197679e+00	6.2508139233e-01
5.9300000000e+02	1.5000000000e+00	-8.1491860767e-01	3.4726744018e+00	7.7154447609e+00	4.8958197679e+00	6.2508139233e-01
5.9320000000e+02	1.5000000000e+00	-8.1491860767e-01	3.4726744018e+00	7.7154447609e+00	4.8958197679e+00	6.2508139233e-01
5.9340000000e+02	1.5000000000e+00	-8.1491860767e-01	3.4726744018e+00	7.7154447609e+00	4.8958197679e+00	6.2508139233e-01
5.9360000000e+02	1.5000000000e+00	-8.1491860767e-01	3.4726744018e+00	7.7154447609e+00	4.8958197679e+00	6.2508139233e-01
5.9380000000e+02	1.5000000000e+00	-8.1491860767e-01	3.4726744018e+00	7.7154447609e+00	4.8958197679e+00	6.2508139233e-01
5.9400000000e+02	1.5000000000e+00	-8.1491860767e-01	3.4726744018e+00	7.7154447609e+00	4.8958197679e+00	6.2508139233e-01
5.9420000000e+02	1.5000000000e+00	-8.1491860767e-01	3.4726744018e+00	7.7154447609e+00	4.8958197679e+00	6.2508139233e-01
5.9440000000e+02	1.5000000000e+00	-8.1491860767e-01	3.4726744018e+00	7.7154447609e+00	4.8958197679e+00	6.2508139233e-01
5.9460000000e+02	1.5000000000e+00	-8.1491860767e-01	3.4726744018e+00	7.7154447609e+00	4.8958197679e+00	6.2508139233e-01
5.9480000000e+02	1.5000000000e+00	-8.1491860767e-01	3.4726744018e+00	7.7154447609e+00	4.8958197679e+00	6.2508139233e-01
5.9500000000e+02	1.5000000000e+00	-8.1491860767e-01	3.4726744018e+00	7.7154447609e+00	4.8958197679e+00	6.2508139233e-01
5.9520000000e+02	1.5000000000e+00	-8.1491860767e-01	3.4726744018e+00	7.7154447609e+00	4.8958197679e+00	6.2508139233e-01
5.9540000000e+02	1.5000000000e+00	-8.1491860767e-01	3.4726744018e+00	7.7154447609e+00	4.8958197679e+00	6.2508139233e-01
5.9560000000e+02	1.5000000000e+00	-8.1491860767e-01	3.4726744018e+00	7.7154447609e+00	4.8958197679e+00	6.2508139233e-01
5.9580000000e+02	1.5000000000e+00	-8.1491860767e-01	3.4726744018e+00	7.7154447609e+00	4.8958197679e+00	6.2508139233e-01
5.9600000000e+02	1.5000000000e+00	-8.1491860767e-01	3.4726744018e+00	7.7154447609e+00	4.8958197679e+00	6.2508139233e-01
5.9620000000e+02	1.5000000000e+00	-8.1491860767e-01	3.4726744018e+00	7.7154447609e+00	4.8958197679e+00	6.2508139233e-01
5.9640000000e+02	1.5000000000e+00	-8.1491860767e-01	3.4726744018e+00	7.7154447609e+00	4.8958197679e+00	6.2508139233e-01
5.9660000000e+02	1.5000000000e+00	-8.1491860767e-01	3.4726744018e+00	7.7154447609e+00	4.8958197679e+00	6.2508139233e-01
5.9680000000e+02	1.5000000000e+00	-8.1491860767e-01	3.4726744018e+00	7.7154447609e+00	4.8958197679e+00	6.2508139233e-01
5.9700000000e+02	1.5000000000e+00	-8.1491860767e-01	3.4726744018e+00	7.7154447609e+00	4.8958197679e+00	6.2508139233e-01
5.9720000000e+02	1.5000000000e+00	-8.1491860767e-01	3.4726744018e+00	7.7154447609e+00	4.8958197679e+00	6.2508139233e-01
5.9740000000e+02	1.5000000000e+00	-8.1491860767e-01	3.4726744018e+00	7.7154447609e+00	4.8958197679e+00	6.2508139233e-01
5.9760000000e+02	1.5000000000e+00	-8.1491860767e-01	3.4726744018e+00	7.7154447609e+00	4.8958197679e+00	6.2508139233e-01
5.9780000000e+02	1.5000000000e+00	-8.1491860767e-01	3.4726744018e+00	7.7154447609e+00	4.8958197679e+00	6.2508139233e-01
5.9800000000e+02	1.5000000000e+00	-8.1491860767e-01	3.4726744018e+00	7.7154447609e+00	4.8958197679e+00	6.2508139233e-01
5.9820000000e+02	1.5000000000e+00	-8.1491860767e-01	3.4726744018e+00	7.7154447609e+00	4.8958197679e+00	6.2508139233e-01
5.9840000000e+02	1.5000000000e+00	-8.1491860767e-01	3.4726744018e+00	7.7154447609e+00	4.8958197679e+00	6.2508139233e-01
5.9860000000e+02	1.5000000000e+00	-8.1491860767e-01	3.4726744018e+00	7.7154447609e+00	4.8958197679e+00	6.2508139233e-01
5.9880000000e+02	1.5000000000e+00	-8.1491860767e-01	3.4726744018e+00	7.7154447609e+00	4.8958197679e+00	6.2508139233e-01
5.9900000000e+02	1.5000000000e+00	-8.1491860767e-01	3.4726744018e+00	7.7154447609e+00	4.8958197679e+00	6.2508139233e-01
5.9920000000e+02	1.5000000000e+00	-8.1491860767e-01	3.4726744018e+00	7.7154447609e+00	4.8958197679e+00	6.2508139233e-01
5.9940000000e+02	1.5000000000e+00	-8.1491860767e-01	3.4726744018e+00	7.7154447609e+00	4.8958197679e+00	6.2508139233e-01
5.9960000000e+02	1.5000000000e+00	-8.1491860767e-01	3.4726744018e+00	7.7154447609e+00	4.8958197679e+00	6.2508139233e-01
5.9980000000e+02	1.5000000000e+00	-8.1491860767e-01	3.4726744018e+00	7.7154447609e+00	4.8958197679e+00	6.2508139233e-01
6.0000000000e+02	-1.5000000000e+00	-8.1491860767e-01	3.4726744018e+00	7.7154447609e+00	4.8958197679e+00	6.2508139233e-01
6.0020000000e+02	-1.5000000000e+00	-8.0726797131e-01	3.5151779372e+00	7.0375248474e+00	4.4854676237e+00	6.3273202869e-01
6.0040000000e+02	-1.5000000000e+00	-7.8645071134e-01	3.6308293815e+00	6.4442274267e+00	4.1553186390e+00	6.5354928866e-01
6.0060000000e+02	-1.5000000000e+00	-7.5501588148e-01	3.8054673251e+00	5.9249893538e+00	3.8838136751e+00	6.8498411852e-01
6.0080000000e+02	-1.5000000000e+00	-7.1484150579e-01	4.0286583012e+00	5.4705660461e+00	3.6557124675e+00	7.2515849421e-01
6.0100000000e+02	-1.5000000000e+00	-6.6733744056e-01	4.2925697746e+00	5.0728668917e+00	3.4605313679e+00	7.7266255944e-01
6.0120000000e+02	-1.5000000000e+00	-6.1359263395e-01	4.5911520336e+00	4.7248112027e+00	3.2911282354e+00	8.2640736605e-01
6.0140000000e+02	-1.5000000000e+00	-5.5447632282e-01	4.9195759843e+00	4.4202021501e+00	3.1426087947e+00	8.8552367718e-01
6.0160000000e+02	-1.5000000000e+00	-4.9070520878e-01	5.2738599512e+00	4.1536164346e+00	3.0115497843e+00	9.4929479122e-01
6.0180000000e+02	-1.5000000000e+00	-4.2288710432e-01	5.6506271982e+00	3.9203077291e+00	2.8954746984e+00	1.0171128957e+00
6.0200000000e+02	-1.5000000000e+00	-3.5154897591e-01	6.0469501338e+00	3.7161221750e+00	2.7925120834e+00	1.0884510241e+00
6.0220000000e+02	-1.5000000000e+00	-2.7715494587e-01	6.4602503007e+00	3.5374244258e+00	2.7011786175e+00	1.1628450541e+00
6.0240000000e+02	-1.5000000000e+00	-2.0011798410e-01	6.8882334217e+00	3.3810329236e+00	2.6202444152e+00	1.2398820159e+00
6.0260000000e+02	-1.5000000000e+00	-1.2080771374e-01	7.3288460348e+00	3.2441632535e+00	2.5486510237e+00	1.3191922863e+00
6.0280000000e+02	-1.5000000000e+00	-3.9555866103e-02	7.7802451883e+00	3.1243785701e+00	2.4854623651e+00	1.4004441339e+00
6.0300000000e+02	-1.5000000000e+00	4.3339666451e-02	8.2407759247e+00	3.0195462111e+00	2.4298357764e+00	1.4833396665e+00
6.0320000000e+02	-1.5000000000e+00	1.2761160785e-01	8.7089533769e+00	2.9277997276e+00	2.3810049803e+00	1.5676116079e+00
6.0340000000e+02	-1.5000000000e+00	2.1302057141e-01	9.1834476190e+00	2.8475056530e+00	2.3382699057e+00	1.6530205714e+00
6.0360000000e+02	-1.5000000000e+00	2.9935263982e-01	9.6630702212e+00	2.7772344213e+00	2.3009902817e+00	1.7393526398e+00
6.0380000000e+02	-1.5000000000e+00	3.8641715031e-01	1.0146761946e+01	2.7157349143e+00	2.2685811911e+00	1.8264171503e+00
6.0400000000e+02	-1.5000000000e+00	4.7404463360e-01	1.0633581298e+01	2.6619121865e+00	2.2405095575e+00	1.9140446336e+00
6.0420000000e+02	-1.5000000000e+00	5.6208488335e-01	1.1122693796e+01	2.6148079712e+00	2.2162910186e+00	2.0020848833e+00
6.0440000000e+02	-1.5000000000e+00	6.5040514652e-01	1.1613361925e+01	2.5735836188e+00	2.1954869175e+00	2.0904051465e+00
6.0460000000e+02	-1.5000000000e+00	7.3888843245e-01	1.2104935736e+01	2.5375051655e+00	2.1777013049e+00	2.1788884324e+00
6.0480000000e+02	-1.5000000000e+00	8.2743193963e-01	1.2596844109e+01	2.5059302657e+00	2.1625779292e+00	2.2674319396e+00
6.0500000000e+02	-1.5000000000e+00	9.1594560006e-01	1.3088586667e+01	2.4782967559e+00	2.1497972336e+00	2.3559456001e+00
6.0520000000e+02	-1.5000000000e+00	1.0043507394e+00	1.3579726330e+01	2.4541126454e+00	2.1390733959e+00	2.4443507394e+00
6.0540000000e+02	-1.5000000000e+00	1.0925788499e+00	1.4069882500e+01	2.4329473571e+00	2.1301514459e+00	2.5325788499e+00
6.0560000000e+02	-1.5000000000e+00	1.1805704727e+00	1.4558724849e+01	2.4144240616e+00	2.1228044974e+00	2.6205704727e+00
6.0580000000e+02	-1.5000000000e+00	1.2682741831e+00	1.5045967684e+01	2.3982129675e+00	2.1168311167e+00	2.7082741831e+00
6.0600000000e+02	-1.5000000000e+00	1.3556456739e+00	1.5531364855e+01	2.3840254505e+00	2.1120528494e+00	2.7956456739e+00
6.0620000000e+02	-1.5000000000e+00	1.4426469301e+00	1.6014705167e+01	2.3716089142e+00	2.1083119141e+00	2.8826469301e+00
6.0640000000e+02	-1.5000000000e+00	1.5292454882e+00	1.6495808268e+01	2.3607422928e+00	2.1054690700e+00	2.9692454882e+00
6.0660000000e+02	-1.5000000000e+00	1.6154137728e+00	1.6974520960e+01	2.3512321158e+00	2.1034016572e+00	3.0554137728e+00
6.0680000000e+02	-1.5000000000e+00	1.7011285055e+00	1.7450713919e+01	2.3429090626e+00	2.1020018062e+00	3.1411285055e+00
6.0700000000e+02	-1.5000000000e+00	1.7863701774e+00	1.7924278763e+01	2.3356249485e+00	2.1011748109e+00	3.2263701774e+00
6.0720000000e+02	-1.5000000000e+00	1.8711225817e+00	1.8395125454e+01	2.3292500861e+00	2.1008376558e+00	3.3111225817e+00
6.0740000000e+02	-1.5000000000e+00	1.9553723980e+00	1.8863179989e+01	2.3236709767e+00	2.1009176881e+00	3.3953723980e+00
6.0760000000e+02	-1.5000000000e+00	2.0391088251e+00	1.9328382362e+01	2.3187882890e+00	2.1013514249e+00	3.4791088251e+00
6.0780000000e+02	-1.5000000000e+00	2.1223232566e+00	1.9790684759e+01	2.3145150910e+00	2.1020834840e+00	3.5623232566e+00
6.0800000000e+02	-1.5000000000e+00	2.2050089942e+00	2.0250049968e+01	2.3107753021e+00	2.1030656291e+00	3.6450089942e+00
6.0820000000e+02	-1.5000000000e+00	2.2871609954e+00	2.0706449975e+01	2.3075023387e+00	2.1042559183e+00	3.7271609954e+00
6.0840000000e+02	-1.5000000000e+00	2.3687756519e+00	2.1159864733e+01	2.3046379284e+00	2.1056179466e+00	3.8087756519e+00
6.0860000000e+02	-1.5000000000e+00	2.4498505943e+00	2.1610281079e+01	2.3021310730e+00	2.1071201737e+00	3.8898505943e+00
6.0880000000e+02	-1.5000000000e+00	2.5303845208e+00	2.2057691782e+01	2.2999371399e+00	2.1087353272e+00	3.9703845208e+00
6.0900000000e+02	-1.5000000000e+00	2.6103770479e+00	2.2502094710e+01	2.2980170683e+00	2.1104398758e+00	4.0503770479e+00
6.0920000000e+02	-1.5000000000e+00	2.6898285787e+00	2.2943492104e+01	2.2963366728e+00	2.1122135626e+00	4.1298285787e+00
6.0940000000e+02	-1.5000000000e+00	2.7687401884e+00	2.3381889935e+01	2.2948660356e+00	2.1140389938e+00	4.2087401884e+00
6.0960000000e+02	-1.5000000000e+00	2.8471135241e+00	2.3817297356e+01	2.2935789731e+00	2.1159012757e+00	4.2871135241e+00
6.0980000000e+02	-1.5000000000e+00	2.9249507176e+00	2.4249726209e+01	2.2924525703e+00	2.1177876955e+00	4.3649507176e+00
6.1000000000e+02	-1.5000000000e+00	3.0022543094e+00	2.4679190608e+01	2.2914667727e+00	2.1196874405e+00	4.4422543094e+00
6.1020000000e+02	-1.5000000000e+00	3.0790271823e+00	2.5105706568e+01	2.2906040289e+00	2.1215913508e+00	4.5190271823e+00
6.1040000000e+02	-1.5000000000e+00	3.1552725043e+00	2.5529291690e+01	2.2898489785e+00	2.1234917032e+00	4.5952725043e+00
6.1060000000e+02	-1.5000000000e+00	3.2309936787e+00	2.5949964882e+01	2.2891881786e+00	2.1253820208e+00	4.6709936787e+00
6.1080000000e+02	-1.5000000000e+00	3.3061943013e+00	2.6367746118e+01	2.2886098641e+00	2.1272569068e+00	4.7461943013e+00
6.1100000000e+02	-1.5000000000e+00	3.3808781225e+00	2.6782656236e+01	2.2881037387e+00	2.1291118986e+00	4.8208781225e+00
6.1120000000e+02	-1.5000000000e+00	3.4550490158e+00	2.7194716755e+01	2.2876607913e+00	2.1309433406e+00	4.8950490158e+00
6.1140000000e+02	-1.5000000000e+00	3.5287109501e+00	2.7603949723e+01	2.2872731355e+00	2.1327482727e+00	4.9687109501e+00
6.1160000000e+02	-1.5000000000e+00	3.6018679653e+00	2.8010377585e+01	2.2869338695e+00	2.1345243330e+00	5.0418679653e+00
6.1180000000e+02	-1.5000000000e+00	3.6745241530e+00	2.8414023072e+01	2.2866369530e+00	2.1362696735e+00	5.1145241530e+00
6.1200000000e+02	-1.5000000000e+00	3.7466836381e+00	2.8814909100e+01	2.2863770995e+00	2.1379828861e+00	5.1866836381e+00
6.1220000000e+02	-1.5000000000e+00	3.8183505647e+00	2.9213058693e+01	2.2861496827e+00	2.1396629379e+00	5.2583505647e+00
6.1240000000e+02	-1.5000000000e+00	3.8895290832e+00	2.9608494907e+01	2.2859506536e+00	2.1413091159e+00	5.3295290832e+00
6.1260000000e+02	-1.5000000000e+00	3.9602233397e+00	3.0001240776e+01	2.2857764687e+00	2.1429209785e+00	5.4002233397e+00
6.1280000000e+02	-1.5000000000e+00	4.0304374673e+00	3.0391319263e+01	2.2856240266e+00	2.1444983128e+00	5.4704374673e+00
6.1300000000e+02	-1.5000000000e+00	4.1001755783e+00	3.0778753213e+01	2.2854906134e+00	2.1460410988e+00	5.5401755783e+00
6.1320000000e+02	-1.5000000000e+00	4.1694417581e+00	3.1163565323e+01	2.2853738537e+00	2.1475494774e+00	5.6094417581e+00
6.1340000000e+02	-1.5000000000e+00	4.2382400602e+00	3.1545778112e+01	2.2852716688e+00	2.1490237236e+00	5.6782400602e+00
6.1360000000e+02	-1.5000000000e+00	4.3065745020e+00	3.1925413900e+01	2.2851822392e+00	2.1504642225e+00	5.7465745020e+00
6.1380000000e+02	-1.5000000000e+00	4.3744490612e+00	3.2302494785e+01	2.2851039729e+00	2.1518714493e+00	5.8144490612e+00
6.1400000000e+02	-1.5000000000e+00	4.4418676735e+00	3.2677042631e+01	2.2850354763e+00	2.1532459520e+00	5.8818676735e+00
6.1420000000e+02	-1.5000000000e+00	4.5088342301e+00	3.3049079056e+01	2.2849755299e+00	2.1545883362e+00	5.9488342301e+00
6.1440000000e+02	-1.5000000000e+00	4.5753525766e+00	3.3418625425e+01	2.2849230664e+00	2.1558992525e+00	6.0153525766e+00
6.1460000000e+02	-1.5000000000e+00	4.6414265113e+00	3.3785702840e+01	2.2848771517e+00	2.1571793858e+00	6.0814265113e+00
6.1480000000e+02	-1.5000000000e+00	4.7070597849e+00	3.4150332138e+01	2.2848369684e+00	2.1584294455e+00	6.1470597849e+00
6.1500000000e+02	-1.5000000000e+00	4.7722560999e+00	3.4512533888e+01	2.2848018011e+00	2.1596501582e+00	6.2122560999e+00
6.1520000000e+02	-1.5000000000e+00	4.8370191102e+00	3.4872328390e+01	2.2847710236e+00	2.1608422605e+00	6.2770191102e+00
6.1540000000e+02	-1.5000000000e+00	4.9013524216e+00	3.5229735676e+01	2.2847440879e+00	2.1620064941e+00	6.3413524216e+00
6.1560000000e+02	-1.5000000000e+00	4.9652595914e+00	3.5584775508e+01	2.2847205145e+00	2.1631436003e+00	6.4052595914e+00
6.1580000000e+02	-1.5000000000e+00	5.0287441292e+00	3.5937467385e+01	2.2846998837e+00	2.1642543168e+00	6.4687441292e+00
6.1600000000e+02	-1.5000000000e+00	5.0918094973e+00	3.6287830540e+01	2.2846818282e+00	2.1653393742e+00	6.5318094973e+00
6.1620000000e+02	-1.5000000000e+00	5.1544591111e+00	3.6635883950e+01	2.2846660265e+00	2.1663994933e+00	6.5944591111e+00
6.1640000000e+02	-1.5000000000e+00	5.2166963399e+00	3.6981646333e+01	2.2846521973e+00	2.1674353831e+00	6.6566963399e+00
6.1660000000e+02	-1.5000000000e+00	5.2785245079e+00	3.7325136155e+01	2.2846400943e+00	2.1684477391e+00	6.7185245079e+00
6.1680000000e+02	-1.5000000000e+00	5.3399468944e+00	3.7666371636e+01	2.2846295021e+00	2.1694372419e+00	6.7799468944e+00
6.1700000000e+02	-1.5000000000e+00	5.4009667351e+00	3.8005370751e+01	2.2846202321e+00	2.1704045561e+00	6.8409667351e+00
6.1720000000e+02	-1.5000000000e+00	5.4615872227e+00	3.8342151237e+01	2.2846121192e+00	2.1713503298e+00	6.9015872227e+00
6.1740000000e+02	-1.5000000000e+00	5.5218115080e+00	3.8676730600e+01	2.2846050191e+00	2.1722751939e+00	6.9618115080e+00
6.1760000000e+02	-1.5000000000e+00	5.5816427004e+00	3.9009126113e+01	2.2845988052e+00	2.1731797616e+00	7.0216427004e+00
6.1780000000e+02	-1.5000000000e+00	5.6410838692e+00	3.9339354829e+01	2.2845933670e+00	2.1740646286e+00	7.0810838692e+00
6.1800000000e+02	-1.5000000000e+00	5.7001380442e+00	3.9667433579e+01	2.2845886076e+00	2.1749303728e+00	7.1401380442e+00
6.1820000000e+02	-1.5000000000e+00	5.7588082166e+00	3.9993378981e+01	2.2845844423e+00	2.1757775543e+00	7.1988082166e+00
6.1840000000e+02	-1.5000000000e+00	5.8170973400e+00	4.0317207444e+01	2.2845807970e+00	2.1766067157e+00	7.2570973400e+00
6.1860000000e+02	-1.5000000000e+00	5.8750083312e+00	4.0638935173e+01	2.2845776067e+00	2.1774183825e+00	7.3150083312e+00
6.1880000000e+02	-1.5000000000e+00	5.9325440708e+00	4.0958578171e+01	2.2845748146e+00	2.1782130628e+00	7.3725440708e+00
6.1900000000e+02	-1.5000000000e+00	5.9897074045e+00	4.1276152247e+01	2.2845723710e+00	2.1789912483e+00	7.4297074045e+00
6.1920000000e+02	-1.5000000000e+00	6.0465011435e+00	4.1591673019e+01	2.2845702325e+00	2.1797534143e+00	7.4865011435e+00
6.1940000000e+02	-1.5000000000e+00	6.1029280653e+00	4.1905155919e+01	2.2845683609e+00	2.1805000203e+00	7.5429280653e+00
6.1960000000e+02	-1.5000000000e+00	6.1589909148e+00	4.2216616193e+01	2.2845667230e+00	2.1812315101e+00	7.5989909148e+00
6.1980000000e+02	-1.5000000000e+00	6.2146924046e+00	4.2526068914e+01	2.2845652895e+00	2.1819483127e+00	7.6546924046e+00
6.2000000000e+02	-1.5000000000e+00	6.2700352160e+00	4.2833528978e+01	2.2845640349e+00	2.1826508424e+00	7.7100352160e+00
6.2020000000e+02	-1.5000000000e+00	6.3250219999e+00	4.3139011110e+01	2.2845629370e+00	2.1833394994e+00	7.7650219999e+00
6.2040000000e+02	-1.5000000000e+00	6.3796553767e+00	4.3442529871e+01	2.2845619761e+00	2.1840146701e+00	7.8196553767e+00
6.2060000000e+02	-1.5000000000e+00	6.4339379381e+00	4.3744099656e+01	2.2845611351e+00	2.1846767281e+00	7.8739379381e+00
6.2080000000e+02	-1.5000000000e+00	6.4878722466e+00	4.4043734703e+01	2.2845603991e+00	2.1853260336e+00	7.9278722466e+00
6.2100000000e+02	-1.5000000000e+00	6.5414608370e+00	4.4341449094e+01	2.2845597550e+00	2.1859629351e+00	7.9814608370e+00
6.2120000000e+02	-1.5000000000e+00	6.5947062164e+00	4.4637256758e+01	2.2845591913e+00	2.1865877689e+00	8.0347062164e+00
6.2140000000e+02	-1.5000000000e+00	6.6476108654e+00	4.4931171474e+01	2.2845586980e+00	2.1872008598e+00	8.0876108654e+00
6.2160000000e+02	-1.5000000000e+00	6.7001772378e+00	4.5223206877e+01	2.2845582662e+00	2.1878025218e+00	8.1401772378e+00
6.2180000000e+02	-1.5000000000e+00	6.7524077622e+00	4.5513376456e+01	2.2845578883e+00	2.1883930582e+00	8.1924077622e+00
6.2200000000e+02	-1.5000000000e+00	6.8043048414e+00	4.5801693563e+01	2.2845575576e+00	2.1889727619e+00	8.2443048414e+00
6.2220000000e+02	-1.5000000000e+00	6.8558708539e+00	4.6088171411e+01	2.2845572682e+00	2.1895419162e+00	8.2958708539e+00
6.2240000000e+02	-1.5000000000e+00	6.9071081539e+00	4.6372823077e+01	2.2845570149e+00	2.1901007947e+00	8.3471081539e+00
6.2260000000e+02	-1.5000000000e+00	6.9580190717e+00	4.6655661510e+01	2.2845567932e+00	2.1906496621e+00	8.3980190717e+00
6.2280000000e+02	-1.5000000000e+00	7.0086059146e+00	4.6936699525e+01	2.2845565992e+00	2.1911887742e+00	8.4486059146e+00
6.2300000000e+02	-1.5000000000e+00	7.0588709667e+00	4.7215949815e+01	2.2845564295e+00	2.1917183785e+00	8.4988709667e+00
6.2320000000e+02	-1.5000000000e+00	7.1088164900e+00	4.7493424944e+01	2.2845562809e+00	2.1922387141e+00	8.5488164900e+00
6.2340000000e+02	-1.5000000000e+00	7.1584447244e+00	4.7769137358e+01	2.2845561508e+00	2.1927500126e+00	8.5984447244e+00
6.2360000000e+02	-1.5000000000e+00	7.2077578883e+00	4.8043099379e+01	2.2845560370e+00	2.1932524980e+00	8.6477578883e+00
6.2380000000e+02	-1.5000000000e+00	7.2567581788e+00	4.8315323216e+01	2.2845559374e+00	2.1937463871e+00	8.6967581788e+00
6.2400000000e+02	-1.5000000000e+00	7.3054477723e+00	4.8585820957e+01	2.2845558502e+00	2.1942318896e+00	8.7454477723e+00
6.2420000000e+02	-1.5000000000e+00	7.3538288248e+00	4.8854604582e+01	2.2845557739e+00	2.1947092087e+00	8.7938288248e+00
6.2440000000e+02	-1.5000000000e+00	7.4019034720e+00	4.9121685956e+01	2.2845557072e+00	2.1951785411e+00	8.8419034720e+00
6.2460000000e+02	-1.5000000000e+00	7.4496738303e+00	4.9387076835e+01	2.2845556487e+00	2.1956400774e+00	8.8896738303e+00
6.2480000000e+02	-1.5000000000e+00	7.4971419962e+00	4.9650788868e+01	2.2845555976e+00	2.1960940020e+00	8.9371419962e+00
6.2500000000e+02	-1.5000000000e+00	7.5443100476e+00	4.9912833598e+01	2.2845555528e+00	2.1965404940e+00	8.9843100476e+00
6.2520000000e+02	-1.5000000000e+00	7.5911800433e+00	5.0173222463e+01	2.2845555137e+00	2.1969797265e+00	9.0311800433e+00
6.2540000000e+02	-1.5000000000e+00	7.6377540239e+00	5.0431966799e+01	2.2845554794e+00	2.1974118676e+00	9.0777540239e+00
6.2560000000e+02	-1.5000000000e+00	7.6840340117e+00	5.0689077843e+01	2.2845554494e+00	2.1978370803e+00	9.1240340117e+00
6.2580000000e+02	-1.5000000000e+00	7.7300220112e+00	5.0944566729e+01	2.2845554231e+00	2.1982555225e+00	9.1700220112e+00
6.2600000000e+02	-1.5000000000e+00	7.7757200093e+00	5.1198444496e+01	2.2845554002e+00	2.1986673475e+00	9.2157200093e+00
6.2620000000e+02	-1.5000000000e+00	7.8211299757e+00	5.1450722087e+01	2.2845553801e+00	2.1990727040e+00	9.2611299757e+00
6.2640000000e+02	-1.5000000000e+00	7.8662538630e+00	5.1701410350e+01	2.2845553625e+00	2.1994717363e+00	9.3062538630e+00
6.2660000000e+02	-1.5000000000e+00	7.9110936069e+00	5.1950520038e+01	2.2845553471e+00	2.1998645843e+00	9.3510936069e+00
6.2680000000e+02	-1.5000000000e+00	7.9556511266e+00	5.2198061815e+01	2.2845553336e+00	2.2002513841e+00	9.3956511266e+00
6.2700000000e+02	-1.5000000000e+00	7.9999283253e+00	5.2444046252e+01	2.2845553218e+00	2.2006322676e+00	9.4399283253e+00
6.2720000000e+02	-1.5000000000e+00	8.0439270898e+00	5.2688483832e+01	2.2845553115e+00	2.2010073631e+00	9.4839270898e+00
6.2740000000e+02	-1.5000000000e+00	8.0876492912e+00	5.2931384951e+01	2.2845553024e+00	2.2013767951e+00	9.5276492912e+00
6.2760000000e+02	-1.5000000000e+00	8.1310967850e+00	5.3172759917e+01	2.2845552945e+00	2.2017406846e+00	9.5710967850e+00
6.2780000000e+02	-1.5000000000e+00	8.1742714113e+00	5.3412618952e+01	2.2845552876e+00	2.2020991492e+00	9.6142714113e+00
6.2800000000e+02	-1.5000000000e+00	8.2171749951e+00	5.3650972195e+01	2.2845552815e+00	2.2024523032e+00	9.6571749951e+00
6.2820000000e+02	-1.5000000000e+00	8.2598093464e+00	5.3887829702e+01	2.2845552762e+00	2.2028002577e+00	9.6998093464e+00
6.2840000000e+02	-1.5000000000e+00	8.3021762604e+00	5.4123201446e+01	2.2845552716e+00	2.2031431207e+00	9.7421762604e+00
6.2860000000e+02	-1.5000000000e+00	8.3442775177e+00	5.4357097321e+01	2.2845552675e+00	2.2034809973e+00	9.7842775177e+00
6.2880000000e+02	-1.5000000000e+00	8.3861148847e+00	5.4589527137e+01	2.2845552640e+00	2.2038139898e+00	9.8261148847e+00
6.2900000000e+02	-1.5000000000e+00	8.4276901135e+00	5.4820500631e+01	2.2845552609e+00	2.2041421974e+00	9.8676901135e+00
6.2920000000e+02	-1.5000000000e+00	8.4690049422e+00	5.5050027457e+01	2.2845552581e+00	2.2044657171e+00	9.9090049422e+00
6.2940000000e+02	-1.5000000000e+00	8.5100610951e+00	5.5278117195e+01	2.2845552558e+00	2.2047846429e+00	9.9500610951e+00
6.2960000000e+02	-1.5000000000e+00	8.5508602827e+00	5.5504779349e+01	2.2845552537e+00	2.2050990666e+00	9.9908602827e+00
6.2980000000e+02	-1.5000000000e+00	8.5914042024e+00	5.5730023346e+01	2.2845552519e+00	2.2054090773e+00	1.0031404202e+01
6.3000000000e+02	-1.5000000000e+00	8.6316945378e+00	5.5953858543e+01	2.2845552503e+00	2.2057147621e+00	1.0071694538e+01
6.3020000000e+02	-1.5000000000e+00	8.6717329598e+00	5.6176294221e+01	2.2845552489e+00	2.2060162054e+00	1.0111732960e+01
6.3040000000e+02	-1.5000000000e+00	8.7115211259e+00	5.6397339588e+01	2.2845552476e+00	2.2063134899e+00	1.0151521126e+01
6.3060000000e+02	-1.5000000000e+00	8.7510606811e+00	5.6617003784e+01	2.2845552466e+00	2.2066066958e+00	1.0191060681e+01
6.3080000000e+02	-1.5000000000e+00	8.7903532576e+00	5.6835295876e+01	2.2845552456e+00	2.2068959015e+00	1.0230353258e+01
6.3100000000e+02	-1.5000000000e+00	8.8294004750e+00	5.7052224861e+01	2.2845552448e+00	2.2071811831e+00	1.0269400475e+01
6.3120000000e+02	-1.5000000000e+00	8.8682039404e+00	5.7267799669e+01	2.2845552441e+00	2.2074626152e+00	1.0308203940e+01
6.3140000000e+02	-1.5000000000e+00	8.9067652490e+00	5.7482029161e+01	2.2845552435e+00	2.2077402701e+00	1.0346765249e+01
6.3160000000e+02	-1.5000000000e+00	8.9450859836e+00	5.7694922131e+01	2.2845552429e+00	2.2080142186e+00	1.0385085984e+01
6.3180000000e+02	-1.5000000000e+00	8.9831677151e+00	5.7906487306e+01	2.2845552424e+00	2.2082845297e+00	1.0423167715e+01
6.3200000000e+02	-1.5000000000e+00	9.0210120026e+00	5.8116733348e+01	2.2845552420e+00	2.2085512706e+00	1.0461012003e+01
6.3220000000e+02	-1.5000000000e+00	9.0586203935e+00	5.8325668853e+01	2.2845552416e+00	2.2088145069e+00	1.0498620393e+01
6.3240000000e+02	-1.5000000000e+00	9.0959944234e+00	5.8533302352e+01	2.2845552413e+00	2.2090743027e+00	1.0535994423e+01
6.3260000000e+02	-1.5000000000e+00	9.1331356168e+00	5.8739642316e+01	2.2845552410e+00	2.2093307203e+00	1.0573135617e+01
6.3280000000e+02	-1.5000000000e+00	9.1700454866e+00	5.8944697148e+01	2.2845552408e+00	2.2095838209e+00	1.0610045487e+01
6.3300000000e+02	-1.5000000000e+00	9.2067255346e+00	5.9148475192e+01	2.2845552406e+00	2.2098336638e+00	1.0646725535e+01
6.3320000000e+02	-1.5000000000e+00	9.2431772514e+00	5.9350984730e+01	2.2845552404e+00	2.2100803073e+00	1.0683177251e+01
6.3340000000e+02	-1.5000000000e+00	9.2794021169e+00	5.9552233983e+01	2.2845552402e+00	2.2103238081e+00	1.0719402117e+01
6.3360000000e+02	-1.5000000000e+00	9.3154015997e+00	5.9752231109e+01	2.2845552401e+00	2.2105642215e+00	1.0755401600e+01
6.3380000000e+02	-1.5000000000e+00	9.3511771580e+00	5.9950984211e+01	2.2845552400e+00	2.2108016017e+00	1.0791177158e+01
6.3400000000e+02	-1.5000000000e+00	9.3867302392e+00	6.0148501329e+01	2.2845552398e+00	2.2110360015e+00	1.0826730239e+01
6.3420000000e+02	-1.5000000000e+00	9.4220622802e+00	6.0344790446e+01	2.2845552397e+00	2.2112674727e+00	1.0862062280e+01
6.3440000000e+02	-1.5000000000e+00	9.4571747075e+00	6.0539859486e+01	2.2845552397e+00	2.2114960656e+00	1.0897174708e+01
6.3460000000e+02	-1.5000000000e+00	9.4920689373e+00	6.0733716318e+01	2.2845552396e+00	2.2117218296e+00	1.0932068937e+01
6.3480000000e+02	-1.5000000000e+00	9.5267463755e+00	6.0926368753e+01	2.2845552395e+00	2.2119448129e+00	1.0966746376e+01
6.3500000000e+02	-1.5000000000e+00	9.5612084179e+00	6.1117824544e+01	2.2845552395e+00	2.2121650626e+00	1.1001208418e+01
6.3520000000e+02	-1.5000000000e+00	9.5954564503e+00	6.1308091390e+01	2.2845552394e+00	2.2123826248e+00	1.1035456450e+01
6.3540000000e+02	-1.5000000000e+00	9.6294918485e+00	6.1497176936e+01	2.2845552394e+00	2.2125975446e+00	1.1069491848e+01
6.3560000000e+02	-1.5000000000e+00	9.6633159786e+00	6.1685088770e+01	2.2845552393e+00	2.2128098659e+00	1.1103315979e+01
6.3580000000e+02	-1.5000000000e+00	9.6969301969e+00	6.1871834427e+01	2.2845552393e+00	2.2130196318e+00	1.1136930197e+01
6.3600000000e+02	-1.5000000000e+00	9.7303358500e+00	6.2057421389e+01	2.2845552393e+00	2.2132268845e+00	1.1170335850e+01
6.3620000000e+02	-1.5000000000e+00	9.7635342751e+00	6.2241857084e+01	2.2845552392e+00	2.2134316652e+00	1.1203534275e+01
6.3640000000e+02	-1.5000000000e+00	9.7965267998e+00	6.2425148888e+01	2.2845552392e+00	2.2136340142e+00	1.1236526800e+01
6.3660000000e+02	-1.5000000000e+00	9.8293147424e+00	6.2607304124e+01	2.2845552392e+00	2.2138339711e+00	1.1269314742e+01
6.3680000000e+02	-1.5000000000e+00	9.8618994118e+00	6.2788330065e+01	2.2845552392e+00	2.2140315743e+00	1.1301899412e+01
6.3700000000e+02	-1.5000000000e+00	9.8942821078e+00	6.2968233932e+01	2.2845552392e+00	2.2142268617e+00	1.1334282108e+01
6.3720000000e+02	-1.5000000000e+00	9.9264641211e+00	6.3147022895e+01	2.2845552392e+00	2.2144198703e+00	1.1366464121e+01
6.3740000000e+02	-1.5000000000e+00	9.9584467334e+00	6.3324704074e+01	2.2845552391e+00	2.2146106364e+00	1.1398446733e+01
6.3760000000e+02	-1.5000000000e+00	9.9902312173e+00	6.3501284540e+01	2.2845552391e+00	2.2147991953e+00	1.1430231217e+01
6.3780000000e+02	-1.5000000000e+00	1.0021818837e+01	6.3676771314e+01	2.2845552391e+00	2.2149855817e+00	1.1461818837e+01
6.3800000000e+02	-1.5000000000e+00	1.0053210846e+01	6.3851171368e+01	2.2845552391e+00	2.2151698298e+00	1.1493210846e+01
6.3820000000e+02	-1.5000000000e+00	1.0084408493e+01	6.4024491626e+01	2.2845552391e+00	2.2153519728e+00	1.1524408493e+01
6.3840000000e+02	-1.5000000000e+00	1.0115413013e+01	6.4196738963e+01	2.2845552391e+00	2.2155320433e+00	1.1555413013e+01
6.3860000000e+02	-1.5000000000e+00	1.0146225638e+01	6.4367920209e+01	2.2845552391e+00	2.2157100732e+00	1.1586225638e+01
6.3880000000e+02	-1.5000000000e+00	1.0176847586e+01	6.4538042144e+01	2.2845552391e+00	2.2158860939e+00	1.1616847586e+01
6.3900000000e+02	-1.5000000000e+00	1.0207280070e+01	6.4707111503e+01	2.2845552391e+00	2.2160601360e+00	1.1647280070e+01
6.3920000000e+02	-1.5000000000e+00	1.0237524295e+01	6.4875134973e+01	2.2845552391e+00	2.2162322296e+00	1.1677524295e+01
6.3940000000e+02	-1.5000000000e+00	1.0267581456e+01	6.5042119198e+01	2.2845552391e+00	2.2164024042e+00	1.1707581456e+01
6.3960000000e+02	-1.5000000000e+00	1.0297452739e+01	6.5208070772e+01	2.2845552391e+00	2.2165706886e+00	1.1737452739e+01
6.3980000000e+02	-1.5000000000e+00	1.0327139325e+01	6.5372996249e+01	2.2845552391e+00	2.2167371112e+00	1.1767139325e+01
6.4000000000e+02	-1.5000000000e+00	1.0356642384e+01	6.5536902134e+01	2.2845552391e+00	2.2169016996e+00	1.1796642384e+01
6.4020000000e+02	-1.5000000000e+00	1.0385963080e+01	6.5699794890e+01	2.2845552391e+00	2.2170644810e+00	1.1825963080e+01
6.4040000000e+02	-1.5000000000e+00	1.0415102568e+01	6.5861680935e+01	2.2845552391e+00	2.2172254822e+00	1.1855102568e+01
6.4060000000e+02	-1.5000000000e+00	1.0444061996e+01	6.6022566644e+01	2.2845552391e+00	2.2173847293e+00	1.1884061996e+01
6.4080000000e+02	-1.5000000000e+00	1.0472842503e+01	6.6182458347e+01	2.2845552391e+00	2.2175422479e+00	1.1912842503e+01
6.4100000000e+02	-1.5000000000e+00	1.0501445220e+01	6.6341362334e+01	2.2845552391e+00	2.2176980632e+00	1.1941445220e+01
6.4120000000e+02	-1.5000000000e+00	1.0529871273e+01	6.6499284849e+01	2.2845552391e+00	2.2178521999e+00	1.1969871273e+01
6.4140000000e+02	-1.5000000000e+00	1.0558121777e+01	6.6656232096e+01	2.2845552391e+00	2.2180046822e+00	1.1998121777e+01
6.4160000000e+02	-1.5000000000e+00	1.0586197843e+01	6.6812210238e+01	2.2845552391e+00	2.2181555338e+00	1.2026197843e+01
6.4180000000e+02	-1.5000000000e+00	1.0614100571e+01	6.6967225393e+01	2.2845552391e+00	2.2183047780e+00	1.2054100571e+01
6.4200000000e+02	-1.5000000000e+00	1.0641831055e+01	6.7121283641e+01	2.2845552391e+00	2.2184524378e+00	1.2081831055e+01
6.4220000000e+02	-1.5000000000e+00	1.0669390384e+01	6.7274391020e+01	2.2845552391e+00	2.2185985354e+00	1.2109390384e+01
6.4240000000e+02	-1.5000000000e+00	1.0696779635e+01	6.7426553527e+01	2.2845552391e+00	2.2187430931e+00	1.2136779635e+01
6.4260000000e+02	-1.5000000000e+00	1.0723999882e+01	6.7577777120e+01	2.2845552391e+00	2.2188861322e+00	1.2163999882e+01
6.4280000000e+02	-1.5000000000e+00	1.0751052189e+01	6.7728067715e+01	2.2845552391e+00	2.2190276742e+00	1.2191052189e+01
6.4300000000e+02	-1.5000000000e+00	1.0777937614e+01	6.7877431190e+01	2.2845552391e+00	2.2191677398e+00	1.2217937614e+01
6.4320000000e+02	-1.5000000000e+00	1.0804657209e+01	6.8025873384e+01	2.2845552391e+00	2.2193063495e+00	1.2244657209e+01
6.4340000000e+02	-1.5000000000e+00	1.0831212017e+01	6.8173400096e+01	2.2845552391e+00	2.2194435233e+00	1.2271212017e+01
6.4360000000e+02	-1.5000000000e+00	1.0857603076e+01	6.8320017087e+01	2.2845552391e+00	2.2195792810e+00	1.2297603076e+01
6.4380000000e+02	-1.5000000000e+00	1.0883831414e+01	6.8465730080e+01	2.2845552391e+00	2.2197136420e+00	1.2323831414e+01
6.4400000000e+02	-1.5000000000e+00	1.0909898056e+01	6.8610544758e+01	2.2845552391e+00	2.2198466252e+00	1.2349898056e+01
6.4420000000e+02	-1.5000000000e+00	1.0935804018e+01	6.8754466769e+01	2.2845552391e+00	2.2199782493e+00	1.2375804018e+01
6.4440000000e+02	-1.5000000000e+00	1.0961550310e+01	6.8897501721e+01	2.2845552391e+00	2.2201085327e+00	1.2401550310e+01
6.4460000000e+02	-1.5000000000e+00	1.0987137934e+01	6.9039655186e+01	2.2845552391e+00	2.2202374933e+00	1.2427137934e+01
6.4480000000e+02	-1.5000000000e+00	1.1012567886e+01	6.9180932700e+01	2.2845552391e+00	2.2203651490e+00	1.2452567886e+01
6.4500000000e+02	-1.5000000000e+00	1.1037841157e+01	6.9321339761e+01	2.2845552391e+00	2.2204915171e+00	1.2477841157e+01
6.4520000000e+02	-1.5000000000e+00	1.1062958730e+01	6.9460881831e+01	2.2845552391e+00	2.2206166147e+00	1.2502958730e+01
6.4540000000e+02	-1.5000000000e+00	1.1087921580e+01	6.9599564336e+01	2.2845552391e+00	2.2207404586e+00	1.2527921580e+01
6.4560000000e+02	-1.5000000000e+00	1.1112730680e+01	6.9737392666e+01	2.2845552391e+00	2.2208630653e+00	1.2552730680e+01
6.4580000000e+02	-1.5000000000e+00	1.1137386992e+01	6.9874372177e+01	2.2845552391e+00	2.2209844510e+00	1.2577386992e+01
6.4600000000e+02	-1.5000000000e+00	1.1161891474e+01	7.0010508187e+01	2.2845552391e+00	2.2211046317e+00	1.2601891474e+01
6.4620000000e+02	-1.5000000000e+00	1.1186245077e+01	7.0145805981e+01	2.2845552391e+00	2.2212236231e+00	1.2626245077e+01
6.4640000000e+02	-1.5000000000e+00	1.1210448746e+01	7.0280270810e+01	2.2845552391e+00	2.2213414405e+00	1.2650448746e+01
6.4660000000e+02	-1.5000000000e+00	1.1234503420e+01	7.0413907888e+01	2.2845552391e+00	2.2214580991e+00	1.2674503420e+01
6.4680000000e+02	-1.5000000000e+00	1.1258410031e+01	7.0546722397e+01	2.2845552391e+00	2.2215736139e+00	1.2698410031e+01
6.4700000000e+02	-1.5000000000e+00	1.1282169507e+01	7.0678719484e+01	2.2845552391e+00	2.2216879994e+00	1.2722169507e+01
6.4720000000e+02	-1.5000000000e+00	1.1305782767e+01	7.0809904263e+01	2.2845552391e+00	2.2218012700e+00	1.2745782767e+01
6.4740000000e+02	-1.5000000000e+00	1.1329250726e+01	7.0940281813e+01	2.2845552391e+00	2.2219134400e+00	1.2769250726e+01
6.4760000000e+02	-1.5000000000e+00	1.1352574293e+01	7.1069857182e+01	2.2845552391e+00	2.2220245232e+00	1.2792574293e+01
6.4780000000e+02	-1.5000000000e+00	1.1375754369e+01	7.1198635383e+01	2.2845552391e+00	2.2221345333e+00	1.2815754369e+01
6.4800000000e+02	-1.5000000000e+00	1.1398791852e+01	7.1326621399e+01	2.2845552391e+00	2.2222434839e+00	1.2838791852e+01
6.4820000000e+02	-1.5000000000e+00	1.1421687632e+01	7.1453820177e+01	2.2845552391e+00	2.2223513882e+00	1.2861687632e+01
6.4840000000e+02	-1.5000000000e+00	1.1444442594e+01	7.1580236635e+01	2.2845552391e+00	2.2224582591e+00	1.2884442594e+01
6.4860000000e+02	-1.5000000000e+00	1.1467057618e+01	7.1705875657e+01	2.2845552391e+00	2.2225641096e+00	1.2907057618e+01
6.4880000000e+02	-1.5000000000e+00	1.1489533577e+01	7.1830742095e+01	2.2845552391e+00	2.2226689523e+00	1.2929533577e+01
6.4900000000e+02	-1.5000000000e+00	1.1511871339e+01	7.1954840772e+01	2.2845552391e+00	2.2227727995e+00	1.2951871339e+01
6.4920000000e+02	-1.5000000000e+00	1.1534071766e+01	7.2078176478e+01	2.2845552391e+00	2.2228756636e+00	1.2974071766e+01
6.4940000000e+02	-1.5000000000e+00	1.1556135715e+01	7.2200753970e+01	2.2845552391e+00	2.2229775564e+00	1.2996135715e+01
6.4960000000e+02	-1.5000000000e+00	1.1578064036e+01	7.2322577979e+01	2.2845552391e+00	2.2230784900e+00	1.3018064036e+01
6.4980000000e+02	-1.5000000000e+00	1.1599857576e+01	7.2443653199e+01	2.2845552391e+00	2.2231784758e+00	1.3039857576e+01
6.5000000000e+02	-1.5000000000e+00	1.1621517174e+01	7.2563984300e+01	2.2845552391e+00	2.2232775254e+00	1.3061517174e+01
6.5020000000e+02	-1.5000000000e+00	1.1643043665e+01	7.2683575918e+01	2.2845552391e+00	2.2233756501e+00	1.3083043665e+01
6.5040000000e+02	-1.5000000000e+00	1.1664437879e+01	7.2802432660e+01	2.2845552391e+00	2.2234728609e+00	1.3104437879e+01
6.5060000000e+02	-1.5000000000e+00	1.1685700639e+01	7.2920559103e+01	2.2845552391e+00	2.2235691688e+00	1.3125700639e+01
6.5080000000e+02	-1.5000000000e+00	1.1706832763e+01	7.3037959794e+01	2.2845552391e+00	2.2236645846e+00	1.3146832763e+01
6.5100000000e+02	-1.5000000000e+00	1.1727835065e+01	7.3154639253e+01	2.2845552391e+00	2.2237591189e+00	1.3167835065e+01
6.5120000000e+02	-1.5000000000e+00	1.1748708354e+01	7.3270601967e+01	2.2845552391e+00	2.2238527821e+00	1.3188708354e+01
6.5140000000e+02	-1.5000000000e+00	1.1769453432e+01	7.3385852398e+01	2.2845552391e+00	2.2239455844e+00	1.3209453432e+01
6.5160000000e+02	-1.5000000000e+00	1.1790071096e+01	7.3500394977e+01	2.2845552391e+00	2.2240375361e+00	1.3230071096e+01
6.5180000000e+02	-1.5000000000e+00	1.1810562139e+01	7.3614234107e+01	2.2845552391e+00	2.2241286470e+00	1.3250562139e+01
6.5200000000e+02	-1.5000000000e+00	1.1830927349e+01	7.3727374163e+01	2.2845552391e+00	2.2242189270e+00	1.3270927349e+01
6.5220000000e+02	-1.5000000000e+00	1.1851167508e+01	7.3839819490e+01	2.2845552391e+00	2.2243083858e+00	1.3291167508e+01
6.5240000000e+02	-1.5000000000e+00	1.1871283394e+01	7.3951574409e+01	2.2845552391e+00	2.2243970328e+00	1.3311283394e+01
6.5260000000e+02	-1.5000000000e+00	1.1891275778e+01	7.4062643210e+01	2.2845552391e+00	2.2244848775e+00	1.3331275778e+01
6.5280000000e+02	-1.5000000000e+00	1.1911145428e+01	7.4173030156e+01	2.2845552391e+00	2.2245719291e+00	1.3351145428e+01
6.5300000000e+02	-1.5000000000e+00	1.1930893107e+01	7.4282739484e+01	2.2845552391e+00	2.2246581967e+00	1.3370893107e+01
6.5320000000e+02	-1.5000000000e+00	1.1950519572e+01	7.4391775402e+01	2.2845552391e+00	2.2247436893e+00	1.3390519572e+01
6.5340000000e+02	-1.5000000000e+00	1.1970025577e+01	7.4500142093e+01	2.2845552391e+00	2.2248284156e+00	1.3410025577e+01
6.5360000000e+02	-1.5000000000e+00	1.1989411868e+01	7.4607843712e+01	2.2845552391e+00	2.2249123845e+00	1.3429411868e+01
6.5380000000e+02	-1.5000000000e+00	1.2008679190e+01	7.4714884387e+01	2.2845552391e+00	2.2249956045e+00	1.3448679190e+01
6.5400000000e+02	-1.5000000000e+00	1.2027828280e+01	7.4821268220e+01	2.2845552391e+00	2.2250780841e+00	1.3467828280e+01
6.5420000000e+02	-1.5000000000e+00	1.2046859872e+01	7.4926999289e+01	2.2845552391e+00	2.2251598315e+00	1.3486859872e+01
6.5440000000e+02	-1.5000000000e+00	1.2065774696e+01	7.5032081642e+01	2.2845552391e+00	2.2252408550e+00	1.3505774696e+01
6.5460000000e+02	-1.5000000000e+00	1.2084573475e+01	7.5136519304e+01	2.2845552391e+00	2.2253211627e+00	1.3524573475e+01
6.5480000000e+02	-1.5000000000e+00	1.2103256929e+01	7.5240316274e+01	2.2845552391e+00	2.2254007625e+00	1.3543256929e+01
6.5500000000e+02	-1.5000000000e+00	1.2121825774e+01	7.5343476524e+01	2.2845552391e+00	2.2254796624e+00	1.3561825774e+01
6.5520000000e+02	-1.5000000000e+00	1.2140280720e+01	7.5446004002e+01	2.2845552391e+00	2.2255578700e+00	1.3580280720e+01
6.5540000000e+02	-1.5000000000e+00	1.2158622474e+01	7.5547902631e+01	2.2845552391e+00	2.2256353931e+00	1.3598622474e+01
6.5560000000e+02	-1.5000000000e+00	1.2176851736e+01	7.5649176308e+01	2.2845552391e+00	2.2257122391e+00	1.3616851736e+01
6.5580000000e+02	-1.5000000000e+00	1.2194969203e+01	7.5749828907e+01	2.2845552391e+00	2.2257884155e+00	1.3634969203e+01
6.5600000000e+02	-1.5000000000e+00	1.2212975569e+01	7.5849864274e+01	2.2845552391e+00	2.2258639296e+00	1.3652975569e+01
6.5620000000e+02	-1.5000000000e+00	1.2230871522e+01	7.5949286234e+01	2.2845552391e+00	2.2259387886e+00	1.3670871522e+01
6.5640000000e+02	-1.5000000000e+00	1.2248657745e+01	7.6048098586e+01	2.2845552391e+00	2.2260129996e+00	1.3688657745e+01
6.5660000000e+02	-1.5000000000e+00	1.2266334919e+01	7.6146305105e+01	2.2845552391e+00	2.2260865697e+00	1.3706334919e+01
6.5680000000e+02	-1.5000000000e+00	1.2283903718e+01	7.6243909543e+01	2.2845552391e+00	2.2261595057e+00	1.3723903718e+01
6.5700000000e+02	-1.5000000000e+00	1.2301364813e+01	7.6340915627e+01	2.2845552391e+00	2.2262318146e+00	1.3741364813e+01
6.5720000000e+02	-1.5000000000e+00	1.2318718871e+01	7.6437327061e+01	2.2845552391e+00	2.2263035029e+00	1.3758718871e+01
6.5740000000e+02	-1.5000000000e+00	1.2335966554e+01	7.6533147524e+01	2.2845552391e+00	2.2263745775e+00	1.3775966554e+01
6.5760000000e+02	-1.5000000000e+00	1.2353108521e+01	7.6628380675e+01	2.2845552391e+00	2.2264450448e+00	1.3793108521e+01
6.5780000000e+02	-1.5000000000e+00	1.2370145426e+01	7.6723030146e+01	2.2845552391e+00	2.2265149112e+00	1.3810145426e+01
6.5800000000e+02	-1.5000000000e+00	1.2387077919e+01	7.6817099548e+01	2.2845552391e+00	2.2265841832e+00	1.3827077919e+01
6.5820000000e+02	-1.5000000000e+00	1.2403906645e+01	7.6910592470e+01	2.2845552391e+00	2.2266528671e+00	1.3843906645e+01
6.5840000000e+02	-1.5000000000e+00	1.2420632246e+01	7.7003512476e+01	2.2845552391e+00	2.2267209690e+00	1.3860632246e+01
6.5860000000e+02	-1.5000000000e+00	1.2437255360e+01	7.7095863110e+01	2.2845552391e+00	2.2267884950e+00	1.3877255360e+01
6.5880000000e+02	-1.5000000000e+00	1.2453776620e+01	7.7187647891e+01	2.2845552391e+00	2.2268554513e+00	1.3893776620e+01
6.5900000000e+02	-1.5000000000e+00	1.2470196657e+01	7.7278870317e+01	2.2845552391e+00	2.2269218437e+00	1.3910196657e+01
6.5920000000e+02	-1.5000000000e+00	1.2486516096e+01	7.7369533864e+01	2.2845552391e+00	2.2269876781e+00	1.3926516096e+01
6.5940000000e+02	-1.5000000000e+00	1.2502735558e+01	7.7459641987e+01	2.2845552391e+00	2.2270529604e+00	1.3942735558e+01
6.5960000000e+02	-1.5000000000e+00	1.2518855661e+01	7.7549198117e+01	2.2845552391e+00	2.2271176962e+00	1.3958855661e+01
6.5980000000e+02	-1.5000000000e+00	1.2534877020e+01	7.7638205664e+01	2.2845552391e+00	2.2271818912e+00	1.3974877020e+01
6.6000000000e+02	-1.5000000000e+00	1.2550800243e+01	7.7726668018e+01	2.2845552391e+00	2.2272455510e+00	1.3990800243e+01
6.6020000000e+02	-1.5000000000e+00	1.2566625938e+01	7.7814588547e+01	2.2845552391e+00	2.2273086810e+00	1.4006625938e+01
6.6040000000e+02	-1.5000000000e+00	1.2582354707e+01	7.7901970595e+01	2.2845552391e+00	2.2273712867e+00	1.4022354707e+01
6.6060000000e+02	-1.5000000000e+00	1.2597987148e+01	7.7988817490e+01	2.2845552391e+00	2.2274333735e+00	1.4037987148e+01
6.6080000000e+02	-1.5000000000e+00	1.2613523856e+01	7.8075132534e+01	2.2845552391e+00	2.2274949466e+00	1.4053523856e+01
6.6100000000e+02	-1.5000000000e+00	1.2628965422e+01	7.8160919012e+01	2.2845552391e+00	2.2275560113e+00	1.4068965422e+01
6.6120000000e+02	-1.5000000000e+00	1.2644312433e+01	7.8246180185e+01	2.2845552391e+00	2.2276165727e+00	1.4084312433e+01
6.6140000000e+02	-1.5000000000e+00	1.2659565474e+01	7.8330919298e+01	2.2845552391e+00	2.2276766359e+00	1.4099565474e+01
6.6160000000e+02	-1.5000000000e+00	1.2674725123e+01	7.8415139570e+01	2.2845552391e+00	2.2277362060e+00	1.4114725123e+01
6.6180000000e+02	-1.5000000000e+00	1.2689791957e+01	7.8498844204e+01	2.2845552391e+00	2.2277952877e+00	1.4129791957e+01
6.6200000000e+02	-1.5000000000e+00	1.2704766549e+01	7.8582036382e+01	2.2845552391e+00	2.2278538862e+00	1.4144766549e+01
6.6220000000e+02	-1.5000000000e+00	1.2719649467e+01	7.8664719264e+01	2.2845552391e+00	2.2279120062e+00	1.4159649467e+01
6.6240000000e+02	-1.5000000000e+00	1.2734441279e+01	7.8746895992e+01	2.2845552391e+00	2.2279696524e+00	1.4174441279e+01
6.6260000000e+02	-1.5000000000e+00	1.2749142544e+01	7.8828569688e+01	2.2845552391e+00	2.2280268297e+00	1.4189142544e+01
6.6280000000e+02	-1.5000000000e+00	1.2763753822e+01	7.8909743455e+01	2.2845552391e+00	2.2280835425e+00	1.4203753822e+01
6.6300000000e+02	-1.5000000000e+00	1.2778275667e+01	7.8990420374e+01	2.2845552391e+00	2.2281397956e+00	1.4218275667e+01
6.6320000000e+02	-1.5000000000e+00	1.2792708632e+01	7.9070603510e+01	2.2845552391e+00	2.2281955935e+00	1.4232708632e+01
6.6340000000e+02	-1.5000000000e+00	1.2807053263e+01	7.9150295906e+01	2.2845552391e+00	2.2282509406e+00	1.4247053263e+01
6.6360000000e+02	-1.5000000000e+00	1.2821310106e+01	7.9229500588e+01	2.2845552391e+00	2.2283058414e+00	1.4261310106e+01
6.6380000000e+02	-1.5000000000e+00	1.2835479701e+01	7.9308220561e+01	2.2845552391e+00	2.2283603003e+00	1.4275479701e+01
6.6400000000e+02	-1.5000000000e+00	1.2849562586e+01	7.9386458814e+01	2.2845552391e+00	2.2284143215e+00	1.4289562586e+01
6.6420000000e+02	-1.5000000000e+00	1.2863559296e+01	7.9464218313e+01	2.2845552391e+00	2.2284679093e+00	1.4303559296e+01
6.6440000000e+02	-1.5000000000e+00	1.2877470362e+01	7.9541502010e+01	2.2845552391e+00	2.2285210679e+00	1.4317470362e+01
6.6460000000e+02	-1.5000000000e+00	1.2891296310e+01	7.9618312836e+01	2.2845552391e+00	2.2285738016e+00	1.4331296310e+01
6.6480000000e+02	-1.5000000000e+00	1.2905037667e+01	7.9694653704e+01	2.2845552391e+00	2.2286261143e+00	1.4345037667e+01
6.6500000000e+02	-1.5000000000e+00	1.2918694951e+01	7.9770527508e+01	2.2845552391e+00	2.2286780102e+00	1.4358694951e+01
6.6520000000e+02	-1.5000000000e+00	1.2932268683e+01	7.9845937125e+01	2.2845552391e+00	2.2287294933e+00	1.4372268683e+01
6.6540000000e+02	-1.5000000000e+00	1.2945759375e+01	7.9920885415e+01	2.2845552391e+00	2.2287805675e+00	1.4385759375e+01
6.6560000000e+02	-1.5000000000e+00	1.2959167539e+01	7.9995375217e+01	2.2845552391e+00	2.2288312368e+00	1.4399167539e+01
6.6580000000e+02	-1.5000000000e+00	1.2972493684e+01	8.0069409356e+01	2.2845552391e+00	2.2288815049e+00	1.4412493684e+01
6.6600000000e+02	-1.5000000000e+00	1.2985738314e+01	8.0142990635e+01	2.2845552391e+00	2.2289313758e+00	1.4425738314e+01
6.6620000000e+02	-1.5000000000e+00	1.2998901932e+01	8.0216121844e+01	2.2845552391e+00	2.2289808532e+00	1.4438901932e+01
6.6640000000e+02	-1.5000000000e+00	1.3011985035e+01	8.0288805752e+01	2.2845552391e+00	2.2290299409e+00	1.4451985035e+01
6.6660000000e+02	-1.5000000000e+00	1.3024988120e+01	8.0361045113e+01	2.2845552391e+00	2.2290786424e+00	1.4464988120e+01
6.6680000000e+02	-1.5000000000e+00	1.3037911679e+01	8.0432842663e+01	2.2845552391e+00	2.2291269616e+00	1.4477911679e+01
6.6700000000e+02	-1.5000000000e+00	1.3050756202e+01	8.0504201120e+01	2.2845552391e+00	2.2291749019e+00	1.4490756202e+01
6.6720000000e+02	-1.5000000000e+00	1.3063522174e+01	8.0575123187e+01	2.2845552391e+00	2.2292224669e+00	1.4503522174e+01
6.6740000000e+02	-1.5000000000e+00	1.3076210079e+01	8.0645611548e+01	2.2845552391e+00	2.2292696602e+00	1.4516210079e+01
6.6760000000e+02	-1.5000000000e+00	1.3088820397e+01	8.0715668871e+01	2.2845552391e+00	2.2293164851e+00	1.4528820397e+01
6.6780000000e+02	-1.5000000000e+00	1.3101353605e+01	8.0785297808e+01	2.2845552391e+00	2.2293629453e+00	1.4541353605e+01
6.6800000000e+02	-1.5000000000e+00	1.3113810179e+01	8.0854500995e+01	2.2845552391e+00	2.2294090439e+00	1.4553810179e+01
6.6820000000e+02	-1.5000000000e+00	1.3126190589e+01	8.0923281049e+01	2.2845552391e+00	2.2294547845e+00	1.4566190589e+01
6.6840000000e+02	-1.5000000000e+00	1.3138495303e+01	8.0991640573e+01	2.2845552391e+00	2.2295001703e+00	1.4578495303e+01
6.6860000000e+02	-1.5000000000e+00	1.3150724788e+01	8.1059582153e+01	2.2845552391e+00	2.2295452046e+00	1.4590724788e+01
6.6880000000e+02	-1.5000000000e+00	1.3162879505e+01	8.1127108359e+01	2.2845552391e+00	2.2295898906e+00	1.4602879505e+01
6.6900000000e+02	-1.5000000000e+00	1.3174959914e+01	8.1194221745e+01	2.2845552391e+00	2.2296342315e+00	1.4614959914e+01
6.6920000000e+02	-1.5000000000e+00	1.3186966473e+01	8.1260924849e+01	2.2845552391e+00	2.2296782306e+00	1.4626966473e+01
6.6940000000e+02	-1.5000000000e+00	1.3198899635e+01	8.1327220193e+01	2.2845552391e+00	2.2297218909e+00	1.4638899635e+01
6.6960000000e+02	-1.5000000000e+00	1.3210759851e+01	8.1393110283e+01	2.2845552391e+00	2.2297652155e+00	1.4650759851e+01
6.6980000000e+02	-1.5000000000e+00	1.3222547570e+01	8.1458597611e+01	2.2845552391e+00	2.2298082075e+00	1.4662547570e+01
6.7000000000e+02	-1.5000000000e+00	1.3234263237e+01	8.1523684651e+01	2.2845552391e+00	2.2298508699e+00	1.4674263237e+01
6.7020000000e+02	-1.5000000000e+00	1.3245907296e+01	8.1588373865e+01	2.2845552391e+00	2.2298932057e+00	1.4685907296e+01
6.7040000000e+02	-1.5000000000e+00	1.3257480185e+01	8.1652667695e+01	2.2845552391e+00	2.2299352179e+00	1.4697480185e+01
6.7060000000e+02	-1.5000000000e+00	1.3268982343e+01	8.1716568572e+01	2.2845552391e+00	2.2299769094e+00	1.4708982343e+01
6.7080000000e+02	-1.5000000000e+00	1.3280414204e+01	8.1780078911e+01	2.2845552391e+00	2.2300182831e+00	1.4720414204e+01
6.7100000000e+02	-1.5000000000e+00	1.3291776200e+01	8.1843201109e+01	2.2845552391e+00	2.2300593418e+00	1.4731776200e+01
6.7120000000e+02	-1.5000000000e+00	1.3303068760e+01	8.1905937553e+01	2.2845552391e+00	2.2301000883e+00	1.4743068760e+01
6.7140000000e+02	-1.5000000000e+00	1.3314292310e+01	8.1968290611e+01	2.2845552391e+00	2.2301405255e+00	1.4754292310e+01
6.7160000000e+02	-1.5000000000e+00	1.3325447275e+01	8.2030262638e+01	2.2845552391e+00	2.2301806562e+00	1.4765447275e+01
6.7180000000e+02	-1.5000000000e+00	1.3336534075e+01	8.2091855974e+01	2.2845552391e+00	2.2302204830e+00	1.4776534075e+01
6.7200000000e+02	-1.5000000000e+00	1.3347553130e+01	8.2153072946e+01	2.2845552391e+00	2.2302600087e+00	1.4787553130e+01
6.7220000000e+02	-1.5000000000e+00	1.3358504855e+01	8.2213915864e+01	2.2845552391e+00	2.2302992360e+00	1.4798504855e+01
6.7240000000e+02	-1.5000000000e+00	1.3369389664e+01	8.2274387024e+01	2.2845552391e+00	2.2303381674e+00	1.4809389664e+01
6.7260000000e+02	-1.5000000000e+00	1.3380207968e+01	8.2334488711e+01	2.2845552391e+00	2.2303768057e+00	1.4820207968e+01
6.7280000000e+02	-1.5000000000e+00	1.3390960174e+01	8.2394223191e+01	2.2845552391e+00	2.2304151533e+00	1.4830960174e+01
6.7300000000e+02	-1.5000000000e+00	1.3401646690e+01	8.2453592720e+01	2.2845552391e+00	2.2304532130e+00	1.4841646690e+01
6.7320000000e+02	-1.5000000000e+00	1.3412267917e+01	8.2512599538e+01	2.2845552391e+00	2.2304909871e+00	1.4852267917e+01
6.7340000000e+02	-1.5000000000e+00	1.3422824257e+01	8.2571245871e+01	2.2845552391e+00	2.2305284782e+00	1.4862824257e+01
6.7360000000e+02	-1.5000000000e+00	1.3433316108e+01	8.2629533931e+01	2.2845552391e+00	2.2305656888e+00	1.4873316108e+01
6.7380000000e+02	-1.5000000000e+00	1.3443743865e+01	8.2687465919e+01	2.2845552391e+00	2.2306026213e+00	1.4883743865e+01
6.7400000000e+02	-1.5000000000e+00	1.3454107923e+01	8.2745044018e+01	2.2845552391e+00	2.2306392782e+00	1.4894107923e+01
6.7420000000e+02	-1.5000000000e+00	1.3464408672e+01	8.2802270401e+01	2.2845552391e+00	2.2306756618e+00	1.4904408672e+01
6.7440000000e+02	-1.5000000000e+00	1.3474646501e+01	8.2859147226e+01	2.2845552391e+00	2.2307117746e+00	1.4914646501e+01
6.7460000000e+02	-1.5000000000e+00	1.3484821795e+01	8.2915676637e+01	2.2845552391e+00	2.2307476189e+00	1.4924821795e+01
6.7480000000e+02	-1.5000000000e+00	1.3494934938e+01	8.2971860767e+01	2.2845552391e+00	2.2307831969e+00	1.4934934938e+01
6.7500000000e+02	-1.5000000000e+00	1.3504986312e+01	8.3027701733e+01	2.2845552391e+00	2.2308185111e+00	1.4944986312e+01
6.7520000000e+02	-1.5000000000e+00	1.3514976295e+01	8.3083201641e+01	2.2845552391e+00	2.2308535636e+00	1.4954976295e+01
6.7540000000e+02	-1.5000000000e+00	1.3524905265e+01	8.3138362583e+01	2.2845552391e+00	2.2308883568e+00	1.4964905265e+01
6.7560000000e+02	-1.5000000000e+00	1.3534773595e+01	8.3193186638e+01	2.2845552391e+00	2.2309228929e+00	1.4974773595e+01
6.7580000000e+02	-1.5000000000e+00	1.3544581657e+01	8.3247675873e+01	2.2845552391e+00	2.2309571740e+00	1.4984581657e+01
6.7600000000e+02	-1.5000000000e+00	1.3554329821e+01	8.3301832341e+01	2.2845552391e+00	2.2309912024e+00	1.4994329821e+01
6.7620000000e+02	-1.5000000000e+00	1.3564018455e+01	8.3355658082e+01	2.2845552391e+00	2.2310249801e+00	1.5004018455e+01
6.7640000000e+02	-1.5000000000e+00	1.3573647923e+01	8.3409155126e+01	2.2845552391e+00	2.2310585095e+00	1.5013647923e+01
6.7660000000e+02	-1.5000000000e+00	1.3583218588e+01	8.3462325487e+01	2.2845552391e+00	2.2310917924e+00	1.5023218588e+01
6.7680000000e+02	-1.5000000000e+00	1.3592730810e+01	8.3515171168e+01	2.2845552391e+00	2.2311248312e+00	1.5032730810e+01
6.7700000000e+02	-1.5000000000e+00	1.3602184949e+01	8.3567694162e+01	2.2845552391e+00	2.2311576277e+00	1.5042184949e+01
6.7720000000e+02	-1.5000000000e+00	1.3611581360e+01	8.3619896445e+01	2.2845552391e+00	2.2311901841e+00	1.5051581360e+01
6.7740000000e+02	-1.5000000000e+00	1.3620920397e+01	8.3671779984e+01	2.2845552391e+00	2.2312225024e+00	1.5060920397e+01
6.7760000000e+02	-1.5000000000e+00	1.3630202412e+01	8.3723346733e+01	2.2845552391e+00	2.2312545847e+00	1.5070202412e+01
6.7780000000e+02	-1.5000000000e+00	1.3639427754e+01	8.3774598635e+01	2.2845552391e+00	2.2312864328e+00	1.5079427754e+01
6.7800000000e+02	-1.5000000000e+00	1.3648596771e+01	8.3825537618e+01	2.2845552391e+00	2.2313180488e+00	1.5088596771e+01
6.7820000000e+02	-1.5000000000e+00	1.3657709808e+01	8.3876165601e+01	2.2845552391e+00	2.2313494346e+00	1.5097709808e+01
6.7840000000e+02	-1.5000000000e+00	1.3666767208e+01	8.3926484490e+01	2.2845552391e+00	2.2313805921e+00	1.5106767208e+01
6.7860000000e+02	-1.5000000000e+00	1.3675769312e+01	8.3976496180e+01	2.2845552391e+00	2.2314115233e+00	1.5115769312e+01
6.7880000000e+02	-1.5000000000e+00	1.3684716459e+01	8.4026202552e+01	2.2845552391e+00	2.2314422300e+00	1.5124716459e+01
6.7900000000e+02	-1.5000000000e+00	1.3693608986e+01	8.4075605479e+01	2.2845552391e+00	2.2314727141e+00	1.5133608986e+01
6.7920000000e+02	-1.5000000000e+00	1.3702447227e+01	8.4124706819e+01	2.2845552391e+00	2.2315029774e+00	1.5142447227e+01
6.7940000000e+02	-1.5000000000e+00	1.3711231516e+01	8.4173508420e+01	2.2845552391e+00	2.2315330219e+00	1.5151231516e+01
6.7960000000e+02	-1.5000000000e+00	1.3719962181e+01	8.4222012119e+01	2.2845552391e+00	2.2315628492e+00	1.5159962181e+01
6.7980000000e+02	-1.5000000000e+00	1.3728639553e+01	8.4270219742e+01	2.2845552391e+00	2.2315924613e+00	1.5168639553e+01
6.8000000000e+02	-1.5000000000e+00	1.3737263958e+01	8.4318133101e+01	2.2845552391e+00	2.2316218598e+00	1.5177263958e+01
6.8020000000e+02	-1.5000000000e+00	1.3745835720e+01	8.4365754000e+01	2.2845552391e+00	2.2316510465e+00	1.5185835720e+01
6.8040000000e+02	-1.5000000000e+00	1.3754355161e+01	8.4413084229e+01	2.2845552391e+00	2.2316800232e+00	1.5194355161e+01
6.8060000000e+02	-1.5000000000e+00	1.3762822603e+01	8.4460125571e+01	2.2845552391e+00	2.2317087917e+00	1.5202822603e+01
6.8080000000e+02	-1.5000000000e+00	1.3771238363e+01	8.4506879794e+01	2.2845552391e+00	2.2317373535e+00	1.5211238363e+01
6.8100000000e+02	-1.5000000000e+00	1.3779602758e+01	8.4553348657e+01	2.2845552391e+00	2.2317657104e+00	1.5219602758e+01
6.8120000000e+02	-1.5000000000e+00	1.3787916103e+01	8.4599533907e+01	2.2845552391e+00	2.2317938641e+00	1.5227916103e+01
6.8140000000e+02	-1.5000000000e+00	1.3796178711e+01	8.4645437281e+01	2.2845552391e+00	2.2318218163e+00	1.5236178711e+01
6.8160000000e+02	-1.5000000000e+00	1.3804390891e+01	8.4691060506e+01	2.2845552391e+00	2.2318495685e+00	1.5244390891e+01
6.8180000000e+02	-1.5000000000e+00	1.3812552954e+01	8.4736405298e+01	2.2845552391e+00	2.2318771224e+00	1.5252552954e+01
6.8200000000e+02	-1.5000000000e+00	1.3820665205e+01	8.4781473360e+01	2.2845552391e+00	2.2319044796e+00	1.5260665205e+01
6.8220000000e+02	-1.5000000000e+00	1.3828727950e+01	8.4826266389e+01	2.2845552391e+00	2.2319316418e+00	1.5268727950e+01
6.8240000000e+02	-1.5000000000e+00	1.3836741492e+01	8.4870786067e+01	2.2845552391e+00	2.2319586104e+00	1.5276741492e+01
6.8260000000e+02	-1.5000000000e+00	1.3844706132e+01	8.4915034068e+01	2.2845552391e+00	2.2319853871e+00	1.5284706132e+01
6.8280000000e+02	-1.5000000000e+00	1.3852622170e+01	8.4959012056e+01	2.2845552391e+00	2.2320119733e+00	1.5292622170e+01
6.8300000000e+02	-1.5000000000e+00	1.3860489903e+01	8.5002721683e+01	2.2845552391e+00	2.2320383707e+00	1.5300489903e+01
6.8320000000e+02	-1.5000000000e+00	1.3868309627e+01	8.5046164593e+01	2.2845552391e+00	2.2320645808e+00	1.5308309627e+01
6.8340000000e+02	-1.5000000000e+00	1.3876081635e+01	8.5089342418e+01	2.2845552391e+00	2.2320906050e+00	1.5316081635e+01
6.8360000000e+02	-1.5000000000e+00	1.3883806221e+01	8.5132256781e+01	2.2845552391e+00	2.2321164449e+00	1.5323806221e+01
6.8380000000e+02	-1.5000000000e+00	1.3891483673e+01	8.5174909295e+01	2.2845552391e+00	2.2321421019e+00	1.5331483673e+01
6.8400000000e+02	-1.5000000000e+00	1.3899114281e+01	8.5217301562e+01	2.2845552391e+00	2.2321675775e+00	1.5339114281e+01
6.8420000000e+02	-1.5000000000e+00	1.3906698331e+01	8.5259435175e+01	2.2845552391e+00	2.2321928731e+00	1.5346698331e+01
6.8440000000e+02	-1.5000000000e+00	1.3914236109e+01	8.5301311716e+01	2.2845552391e+00	2.2322179902e+00	1.5354236109e+01
6.8460000000e+02	-1.5000000000e+00	1.3921727897e+01	8.5342932761e+01	2.2845552391e+00	2.2322429302e+00	1.5361727897e+01
6.8480000000e+02	-1.5000000000e+00	1.3929173977e+01	8.5384299871e+01	2.2845552391e+00	2.2322676945e+00	1.5369173977e+01
6.8500000000e+02	-1.5000000000e+00	1.3936574628e+01	8.5425414601e+01	2.2845552391e+00	2.2322922844e+00	1.5376574628e+01
6.8520000000e+02	-1.5000000000e+00	1.3943930129e+01	8.5466278495e+01	2.2845552391e+00	2.2323167015e+00	1.5383930129e+01
6.8540000000e+02	-1.5000000000e+00	1.3951240756e+01	8.5506893088e+01	2.2845552391e+00	2.2323409469e+00	1.5391240756e+01
6.8560000000e+02	-1.5000000000e+00	1.3958506783e+01	8.5547259906e+01	2.2845552391e+00	2.2323650222e+00	1.5398506783e+01
6.8580000000e+02	-1.5000000000e+00	1.3965728484e+01	8.5587380464e+01	2.2845552391e+00	2.2323889286e+00	1.5405728484e+01
6.8600000000e+02	-1.5000000000e+00	1.3972906129e+01	8.5627256270e+01	2.2845552391e+00	2.2324126675e+00	1.5412906129e+01
6.8620000000e+02	-1.5000000000e+00	1.3980039988e+01	8.5666888820e+01	2.2845552391e+00	2.2324362402e+00	1.5420039988e+01
6.8640000000e+02	-1.5000000000e+00	1.3987130328e+01	8.5706279602e+01	2.2845552391e+00	2.2324596480e+00	1.5427130328e+01
6.8660000000e+02	-1.5000000000e+00	1.3994177417e+01	8.5745430097e+01	2.2845552391e+00	2.2324828921e+00	1.5434177417e+01
6.8680000000e+02	-1.5000000000e+00	1.4001181519e+01	8.5784341773e+01	2.2845552391e+00	2.2325059739e+00	1.5441181519e+01
6.8700000000e+02	-1.5000000000e+00	1.4008142896e+01	8.5823016091e+01	2.2845552391e+00	2.2325288947e+00	1.5448142896e+01
6.8720000000e+02	-1.5000000000e+00	1.4015061811e+01	8.5861454504e+01	2.2845552391e+00	2.2325516557e+00	1.5455061811e+01
6.8740000000e+02	-1.5000000000e+00	1.4021938522e+01	8.5899658455e+01	2.2845552391e+00	2.2325742580e+00	1.5461938522e+01
6.8760000000e+02	-1.5000000000e+00	1.4028773288e+01	8.5937629376e+01	2.2845552391e+00	2.2325967031e+00	1.5468773288e+01
6.8780000000e+02	-1.5000000000e+00	1.4035566365e+01	8.5975368694e+01	2.2845552391e+00	2.2326189921e+00	1.5475566365e+01
6.8800000000e+02	-1.5000000000e+00	1.4042318009e+01	8.6012877826e+01	2.2845552391e+00	2.2326411261e+00	1.5482318009e+01
6.8820000000e+02	-1.5000000000e+00	1.4049028472e+01	8.6050158178e+01	2.2845552391e+00	2.2326631065e+00	1.5489028472e+01
6.8840000000e+02	-1.5000000000e+00	1.4055698007e+01	8.6087211150e+01	2.2845552391e+00	2.2326849344e+00	1.5495698007e+01
6.8860000000e+02	-1.5000000000e+00	1.4062326864e+01	8.6124038132e+01	2.2845552391e+00	2.2327066110e+00	1.5502326864e+01
6.8880000000e+02	-1.5000000000e+00	1.4068915291e+01	8.6160640507e+01	2.2845552391e+00	2.2327281374e+00	1.5508915291e+01
6.8900000000e+02	-1.5000000000e+00	1.4075463537e+01	8.6197019648e+01	2.2845552391e+00	2.2327495148e+00	1.5515463537e+01
6.8920000000e+02	-1.5000000000e+00	1.4081971845e+01	8.6233176919e+01	2.2845552391e+00	2.2327707444e+00	1.5521971845e+01
6.8940000000e+02	-1.5000000000e+00	1.4088440462e+01	8.6269113678e+01	2.2845552391e+00	2.2327918273e+00	1.5528440462e+01
6.8960000000e+02	-1.5000000000e+00	1.4094869629e+01	8.6304831272e+01	2.2845552391e+00	2.2328127646e+00	1.5534869629e+01
6.8980000000e+02	-1.5000000000e+00	1.4101259588e+01	8.6340331042e+01	2.2845552391e+00	2.2328335574e+00	1.5541259588e+01
6.9000000000e+02	-1.5000000000e+00	1.4107610577e+01	8.6375614319e+01	2.2845552391e+00	2.2328542069e+00	1.5547610577e+01
6.9020000000e+02	-1.5000000000e+00	1.4113922837e+01	8.6410682427e+01	2.2845552391e+00	2.2328747141e+00	1.5553922837e+01
6.9040000000e+02	-1.5000000000e+00	1.4120196603e+01	8.6445536681e+01	2.2845552391e+00	2.2328950802e+00	1.5560196603e+01
6.9060000000e+02	-1.5000000000e+00	1.4126432110e+01	8.6480178389e+01	2.2845552391e+00	2.2329153061e+00	1.5566432110e+01
6.9080000000e+02	-1.5000000000e+00	1.4132629593e+01	8.6514608850e+01	2.2845552391e+00	2.2329353931e+00	1.5572629593e+01
6.9100000000e+02	-1.5000000000e+00	1.4138789284e+01	8.6548829355e+01	2.2845552391e+00	2.2329553420e+00	1.5578789284e+01
6.9120000000e+02	-1.5000000000e+00	1.4144911414e+01	8.6582841187e+01	2.2845552391e+00	2.2329751541e+00	1.5584911414e+01
6.9140000000e+02	-1.5000000000e+00	1.4150996212e+01	8.6616645623e+01	2.2845552391e+00	2.2329948302e+00	1.5590996212e+01
6.9160000000e+02	-1.5000000000e+00	1.4157043907e+01	8.6650243929e+01	2.2845552391e+00	2.2330143715e+00	1.5597043907e+01
6.9180000000e+02	-1.5000000000e+00	1.4163054726e+01	8.6683637366e+01	2.2845552391e+00	2.2330337790e+00	1.5603054726e+01
6.9200000000e+02	-1.5000000000e+00	1.4169028893e+01	8.6716827185e+01	2.2845552391e+00	2.2330530537e+00	1.5609028893e+01
6.9220000000e+02	-1.5000000000e+00	1.4174966634e+01	8.6749814632e+01	2.2845552391e+00	2.2330721966e+00	1.5614966634e+01
6.9240000000e+02	-1.5000000000e+00	1.4180868170e+01	8.6782600942e+01	2.2845552391e+00	2.2330912086e+00	1.5620868170e+01
6.9260000000e+02	-1.5000000000e+00	1.4186733722e+01	8.6815187345e+01	2.2845552391e+00	2.2331100908e+00	1.5626733722e+01
6.9280000000e+02	-1.5000000000e+00	1.4192563511e+01	8.6847575063e+01	2.2845552391e+00	2.2331288442e+00	1.5632563511e+01
6.9300000000e+02	-1.5000000000e+00	1.4198357756e+01	8.6879765310e+01	2.2845552391e+00	2.2331474697e+00	1.5638357756e+01
6.9320000000e+02	-1.5000000000e+00	1.4204116673e+01	8.6911759293e+01	2.2845552391e+00	2.2331659682e+00	1.5644116673e+01
6.9340000000e+02	-1.5000000000e+00	1.4209840478e+01	8.6943558210e+01	2.2845552391e+00	2.2331843408e+00	1.5649840478e+01
6.9360000000e+02	-1.5000000000e+00	1.4215529386e+01	8.6975163254e+01	2.2845552391e+00	2.2332025884e+00	1.5655529386e+01
6.9380000000e+02	-1.5000000000e+00	1.4221183610e+01	8.7006575609e+01	2.2845552391e+00	2.2332207118e+00	1.5661183610e+01
6.9400000000e+02	-1.5000000000e+00	1.4226803362e+01	8.7037796453e+01	2.2845552391e+00	2.2332387122e+00	1.5666803362e+01
6.9420000000e+02	-1.5000000000e+00	1.4232388852e+01	8.7068826956e+01	2.2845552391e+00	2.2332565902e+00	1.5672388852e+01
6.9440000000e+02	-1.5000000000e+00	1.4237940290e+01	8.7099668280e+01	2.2845552391e+00	2.2332743469e+00	1.5677940290e+01
6.9460000000e+02	-1.5000000000e+00	1.4243457885e+01	8.7130321582e+01	2.2845552391e+00	2.2332919832e+00	1.5683457885e+01
6.9480000000e+02	-1.5000000000e+00	1.4248941842e+01	8.7160788010e+01	2.2845552391e+00	2.2333095000e+00	1.5688941842e+01
6.9500000000e+02	-1.5000000000e+00	1.4254392367e+01	8.7191068705e+01	2.2845552391e+00	2.2333268981e+00	1.5694392367e+01
6.9520000000e+02	-1.5000000000e+00	1.4259809665e+01	8.7221164803e+01	2.2845552391e+00	2.2333441785e+00	1.5699809665e+01
6.9540000000e+02	-1.5000000000e+00	1.4265193938e+01	8.7251077431e+01	2.2845552391e+00	2.2333613419e+00	1.5705193938e+01
6.9560000000e+02	-1.5000000000e+00	1.4270545388e+01	8.7280807709e+01	2.2845552391e+00	2.2333783894e+00	1.5710545388e+01
6.9580000000e+02	-1.5000000000e+00	1.4275864215e+01	8.7310356753e+01	2.2845552391e+00	2.2333953216e+00	1.5715864215e+01
6.9600000000e+02	-1.5000000000e+00	1.4281150620e+01	8.7339725668e+01	2.2845552391e+00	2.2334121396e+00	1.5721150620e+01
6.9620000000e+02	-1.5000000000e+00	1.4286404800e+01	8.7368915554e+01	2.2845552391e+00	2.2334288441e+00	1.5726404800e+01
6.9640000000e+02	-1.5000000000e+00	1.4291626951e+01	8.7397927507e+01	2.2845552391e+00	2.2334454359e+00	1.5731626951e+01
6.9660000000e+02	-1.5000000000e+00	1.4296817270e+01	8.7426762611e+01	2.2845552391e+00	2.2334619159e+00	1.5736817270e+01
6.9680000000e+02	-1.5000000000e+00	1.4301975951e+01	8.7455421948e+01	2.2845552391e+00	2.2334782850e+00	1.5741975951e+01
6.9700000000e+02	-1.5000000000e+00	1.4307103186e+01	8.7483906591e+01	2.2845552391e+00	2.2334945439e+00	1.5747103186e+01
6.9720000000e+02	-1.5000000000e+00	1.4312199169e+01	8.7512217606e+01	2.2845552391e+00	2.2335106934e+00	1.5752199169e+01
6.9740000000e+02	-1.5000000000e+00	1.4317264090e+01	8.7540356054e+01	2.2845552391e+00	2.2335267344e+00	1.5757264090e+01
6.9760000000e+02	-1.5000000000e+00	1.4322298138e+01	8.7568322990e+01	2.2845552391e+00	2.2335426676e+00	1.5762298138e+01
6.9780000000e+02	-1.5000000000e+00	1.4327301503e+01	8.7596119459e+01	2.2845552391e+00	2.2335584938e+00	1.5767301503e+01
6.9800000000e+02	-1.5000000000e+00	1.4332274371e+01	8.7623746505e+01	2.2845552391e+00	2.2335742139e+00	1.5772274371e+01
6.9820000000e+02	-1.5000000000e+00	1.4337216929e+01	8.7651205160e+01	2.2845552391e+00	2.2335898285e+00	1.5777216929e+01
6.9840000000e+02	-1.5000000000e+00	1.4342129362e+01	8.7678496453e+01	2.2845552391e+00	2.2336053385e+00	1.5782129362e+01
6.9860000000e+02	-1.5000000000e+00	1.4347011853e+01	8.7705621406e+01	2.2845552391e+00	2.2336207446e+00	1.5787011853e+01
6.9880000000e+02	-1.5000000000e+00	1.4351864586e+01	8.7732581036e+01	2.2845552391e+00	2.2336360476e+00	1.5791864586e+01
6.9900000000e+02	-1.5000000000e+00	1.4356687743e+01	8.7759376350e+01	2.2845552391e+00	2.2336512482e+00	1.5796687743e+01
6.9920000000e+02	-1.5000000000e+00	1.4361481504e+01	8.7786008354e+01	2.2845552391e+00	2.2336663471e+00	1.5801481504e+01
6.9940000000e+02	-1.5000000000e+00	1.4366246048e+01	8.7812478043e+01	2.2845552391e+00	2.2336813452e+00	1.5806246048e+01
6.9960000000e+02	-1.5000000000e+00	1.4370981554e+01	8.7838786408e+01	2.2845552391e+00	2.2336962431e+00	1.5810981554e+01
6.9980000000e+02	-1.5000000000e+00	1.4375688198e+01	8.7864934436e+01	2.2845552391e+00	2.2337110415e+00	1.5815688198e+01
7.0000000000e+02	1.5000000000e+00	1.4380366159e+01	8.7890923104e+01	2.2845552391e+00	2.2337257413e+00	1.5820366159e+01
7.0020000000e+02	1.5000000000e+00	1.4372844630e+01	8.7849136835e+01	2.9624751526e+00	2.8965318334e+00	1.5812844630e+01
7.0040000000e+02	1.5000000000e+00	1.4343099903e+01	8.7683888351e+01	3.5557725733e+00	3.4764768907e+00	1.5783099903e+01
7.0060000000e+02	1.5000000000e+00	1.4294049932e+01	8.7411388510e+01	4.0750106462e+00	3.9838587088e+00	1.5734049932e+01
7.0080000000e+02	1.5000000000e+00	1.4228248982e+01	8.7045827678e+01	4.5294339539e+00	4.4277013052e+00	1.5668248982e+01
7.0100000000e+02	1.5000000000e+00	1.4147932669e+01	8.6599625941e+01	4.9271331083e+00	4.8159106724e+00	1.5587932669e+01
7.0120000000e+02	1.5000000000e+00	1.4055057476e+01	8.6083652645e+01	5.2751887973e+00	5.1554120024e+00	1.5495057476e+01
7.0140000000e+02	1.5000000000e+00	1.3951335409e+01	8.5507418938e+01	5.5797978499e+00	5.4522704261e+00	1.5391335409e+01
7.0160000000e+02	1.5000000000e+00	1.3838264383e+01	8.4879246571e+01	5.8463835654e+00	5.7117971412e+00	1.5278264383e+01
7.0180000000e+02	1.5000000000e+00	1.3717154852e+01	8.4206415844e+01	6.0796922709e+00	5.9386426237e+00	1.5157154852e+01
7.0200000000e+02	1.5000000000e+00	1.3589153144e+01	8.3495295244e+01	6.2838778250e+00	6.1368784420e+00	1.5029153144e+01
7.0220000000e+02	1.5000000000e+00	1.3455261902e+01	8.2751455013e+01	6.4625755742e+00	6.3100690344e+00	1.4895261902e+01
7.0240000000e+02	1.5000000000e+00	1.3316357993e+01	8.1979766628e+01	6.6189670764e+00	6.4613346527e+00	1.4756357993e+01
7.0260000000e+02	1.5000000000e+00	1.3173208186e+01	8.1184489920e+01	6.7558367465e+00	6.5934065446e+00	1.4613208186e+01
7.0280000000e+02	1.5000000000e+00	1.3026482887e+01	8.0369349374e+01	6.8756214299e+00	6.7086753151e+00	1.4466482887e+01
7.0300000000e+02	1.5000000000e+00	1.2876768167e+01	7.9537600930e+01	6.9804537889e+00	6.8092333039e+00	1.4316768167e+01
7.0320000000e+02	1.5000000000e+00	1.2724576285e+01	7.8692090473e+01	7.0722002724e+00	6.8969117099e+00	1.4164576285e+01
7.0340000000e+02	1.5000000000e+00	1.2570354908e+01	7.7835305045e+01	7.1524943470e+00	6.9733131102e+00	1.4010354908e+01
7.0360000000e+02	1.5000000000e+00	1.2414495181e+01	7.6969417670e+01	7.2227655787e+00	7.0398399401e+00	1.3854495181e+01
7.0380000000e+02	1.5000000000e+00	1.2257338788e+01	7.6096326598e+01	7.2842650857e+00	7.0977194336e+00	1.3697338788e+01
7.0400000000e+02	1.5000000000e+00	1.2099184138e+01	7.5217689655e+01	7.3380878135e+00	7.1480254626e+00	1.3539184138e+01
7.0420000000e+02	1.5000000000e+00	1.1940291777e+01	7.4334954316e+01	7.3851920288e+00	7.1916976566e+00	1.3380291777e+01
7.0440000000e+02	1.5000000000e+00	1.1780889123e+01	7.3449384019e+01	7.4264163812e+00	7.2295581436e+00	1.3220889123e+01
7.0460000000e+02	1.5000000000e+00	1.1621174616e+01	7.2562081202e+01	7.4624948345e+00	7.2623262042e+00	1.3061174616e+01
7.0480000000e+02	1.5000000000e+00	1.1461321344e+01	7.1674007466e+01	7.4940697343e+00	7.2906310999e+00	1.2901321344e+01
7.0500000000e+02	1.5000000000e+00	1.1301480220e+01	7.0786001223e+01	7.5217032441e+00	7.3150233024e+00	1.2741480220e+01
7.0520000000e+02	1.5000000000e+00	1.1141782765e+01	6.9898793140e+01	7.5458873546e+00	7.3359843221e+00	1.2581782765e+01
7.0540000000e+02	1.5000000000e+00	1.0982343538e+01	6.9013019654e+01	7.5670526429e+00	7.3539353109e+00	1.2422343538e+01
7.0560000000e+02	1.5000000000e+00	1.0823262266e+01	6.8129234809e+01	7.5855759384e+00	7.3692445908e+00	1.2263262266e+01
7.0580000000e+02	1.5000000000e+00	1.0664625709e+01	6.7247920606e+01	7.6017870325e+00	7.3822342440e+00	1.2104625709e+01
7.0600000000e+02	1.5000000000e+00	1.0506509293e+01	6.6369496070e+01	7.6159745495e+00	7.3931858795e+00	1.1946509293e+01
7.0620000000e+02	1.5000000000e+00	1.0348978532e+01	6.5494325178e+01	7.6283910858e+00	7.4023456793e+00	1.1788978532e+01
7.0640000000e+02	1.5000000000e+00	1.0192090285e+01	6.4622723805e+01	7.6392577072e+00	7.4099288154e+00	1.1632090285e+01
7.0660000000e+02	1.5000000000e+00	1.0035893844e+01	6.3754965800e+01	7.6487678842e+00	7.4161233138e+00	1.1475893844e+01
7.0680000000e+02	1.5000000000e+00	9.8804318950e+00	6.2891288306e+01	7.6570909374e+00	7.4210934365e+00	1.1320431895e+01
7.0700000000e+02	1.5000000000e+00	9.7257413545e+00	6.2031896414e+01	7.6643750515e+00	7.4249826399e+00	1.1165741354e+01
7.0720000000e+02	1.5000000000e+00	9.5718541036e+00	6.1176967242e+01	7.6707499139e+00	7.4279161645e+00	1.1011854104e+01
7.0740000000e+02	1.5000000000e+00	9.4187976307e+00	6.0326653504e+01	7.6763290233e+00	7.4300032993e+00	1.0858797631e+01
7.0760000000e+02	1.5000000000e+00	9.2665955934e+00	5.9481086630e+01	7.6812117110e+00	7.4313393638e+00	1.0706595593e+01
7.0780000000e+02	1.5000000000e+00	9.1152683112e+00	5.8640379507e+01	7.6854849090e+00	7.4320074416e+00	1.0555268311e+01
7.0800000000e+02	1.5000000000e+00	8.9648331970e+00	5.7804628872e+01	7.6892246979e+00	7.4320798968e+00	1.0404833197e+01
7.0820000000e+02	1.5000000000e+00	8.8153051346e+00	5.6973917414e+01	7.6924976613e+00	7.4316197004e+00	1.0255305135e+01
7.0840000000e+02	1.5000000000e+00	8.6666968095e+00	5.6148315608e+01	7.6953620716e+00	7.4306815906e+00	1.0106696809e+01
7.0860000000e+02	1.5000000000e+00	8.5190189994e+00	5.5327883330e+01	7.6978689270e+00	7.4293130872e+00	9.9590189994e+00
7.0880000000e+02	1.5000000000e+00	8.3722808281e+00	5.4512671267e+01	7.7000628601e+00	7.4275553786e+00	9.8122808281e+00
7.0900000000e+02	1.5000000000e+00	8.2264899884e+00	5.3702722158e+01	7.7019829317e+00	7.4254440972e+00	9.6664899884e+00
7.0920000000e+02	1.5000000000e+00	8.0816529377e+00	5.2898071876e+01	7.7036633272e+00	7.4230099977e+00	9.5216529377e+00
7.0940000000e+02	1.5000000000e+00	7.9377750696e+00	5.2098750386e+01	7.7051339644e+00	7.4202795488e+00	9.3777750696e+00
7.0960000000e+02	1.5000000000e+00	7.7948608644e+00	5.1304782580e+01	7.7064210269e+00	7.4172754511e+00	9.2348608644e+00
7.0980000000e+02	1.5000000000e+00	7.6529140219e+00	5.0516189011e+01	7.7075474297e+00	7.4140170889e+00	9.0929140219e+00
7.1000000000e+02	1.5000000000e+00	7.5119375775e+00	4.9732986542e+01	7.7085332273e+00	7.4105209245e+00	8.9519375775e+00
7.1020000000e+02	1.5000000000e+00	7.3719340048e+00	4.8955188915e+01	7.7093959711e+00	7.4068008426e+00	8.8119340048e+00
7.1040000000e+02	1.5000000000e+00	7.2329053059e+00	4.8182807255e+01	7.7101510215e+00	7.4028684503e+00	8.6729053059e+00
7.1060000000e+02	1.5000000000e+00	7.0948530916e+00	4.7415850509e+01	7.7108118214e+00	7.3987333388e+00	8.5348530916e+00
7.1080000000e+02	1.5000000000e+00	6.9577786512e+00	4.6654325840e+01	7.7113901359e+00	7.3944033109e+00	8.3977786512e+00
7.1100000000e+02	1.5000000000e+00	6.8216830157e+00	4.5898238976e+01	7.7118962613e+00	7.3898845787e+00	8.2616830157e+00
7.1120000000e+02	1.5000000000e+00	6.6865670125e+00	4.5147594514e+01	7.7123392087e+00	7.3851819364e+00	8.1265670125e+00
7.1140000000e+02	1.5000000000e+00	6.5524313157e+00	4.4402396198e+01	7.7127268645e+00	7.3802989083e+00	7.9924313157e+00
7.1160000000e+02	1.5000000000e+00	6.4192764892e+00	4.3662647162e+01	7.7130661305e+00	7.3752378787e+00	7.8592764892e+00
7.1180000000e+02	1.5000000000e+00	6.2871030272e+00	4.2928350151e+01	7.7133630470e+00	7.3700002028e+00	7.7271030272e+00
7.1200000000e+02	1.5000000000e+00	6.1559113890e+00	4.2199507717e+01	7.7136229005e+00	7.3645863026e+00	7.5959113890e+00
7.1220000000e+02	1.5000000000e+00	6.0257020317e+00	4.1476122398e+01	7.7138503173e+00	7.3589957492e+00	7.4657020317e+00
7.1240000000e+02	1.5000000000e+00	5.8964754392e+00	4.0758196884e+01	7.7140493464e+00	7.3532273329e+00	7.3364754392e+00
7.1260000000e+02	1.5000000000e+00	5.7682321491e+00	4.0045734162e+01	7.7142235313e+00	7.3472791226e+00	7.2082321491e+00
7.1280000000e+02	1.5000000000e+00	5.6409727773e+00	3.9338737651e+01	7.7143759734e+00	7.3411485160e+00	7.0809727773e+00
7.1300000000e+02	1.5000000000e+00	5.5146980407e+00	3.8637211337e+01	7.7145093866e+00	7.3348322811e+00	6.9546980407e+00
7.1320000000e+02	1.5000000000e+00	5.3894087788e+00	3.7941159882e+01	7.7146261463e+00	7.3283265912e+00	6.8294087788e+00
7.1340000000e+02	1.5000000000e+00	5.2651059738e+00	3.7250588744e+01	7.7147283312e+00	7.3216270515e+00	6.7051059738e+00
7.1360000000e+02	1.5000000000e+00	5.1417907695e+00	3.6565504275e+01	7.7148177608e+00	7.3147287223e+00	6.5817907695e+00
7.1380000000e+02	1.5000000000e+00	5.0194644896e+00	3.5885913831e+01	7.7148960271e+00	7.3076261346e+00	6.4594644896e+00
7.1400000000e+02	1.5000000000e+00	4.8981286558e+00	3.5211825865e+01	7.7149645237e+00	7.3003133023e+00	6.3381286558e+00
7.1420000000e+02	1.5000000000e+00	4.7777850043e+00	3.4543250024e+01	7.7150244701e+00	7.2927837299e+00	6.2177850043e+00
7.1440000000e+02	1.5000000000e+00	4.6584355036e+00	3.3880197242e+01	7.7150769336e+00	7.2850304163e+00	6.0984355036e+00
7.1460000000e+02	1.5000000000e+00	4.5400823704e+00	3.3222679835e+01	7.7151228483e+00	7.2770458545e+00	5.9800823704e+00
7.1480000000e+02	1.5000000000e+00	4.4227280869e+00	3.2570711594e+01	7.7151630316e+00	7.2688220293e+00	5.8627280869e+00
7.1500000000e+02	1.5000000000e+00	4.3063754173e+00	3.1924307874e+01	7.7151981989e+00	7.2603504109e+00	5.7463754173e+00
7.1520000000e+02	1.5000000000e+00	4.1910274249e+00	3.1283485694e+01	7.7152289764e+00	7.2516219464e+00	5.6310274249e+00
7.1540000000e+02	1.5000000000e+00	4.0766874890e+00	3.0648263828e+01	7.7152559121e+00	7.2426270487e+00	5.5166874890e+00
7.1560000000e+02	1.5000000000e+00	3.9633593226e+00	3.0018662903e+01	7.7152794855e+00	7.2333555832e+00	5.4033593226e+00
7.1580000000e+02	1.5000000000e+00	3.8510469904e+00	2.9394705502e+01	7.7153001163e+00	7.2237968521e+00	5.2910469904e+00
7.1600000000e+02	1.5000000000e+00	3.7397549272e+00	2.8776416262e+01	7.7153181718e+00	7.2139395768e+00	5.1797549272e+00
7.1620000000e+02	1.5000000000e+00	3.6294879564e+00	2.8163821980e+01	7.7153339735e+00	7.2037718791e+00	5.0694879564e+00
7.1640000000e+02	1.5000000000e+00	3.5202513106e+00	2.7556951725e+01	7.7153478027e+00	7.1932812598e+00	4.9602513106e+00
7.1660000000e+02	1.5000000000e+00	3.4120506506e+00	2.6955836948e+01	7.7153599057e+00	7.1824545768e+00	4.8520506506e+00
7.1680000000e+02	1.5000000000e+00	3.3048920873e+00	2.6360511596e+01	7.7153704979e+00	7.1712780211e+00	4.7448920873e+00
7.1700000000e+02	1.5000000000e+00	3.1987822029e+00	2.5771012238e+01	7.7153797679e+00	7.1597370926e+00	4.6387822029e+00
7.1720000000e+02	1.5000000000e+00	3.0937280735e+00	2.5187378186e+01	7.7153878808e+00	7.1478165741e+00	4.5337280735e+00
7.1740000000e+02	1.5000000000e+00	2.9897372923e+00	2.4609651624e+01	7.7153949809e+00	7.1355005058e+00	4.4297372923e+00
7.1760000000e+02	1.5000000000e+00	2.8868179936e+00	2.4037877742e+01	7.7154011948e+00	7.1227721587e+00	4.3268179936e+00
7.1780000000e+02	1.5000000000e+00	2.7849788779e+00	2.3472104877e+01	7.7154066330e+00	7.1096140085e+00	4.2249788779e+00
7.1800000000e+02	1.5000000000e+00	2.6842292370e+00	2.2912384650e+01	7.7154113924e+00	7.0960077102e+00	4.1242292370e+00
7.1820000000e+02	1.5000000000e+00	2.5845789809e+00	2.2358772116e+01	7.7154155577e+00	7.0819340734e+00	4.0245789809e+00
7.1840000000e+02	1.5000000000e+00	2.4860386645e+00	2.1811325914e+01	7.7154192030e+00	7.0673730395e+00	3.9260386645e+00
7.1860000000e+02	1.5000000000e+00	2.3886195156e+00	2.1270108420e+01	7.7154223933e+00	7.0523036614e+00	3.8286195156e+00
7.1880000000e+02	1.5000000000e+00	2.2923334626e+00	2.0735185903e+01	7.7154251854e+00	7.0367040860e+00	3.7323334626e+00
7.1900000000e+02	1.5000000000e+00	2.1971931636e+00	2.0206628687e+01	7.7154276290e+00	7.0205515415e+00	3.6371931636e+00
7.1920000000e+02	1.5000000000e+00	2.1032120350e+00	1.9684511305e+01	7.7154297675e+00	7.0038223295e+00	3.5432120350e+00
7.1940000000e+02	1.5000000000e+00	2.0104042799e+00	1.9168912666e+01	7.7154316391e+00	6.9864918243e+00	3.4504042799e+00
7.1960000000e+02	1.5000000000e+00	1.9187849173e+00	1.8659916207e+01	7.7154332770e+00	6.9685344804e+00	3.3587849173e+00
7.1980000000e+02	1.5000000000e+00	1.8283698090e+00	1.8157610050e+01	7.7154347105e+00	6.9499238497e+00	3.2683698090e+00
7.2000000000e+02	1.5000000000e+00	1.7391756874e+00	1.7662087152e+01	7.7154359651e+00	6.9306326118e+00	3.1791756874e+00
7.2020000000e+02	1.5000000000e+00	1.6512201803e+00	1.7173445446e+01	7.7154370630e+00	6.9106326178e+00	3.0912201803e+00
7.2040000000e+02	1.5000000000e+00	1.5645218343e+00	1.6691787968e+01	7.7154380239e+00	6.8898949526e+00	3.0045218343e+00
7.2060000000e+02	1.5000000000e+00	1.4791001355e+00	1.6217222975e+01	7.7154388649e+00	6.8683900172e+00	2.9191001355e+00
7.2080000000e+02	1.5000000000e+00	1.3949755265e+00	1.5749864036e+01	7.7154396009e+00	6.8460876346e+00	2.8349755265e+00
7.2100000000e+02	1.5000000000e+00	1.3121694192e+00	1.5289830107e+01	7.7154402450e+00	6.8229571845e+00	2.7521694192e+00
7.2120000000e+02	1.5000000000e+00	1.2307042020e+00	1.4837245567e+01	7.7154408087e+00	6.7989677694e+00	2.6707042020e+00
7.2140000000e+02	1.5000000000e+00	1.1506032403e+00	1.4392240224e+01	7.7154413020e+00	6.7740884184e+00	2.5906032403e+00
7.2160000000e+02	1.5000000000e+00	1.0718908689e+00	1.3954949272e+01	7.7154417338e+00	6.7482883318e+00	2.5118908689e+00
7.2180000000e+02	1.5000000000e+00	9.9459237542e-01	1.3525513197e+01	7.7154421117e+00	6.7215371742e+00	2.4345923754e+00
7.2200000000e+02	1.5000000000e+00	9.1873397138e-01	1.3104077619e+01	7.7154424424e+00	6.6938054200e+00	2.3587339714e+00
7.2220000000e+02	1.5000000000e+00	8.4434275079e-01	1.2690793060e+01	7.7154427318e+00	6.6650647569e+00	2.2843427508e+00
7.2240000000e+02	1.5000000000e+00	7.7144663308e-01	1.2285814628e+01	7.7154429851e+00	6.6352885541e+00	2.2114466331e+00
7.2260000000e+02	1.5000000000e+00	7.0007428836e-01	1.1889301602e+01	7.7154432068e+00	6.6044523985e+00	2.1400742884e+00
7.2280000000e+02	1.5000000000e+00	6.3025504263e-01	1.1501416904e+01	7.7154434008e+00	6.5725347037e+00	2.0702550426e+00
7.2300000000e+02	1.5000000000e+00	5.6201876034e-01	1.1122326446e+01	7.7154435705e+00	6.5395173959e+00	2.0020187603e+00
7.2320000000e+02	1.5000000000e+00	4.9539570158e-01	1.0752198342e+01	7.7154437191e+00	6.5053866745e+00	1.9353957016e+00
7.2340000000e+02	1.5000000000e+00	4.3041635159e-01	1.0391201953e+01	7.7154438492e+00	6.4701338497e+00	1.8704163516e+00
7.2360000000e+02	1.5000000000e+00	3.6711121984e-01	1.0039506777e+01	7.7154439630e+00	6.4337562484e+00	1.8071112198e+00
7.2380000000e+02	1.5000000000e+00	3.0551060677e-01	9.6972811487e+00	7.7154440626e+00	6.3962581826e+00	1.7455106068e+00
7.2400000000e+02	1.5000000000e+00	2.4564433612e-01	9.3646907562e+00	7.7154441498e+00	6.3576519643e+00	1.6856443361e+00
7.2420000000e+02	1.5000000000e+00	1.8754145209e-01	9.0418969560e+00	7.7154442261e+00	6.3179589467e+00	1.6275414521e+00
7.2440000000e+02	1.5000000000e+00	1.3122988059e-01	8.7290548922e+00	7.7154442928e+00	6.2772105676e+00	1.5712298806e+00
7.2460000000e+02	1.5000000000e+00	7.6736055816e-02	8.4263114212e+00	7.7154443513e+00	6.2354493579e+00	1.5167360558e+00
7.2480000000e+02	1.5000000000e+00	2.4084513832e-02	8.1338028546e+00	7.7154444024e+00	6.1927298769e+00	1.4640845138e+00
7.2500000000e+02	1.5000000000e+00	-2.6702542797e-02	7.8516525400e+00	7.7154444472e+00	6.1491195254e+00	1.4132974572e+00
7.2520000000e+02	1.5000000000e+00	-7.5605704020e-02	7.5799683110e+00	7.7154444863e+00	6.1046991820e+00	1.3643942960e+00
7.2540000000e+02	1.5000000000e+00	-1.2260882738e-01	7.3188398479e+00	7.7154445206e+00	6.0595636070e+00	1.3173911726e+00
7.2560000000e+02	1.5000000000e+00	-1.6769951966e-01	7.0683360019e+00	7.7154445506e+00	6.0138215519e+00	1.2723004803e+00
7.2580000000e+02	1.5000000000e+00	-2.1086961340e-01	6.8285021478e+00	7.7154445769e+00	5.9675955199e+00	1.2291303866e+00
7.2600000000e+02	1.5000000000e+00	-2.5211562506e-01	6.5993576386e+00	7.7154445998e+00	5.9210211268e+00	1.1878843749e+00
7.2620000000e+02	1.5000000000e+00	-2.9143917958e-01	6.3808934468e+00	7.7154446199e+00	5.8742460248e+00	1.1485608204e+00
7.2640000000e+02	1.5000000000e+00	-3.2884738570e-01	6.1730700794e+00	7.7154446375e+00	5.8274283689e+00	1.1111526143e+00
7.2660000000e+02	1.5000000000e+00	-3.6435314572e-01	5.9758158571e+00	7.7154446529e+00	5.7807348274e+00	1.0756468543e+00
7.2680000000e+02	1.5000000000e+00	-3.9797538420e-01	5.7890256433e+00	7.7154446664e+00	5.7343381661e+00	1.0420246158e+00
7.2700000000e+02	1.5000000000e+00	-4.2973918173e-01	5.6125601015e+00	7.7154446782e+00	5.6884144610e+00	1.0102608183e+00
7.2720000000e+02	1.5000000000e+00	-4.5967580238e-01	5.4462455423e+00	7.7154446885e+00	5.6431400231e+00	9.8032419762e-01
7.2740000000e+02	1.5000000000e+00	-4.8782260708e-01	5.2898744051e+00	7.7154446976e+00	5.5986881477e+00	9.5217739292e-01
7.2760000000e+02	1.5000000000e+00	-5.1422284952e-01	5.1432063916e+00	7.7154447055e+00	5.5552258115e+00	9.2577715048e-01
7.2780000000e+02	1.5000000000e+00	-5.3892535598e-01	5.0059702446e+00	7.7154447124e+00	5.5129104615e+00	9.0107464402e-01
7.2800000000e+02	1.5000000000e+00	-5.6198409544e-01	4.8778661365e+00	7.7154447185e+00	5.4718870320e+00	8.7801590456e-01
7.2820000000e+02	1.5000000000e+00	-5.8345765135e-01	4.7585686036e+00	7.7154447238e+00	5.4322853223e+00	8.5654234865e-01
7.2840000000e+02	1.5000000000e+00	-6.0340861061e-01	4.6477299411e+00	7.7154447284e+00	5.3942178444e+00	8.3659138939e-01
7.2860000000e+02	1.5000000000e+00	-6.2190288862e-01	4.5449839521e+00	7.7154447325e+00	5.3577782236e+00	8.1809711138e-01
7.2880000000e+02	1.5000000000e+00	-6.3900901179e-01	4.4499499345e+00	7.7154447360e+00	5.3230402013e+00	8.0099098821e-01
7.2900000000e+02	1.5000000000e+00	-6.5479737948e-01	4.3622367806e+00	7.7154447391e+00	5.2900572520e+00	7.8520262052e-01
7.2920000000e+02	1.5000000000e+00	-6.6933952747e-01	4.2814470696e+00	7.7154447419e+00	5.2588627930e+00	7.7066047253e-01
7.2940000000e+02	1.5000000000e+00	-6.8270741322e-01	4.2071810377e+00	7.7154447442e+00	5.2294709350e+00	7.5729258678e-01
7.2960000000e+02	1.5000000000e+00	-6.9497274093e-01	4.1390403282e+00	7.7154447463e+00	5.2018776955e+00	7.4502725907e-01
7.2980000000e+02	1.5000000000e+00	-7.0620634116e-01	4.0766314380e+00	7.7154447481e+00	5.1760625832e+00	7.3379365884e-01
7.3000000000e+02	1.5000000000e+00	-7.1647761620e-01	4.0195687989e+00	7.7154447497e+00	5.1519904534e+00	7.2352238380e-01
7.3020000000e+02	1.5000000000e+00	-7.2585405862e-01	3.9674774521e+00	7.7154447511e+00	5.1296135308e+00	7.1414594138e-01
7.3040000000e+02	1.5000000000e+00	-7.3440084701e-01	3.9199952944e+00	7.7154447524e+00	5.1088735074e+00	7.0559915299e-01
7.3060000000e+02	1.5000000000e+00	-7.4218051935e-01	3.8767748925e+00	7.7154447534e+00	5.0897036303e+00	6.9781948065e-01
7.3080000000e+02	1.5000000000e+00	-7.4925272218e-01	3.8374848768e+00	7.7154447544e+00	5.0720307097e+00	6.9074727782e-01
7.3100000000e+02	1.5000000000e+00	-7.5567403095e-01	3.8018109392e+00	7.7154447552e+00	5.0557769942e+00	6.8432596905e-01
7.3120000000e+02	1.5000000000e+00	-7.6149783584e-01	3.7694564675e+00	7.7154447559e+00	5.0408618730e+00	6.7850216416e-01
7.3140000000e+02	1.5000000000e+00	-7.6677428586e-01	3.7401428563e+00	7.7154447565e+00	5.0272033836e+00	6.7322571414e-01
7.3160000000e+02	1.5000000000e+00	-7.7155028370e-01	3.7136095350e+00	7.7154447571e+00	5.0147195116e+00	6.6844971630e-01
7.3180000000e+02	1.5000000000e+00	-7.7586952354e-01	3.6896137581e+00	7.7154447576e+00	5.0033292834e+00	6.6413047646e-01
7.3200000000e+02	1.5000000000e+00	-7.7977256420e-01	3.6679301989e+00	7.7154447580e+00	4.9929536590e+00	6.6022743580e-01
7.3220000000e+02	1.5000000000e+00	-7.8329693053e-01	3.6483503860e+00	7.7154447584e+00	4.9835162372e+00	6.5670306947e-01
7.3240000000e+02	1.5000000000e+00	-7.8647723635e-01	3.6306820203e+00	7.7154447587e+00	4.9749437924e+00	6.5352276365e-01
7.3260000000e+02	1.5000000000e+00	-7.8934532323e-01	3.6147482043e+00	7.7154447590e+00	4.9671666605e+00	6.5065467677e-01
7.3280000000e+02	1.5000000000e+00	-7.9193040987e-01	3.6003866118e+00	7.7154447592e+00	4.9601189955e+00	6.4806959013e-01
7.3300000000e+02	1.5000000000e+00	-7.9425924773e-01	3.5874486237e+00	7.7154447594e+00	4.9537389151e+00	6.4574075227e-01
7.3320000000e+02	1.5000000000e+00	-7.9635627931e-01	3.5757984483e+00	7.7154447596e+00	4.9479685564e+00	6.4364372069e-01
7.3340000000e+02	1.5000000000e+00	-7.9824379608e-01	3.5653122440e+00	7.7154447598e+00	4.9427540565e+00	6.4175620392e-01
7.3360000000e+02	1.5000000000e+00	-7.9994209365e-01	3.5558772575e+00	7.7154447599e+00	4.9380454754e+00	6.4005790635e-01
7.3380000000e+02	1.5000000000e+00	-8.0146962250e-01	3.5473909861e+00	7.7154447600e+00	4.9337966738e+00	6.3853037750e-01
7.3400000000e+02	1.5000000000e+00	-8.0284313268e-01	3.5397603740e+00	7.7154447602e+00	4.9299651584e+00	6.3715686732e-01
7.3420000000e+02	1.5000000000e+00	-8.0407781170e-01	3.5329010461e+00	7.7154447603e+00	4.9265119035e+00	6.3592218830e-01
7.3440000000e+02	1.5000000000e+00	-8.0518741494e-01	3.5267365837e+00	7.7154447603e+00	4.9234011579e+00	6.3481258506e-01
7.3460000000e+02	1.5000000000e+00	-8.0618438810e-01	3.5211978439e+00	7.7154447604e+00	4.9206002435e+00	6.3381561190e-01
7.3480000000e+02	1.5000000000e+00	-8.0707998169e-01	3.5162223239e+00	7.7154447605e+00	4.9180793508e+00	6.3292001831e-01
7.3500000000e+02	1.5000000000e+00	-8.0788435749e-01	3.5117535695e+00	7.7154447605e+00	4.9158113360e+00	6.3211564251e-01
7.3520000000e+02	1.5000000000e+00	-8.0860668712e-01	3.5077406271e+00	7.7154447606e+00	4.9137715218e+00	6.3139331288e-01
7.3540000000e+02	1.5000000000e+00	-8.0925524305e-01	3.5041375386e+00	7.7154447606e+00	4.9119375058e+00	6.3074475695e-01
7.3560000000e+02	1.5000000000e+00	-8.0983748228e-01	3.5009028762e+00	7.7154447607e+00	4.9102889765e+00	6.3016251772e-01
7.3580000000e+02	1.5000000000e+00	-8.1036012313e-01	3.4979993159e+00	7.7154447607e+00	4.9088075397e+00	6.2963987687e-01
7.3600000000e+02	1.5000000000e+00	-8.1082921549e-01	3.4953932473e+00	7.7154447607e+00	4.9074765541e+00	6.2917078451e-01
7.3620000000e+02	1.5000000000e+00	-8.1125020495e-01	3.4930544170e+00	7.7154447608e+00	4.9062809786e+00	6.2874979505e-01
7.3640000000e+02	1.5000000000e+00	-8.1162799125e-01	3.4909556042e+00	7.7154447608e+00	4.9052072295e+00	6.2837200875e-01
7.3660000000e+02	1.5000000000e+00	-8.1196698147e-01	3.4890723252e+00	7.7154447608e+00	4.9042430481e+00	6.2803301853e-01
7.3680000000e+02	1.5000000000e+00	-8.1227113829e-01	3.4873825651e+00	7.7154447608e+00	4.9033773792e+00	6.2772886171e-01
7.3700000000e+02	1.5000000000e+00	-8.1254402381e-01	3.4858665344e+00	7.7154447608e+00	4.9026002585e+00	6.2745597619e-01
7.3720000000e+02	1.5000000000e+00	-8.1278883924e-01	3.4845064486e+00	7.7154447608e+00	4.9019027099e+00	6.2721116076e-01
7.3740000000e+02	1.5000000000e+00	-8.1300846079e-01	3.4832863290e+00	7.7154447609e+00	4.9012766515e+00	6.2699153921e-01
7.3760000000e+02	1.5000000000e+00	-8.1320547212e-01	3.4821918215e+00	7.7154447609e+00	4.9007148090e+00	6.2679452788e-01
7.3780000000e+02	1.5000000000e+00	-8.1338219373e-01	3.4812100348e+00	7.7154447609e+00	4.9002106385e+00	6.2661780627e-01
7.3800000000e+02	1.5000000000e+00	-8.1354070937e-01	3.4803293924e+00	7.7154447609e+00	4.8997582543e+00	6.2645929063e-01
7.3820000000e+02	1.5000000000e+00	-8.1368288991e-01	3.4795395005e+00	7.7154447609e+00	4.8993523647e+00	6.2631711009e-01
7.3840000000e+02	1.5000000000e+00	-8.1381041492e-01	3.4788310282e+00	7.7154447609e+00	4.8989882135e+00	6.2618958508e-01
7.3860000000e+02	1.5000000000e+00	-8.1392479198e-01	3.4781956001e+00	7.7154447609e+00	4.8986615264e+00	6.2607520802e-01
7.3880000000e+02	1.5000000000e+00	-8.1402737423e-01	3.4776256987e+00	7.7154447609e+00	4.8983684635e+00	6.2597262577e-01
7.3900000000e+02	1.5000000000e+00	-8.1411937598e-01	3.4771145779e+00	7.7154447609e+00	4.8981055758e+00	6.2588062402e-01
7.3920000000e+02	1.5000000000e+00	-8.1420188695e-01	3.4766561836e+00	7.7154447609e+00	4.8978697654e+00	6.2579811305e-01
7.3940000000e+02	1.5000000000e+00	-8.1427588491e-01	3.4762450839e+00	7.7154447609e+00	4.8976582511e+00	6.2572411509e-01
7.3960000000e+02	1.5000000000e+00	-8.1434224715e-01	3.4758764047e+00	7.7154447609e+00	4.8974685355e+00	6.2565775285e-01
7.3980000000e+02	1.5000000000e+00	-8.1440176078e-01	3.4755457734e+00	7.7154447609e+00	4.8972983769e+00	6.2559823922e-01
7.4000000000e+02	1.5000000000e+00	-8.1445513190e-01	3.4752492672e+00	7.7154447609e+00	4.8971457632e+00	6.2554486810e-01
7.4020000000e+02	1.5000000000e+00	-8.1450299396e-01	3.4749833669e+00	7.7154447609e+00	4.8970088886e+00	6.2549700604e-01
7.4040000000e+02	1.5000000000e+00	-8.1454591518e-01	3.4747449157e+00	7.7154447609e+00	4.8968861322e+00	6.2545408482e-01
7.4060000000e+02	1.5000000000e+00	-8.1458440527e-01	3.4745310819e+00	7.7154447609e+00	4.8967760401e+00	6.2541559473e-01
7.4080000000e+02	1.5000000000e+00	-8.1461892140e-01	3.4743393255e+00	7.7154447609e+00	4.8966773071e+00	6.2538107860e-01
7.4100000000e+02	1.5000000000e+00	-8.1464987366e-01	3.4741673685e+00	7.7154447609e+00	4.8965887627e+00	6.2535012634e-01
7.4120000000e+02	1.5000000000e+00	-8.1467762984e-01	3.4740131675e+00	7.7154447609e+00	4.8965093566e+00	6.2532237016e-01
7.4140000000e+02	1.5000000000e+00	-8.1470251982e-01	3.4738748899e+00	7.7154447609e+00	4.8964381464e+00	6.2529748018e-01
7.4160000000e+02	1.5000000000e+00	-8.1472483946e-01	3.4737508919e+00	7.7154447609e+00	4.8963742869e+00	6.2527516054e-01
7.4180000000e+02	1.5000000000e+00	-8.1474485409e-01	3.4736396995e+00	7.7154447609e+00	4.8963170198e+00	6.2525514591e-01
7.4200000000e+02	1.5000000000e+00	-8.1476280168e-01	3.4735399906e+00	7.7154447609e+00	4.8962656651e+00	6.2523719832e-01
7.4220000000e+02	1.5000000000e+00	-8.1477889566e-01	3.4734505797e+00	7.7154447609e+00	4.8962196127e+00	6.2522110434e-01
7.4240000000e+02	1.5000000000e+00	-8.1479332741e-01	3.4733704033e+00	7.7154447609e+00	4.8961783154e+00	6.2520667259e-01
7.4260000000e+02	1.5000000000e+00	-8.1480626857e-01	3.4732985079e+00	7.7154447609e+00	4.8961412825e+00	6.2519373143e-01
7.4280000000e+02	1.5000000000e+00	-8.1481787307e-01	3.4732340385e+00	7.7154447609e+00	4.8961080738e+00	6.2518212693e-01
7.4300000000e+02	1.5000000000e+00	-8.1482827895e-01	3.4731762281e+00	7.7154447609e+00	4.8960782946e+00	6.2517172105e-01
7.4320000000e+02	1.5000000000e+00	-8.1483760998e-01	3.4731243890e+00	7.7154447609e+00	4.8960515908e+00	6.2516239002e-01
7.4340000000e+02	1.5000000000e+00	-8.1484597717e-01	3.4730779046e+00	7.7154447609e+00	4.8960276449e+00	6.2515402283e-01
7.4360000000e+02	1.5000000000e+00	-8.1485348007e-01	3.4730362218e+00	7.7154447609e+00	4.8960061721e+00	6.2514651993e-01
7.4380000000e+02	1.5000000000e+00	-8.1486020795e-01	3.4729988447e+00	7.7154447609e+00	4.8959869171e+00	6.2513979205e-01
7.4400000000e+02	1.5000000000e+00	-8.1486624086e-01	3.4729653286e+00	7.7154447609e+00	4.8959696509e+00	6.2513375914e-01
7.4420000000e+02	1.5000000000e+00	-8.1487165057e-01	3.4729352746e+00	7.7154447609e+00	4.8959541681e+00	6.2512834943e-01
7.4440000000e+02	1.5000000000e+00	-8.1487650145e-01	3.4729083253e+00	7.7154447609e+00	4.8959402846e+00	6.2512349855e-01
7.4460000000e+02	1.5000000000e+00	-8.1488085124e-01	3.4728841598e+00	7.7154447609e+00	4.8959278351e+00	6.2511914876e-01
7.4480000000e+02	1.5000000000e+00	-8.1488475169e-01	3.4728624906e+00	7.7154447609e+00	4.8959166715e+00	6.2511524831e-01
7.4500000000e+02	1.5000000000e+00	-8.1488824921e-01	3.4728430600e+00	7.7154447609e+00	4.8959066611e+00	6.2511175079e-01
7.4520000000e+02	1.5000000000e+00	-8.1489138542e-01	3.4728256365e+00	7.7154447609e+00	4.8958976848e+00	6.2510861458e-01
7.4540000000e+02	1.5000000000e+00	-8.1489419766e-01	3.4728100130e+00	7.7154447609e+00	4.8958896357e+00	6.2510580234e-01
7.4560000000e+02	1.5000000000e+00	-8.1489671937e-01	3.4727960035e+00	7.7154447609e+00	4.8958824180e+00	6.2510328063e-01
7.4580000000e+02	1.5000000000e+00	-8.1489898059e-01	3.4727834412e+00	7.7154447609e+00	4.8958759460e+00	6.2510101941e-01
7.4600000000e+02	1.5000000000e+00	-8.1490100820e-01	3.4727721767e+00	7.7154447609e+00	4.8958701425e+00	6.2509899180e-01
7.4620000000e+02	1.5000000000e+00	-8.1490282636e-01	3.4727620758e+00	7.7154447609e+00	4.8958649385e+00	6.2509717364e-01
7.4640000000e+02	1.5000000000e+00	-8.1490445668e-01	3.4727530184e+00	7.7154447609e+00	4.8958602721e+00	6.2509554332e-01
7.4660000000e+02	1.5000000000e+00	-8.1490591859e-01	3.4727448967e+00	7.7154447609e+00	4.8958560878e+00	6.2509408141e-01
7.4680000000e+02	1.5000000000e+00	-8.1490722947e-01	3.4727376141e+00	7.7154447609e+00	4.8958523357e+00	6.2509277053e-01
7.4700000000e+02	1.5000000000e+00	-8.1490840492e-01	3.4727310838e+00	7.7154447609e+00	4.8958489712e+00	6.2509159508e-01
7.4720000000e+02	1.5000000000e+00	-8.1490945895e-01	3.4727252281e+00	7.7154447609e+00	4.8958459543e+00	6.2509054105e-01
7.4740000000e+02	1.5000000000e+00	-8.1491040409e-01	3.4727199773e+00	7.7154447609e+00	4.8958432491e+00	6.2508959591e-01
7.4760000000e+02	1.5000000000e+00	-8.1491125158e-01	3.4727152690e+00	7.7154447609e+00	4.8958408233e+00	6.2508874842e-01
7.4780000000e+02	1.5000000000e+00	-8.1491201153e-01	3.4727110471e+00	7.7154447609e+00	4.8958386481e+00	6.2508798847e-01
7.4800000000e+02	1.5000000000e+00	-8.1491269296e-01	3.4727072613e+00	7.7154447609e+00	4.8958366977e+00	6.2508730704e-01
7.4820000000e+02	1.5000000000e+00	-8.1491330400e-01	3.4727038667e+00	7.7154447609e+00	4.8958349487e+00	6.2508669600e-01
7.4840000000e+02	1.5000000000e+00	-8.1491385192e-01	3.4727008227e+00	7.7154447609e+00	4.8958333804e+00	6.2508614808e-01
7.4860000000e+02	1.5000000000e+00	-8.1491434322e-01	3.4726980932e+00	7.7154447609e+00	4.8958319741e+00	6.2508565678e-01
7.4880000000e+02	1.5000000000e+00	-8.1491478378e-01	3.4726956457e+00	7.7154447609e+00	4.8958307131e+00	6.2508521622e-01
7.4900000000e+02	1.5000000000e+00	-8.1491517882e-01	3.4726934510e+00	7.7154447609e+00	4.8958295824e+00	6.2508482118e-01
7.4920000000e+02	1.5000000000e+00	-8.1491553305e-01	3.4726914831e+00	7.7154447609e+00	4.8958285685e+00	6.2508446695e-01
7.4940000000e+02	1.5000000000e+00	-8.1491585068e-01	3.4726897184e+00	7.7154447609e+00	4.8958276593e+00	6.2508414932e-01
7.4960000000e+02	1.5000000000e+00	-8.1491613550e-01	3.4726881361e+00	7.7154447609e+00	4.8958268441e+00	6.2508386450e-01
7.4980000000e+02	1.5000000000e+00	-8.1491639090e-01	3.4726867172e+00	7.7154447609e+00	4.8958261131e+00	6.2508360910e-01
7.5000000000e+02	1.5000000000e+00	-8.1491661991e-01	3.4726854449e+00	7.7154447609e+00	4.8958254576e+00	6.2508338009e-01
7.5020000000e+02	1.5000000000e+00	-8.1491682526e-01	3.4726843041e+00	7.7154447609e+00	4.8958248698e+00	6.2508317474e-01
7.5040000000e+02	1.5000000000e+00	-8.1491700940e-01	3.4726832811e+00	7.7154447609e+00	4.8958243427e+00	6.2508299060e-01
7.5060000000e+02	1.5000000000e+00	-8.1491717452e-01	3.4726823638e+00	7.7154447609e+00	4.8958238701e+00	6.2508282548e-01
7.5080000000e+02	1.5000000000e+00	-8.1491732258e-01	3.4726815412e+00	7.7154447609e+00	4.8958234463e+00	6.2508267742e-01
7.5100000000e+02	1.5000000000e+00	-8.1491745534e-01	3.4726808037e+00	7.7154447609e+00	4.8958230663e+00	6.2508254466e-01
7.5120000000e+02	1.5000000000e+00	-8.1491757438e-01	3.4726801423e+00	7.7154447609e+00	4.8958227256e+00	6.2508242562e-01
7.5140000000e+02	1.5000000000e+00	-8.1491768113e-01	3.4726795493e+00	7.7154447609e+00	4.8958224200e+00	6.2508231887e-01
7.5160000000e+02	1.5000000000e+00	-8.1491777685e-01	3.4726790175e+00	7.7154447609e+00	4.8958221460e+00	6.2508222315e-01
7.5180000000e+02	1.5000000000e+00	-8.1491786268e-01	3.4726785407e+00	7.7154447609e+00	4.8958219003e+00	6.2508213732e-01
7.5200000000e+02	1.5000000000e+00	-8.1491793965e-01	3.4726781131e+00	7.7154447609e+00	4.8958216801e+00	6.2508206035e-01
7.5220000000e+02	1.5000000000e+00	-8.1491800866e-01	3.4726777297e+00	7.7154447609e+00	4.8958214825e+00	6.2508199134e-01
7.5240000000e+02	1.5000000000e+00	-8.1491807054e-01	3.4726773859e+00	7.7154447609e+00	4.8958213054e+00	6.2508192946e-01
7.5260000000e+02	1.5000000000e+00	-8.1491812603e-01	3.4726770776e+00	7.7154447609e+00	4.8958211466e+00	6.2508187397e-01
7.5280000000e+02	1.5000000000e+00	-8.1491817579e-01	3.4726768012e+00	7.7154447609e+00	4.8958210041e+00	6.2508182421e-01
7.5300000000e+02	1.5000000000e+00	-8.1491822041e-01	3.4726765533e+00	7.7154447609e+00	4.8958208764e+00	6.2508177959e-01
7.5320000000e+02	1.5000000000e+00	-8.1491826042e-01	3.4726763310e+00	7.7154447609e+00	4.8958207619e+00	6.2508173958e-01
7.5340000000e+02	1.5000000000e+00	-8.1491829629e-01	3.4726761317e+00	7.7154447609e+00	4.8958206592e+00	6.2508170371e-01
7.5360000000e+02	1.5000000000e+00	-8.1491832846e-01	3.4726759530e+00	7.7154447609e+00	4.8958205671e+00	6.2508167154e-01
7.5380000000e+02	1.5000000000e+00	-8.1491835730e-01	3.4726757928e+00	7.7154447609e+00	4.8958204846e+00	6.2508164270e-01
7.5400000000e+02	1.5000000000e+00	-8.1491838317e-01	3.4726756491e+00	7.7154447609e+00	4.8958204105e+00	6.2508161683e-01
7.5420000000e+02	1.5000000000e+00	-8.1491840636e-01	3.4726755202e+00	7.7154447609e+00	4.8958203442e+00	6.2508159364e-01
7.5440000000e+02	1.5000000000e+00	-8.1491842716e-01	3.4726754047e+00	7.7154447609e+00	4.8958202846e+00	6.2508157284e-01
7.5460000000e+02	1.5000000000e+00	-8.1491844581e-01	3.4726753011e+00	7.7154447609e+00	4.8958202313e+00	6.2508155419e-01
7.5480000000e+02	1.5000000000e+00	-8.1491846253e-01	3.4726752082e+00	7.7154447609e+00	4.8958201834e+00	6.2508153747e-01
7.5500000000e+02	1.5000000000e+00	-8.1491847752e-01	3.4726751249e+00	7.7154447609e+00	4.8958201405e+00	6.2508152248e-01
7.5520000000e+02	1.5000000000e+00	-8.1491849097e-01	3.4726750502e+00	7.7154447609e+00	4.8958201020e+00	6.2508150903e-01
7.5540000000e+02	1.5000000000e+00	-8.1491850303e-01	3.4726749832e+00	7.7154447609e+00	4.8958200675e+00	6.2508149697e-01
7.5560000000e+02	1.5000000000e+00	-8.1491851384e-01	3.4726749231e+00	7.7154447609e+00	4.8958200365e+00	6.2508148616e-01
7.5580000000e+02	1.5000000000e+00	-8.1491852353e-01	3.4726748693e+00	7.7154447609e+00	4.8958200088e+00	6.2508147647e-01
7.5600000000e+02	1.5000000000e+00	-8.1491853222e-01	3.4726748210e+00	7.7154447609e+00	4.8958199839e+00	6.2508146778e-01
7.5620000000e+02	1.5000000000e+00	-8.1491854002e-01	3.4726747777e+00	7.7154447609e+00	4.8958199616e+00	6.2508145998e-01
7.5640000000e+02	1.5000000000e+00	-8.1491854701e-01	3.4726747388e+00	7.7154447609e+00	4.8958199416e+00	6.2508145299e-01
7.5660000000e+02	1.5000000000e+00	-8.1491855327e-01	3.4726747040e+00	7.7154447609e+00	4.8958199236e+00	6.2508144673e-01
7.5680000000e+02	1.5000000000e+00	-8.1491855889e-01	3.4726746728e+00	7.7154447609e+00	4.8958199076e+00	6.2508144111e-01
7.5700000000e+02	1.5000000000e+00	-8.1491856393e-01	3.4726746448e+00	7.7154447609e+00	4.8958198931e+00	6.2508143607e-01
7.5720000000e+02	1.5000000000e+00	-8.1491856845e-01	3.4726746197e+00	7.7154447609e+00	4.8958198802e+00	6.2508143155e-01
7.5740000000e+02	1.5000000000e+00	-8.1491857250e-01	3.4726745972e+00	7.7154447609e+00	4.8958198686e+00	6.2508142750e-01
7.5760000000e+02	1.5000000000e+00	-8.1491857614e-01	3.4726745770e+00	7.7154447609e+00	4.8958198582e+00	6.2508142386e-01
7.5780000000e+02	1.5000000000e+00	-8.1491857939e-01	3.4726745589e+00	7.7154447609e+00	4.8958198489e+00	6.2508142061e-01
7.5800000000e+02	1.5000000000e+00	-8.1491858232e-01	3.4726745427e+00	7.7154447609e+00	4.8958198405e+00	6.2508141768e-01
7.5820000000e+02	1.5000000000e+00	-8.1491858494e-01	3.4726745281e+00	7.7154447609e+00	4.8958198330e+00	6.2508141506e-01
7.5840000000e+02	1.5000000000e+00	-8.1491858728e-01	3.4726745151e+00	7.7154447609e+00	4.8958198263e+00	6.2508141272e-01
7.5860000000e+02	1.5000000000e+00	-8.1491858939e-01	3.4726745034e+00	7.7154447609e+00	4.8958198203e+00	6.2508141061e-01
7.5880000000e+02	1.5000000000e+00	-8.1491859128e-01	3.4726744929e+00	7.7154447609e+00	4.8958198149e+00	6.2508140872e-01
7.5900000000e+02	1.5000000000e+00	-8.1491859297e-01	3.4726744835e+00	7.7154447609e+00	4.8958198100e+00	6.2508140703e-01
7.5920000000e+02	1.5000000000e+00	-8.1491859449e-01	3.4726744750e+00	7.7154447609e+00	4.8958198057e+00	6.2508140551e-01
7.5940000000e+02	1.5000000000e+00	-8.1491859585e-01	3.4726744675e+00	7.7154447609e+00	4.8958198018e+00	6.2508140415e-01
7.5960000000e+02	1.5000000000e+00	-8.1491859707e-01	3.4726744607e+00	7.7154447609e+00	4.8958197983e+00	6.2508140293e-01
7.5980000000e+02	1.5000000000e+00	-8.1491859817e-01	3.4726744546e+00	7.7154447609e+00	4.8958197951e+00	6.2508140183e-01
7.6000000000e+02	1.5000000000e+00	-8.1491859915e-01	3.4726744492e+00	7.7154447609e+00	4.8958197923e+00	6.2508140085e-01
7.6020000000e+02	1.5000000000e+00	-8.1491860003e-01	3.4726744443e+00	7.7154447609e+00	4.8958197898e+00	6.2508139997e-01
7.6040000000e+02	1.5000000000e+00	-8.1491860082e-01	3.4726744399e+00	7.7154447609e+00	4.8958197876e+00	6.2508139918e-01
7.6060000000e+02	1.5000000000e+00	-8.1491860153e-01	3.4726744360e+00	7.7154447609e+00	4.8958197855e+00	6.2508139847e-01
7.6080000000e+02	1.5000000000e+00	-8.1491860216e-01	3.4726744324e+00	7.7154447609e+00	4.8958197837e+00	6.2508139784e-01
7.6100000000e+02	1.5000000000e+00	-8.1491860273e-01	3.4726744293e+00	7.7154447609e+00	4.8958197821e+00	6.2508139727e-01
7.6120000000e+02	1.5000000000e+00	-8.1491860324e-01	3.4726744264e+00	7.7154447609e+00	4.8958197806e+00	6.2508139676e-01
7.6140000000e+02	1.5000000000e+00	-8.1491860370e-01	3.4726744239e+00	7.7154447609e+00	4.8958197793e+00	6.2508139630e-01
7.6160000000e+02	1.5000000000e+00	-8.1491860411e-01	3.4726744216e+00	7.7154447609e+00	4.8958197781e+00	6.2508139589e-01
7.6180000000e+02	1.5000000000e+00	-8.1491860448e-01	3.4726744196e+00	7.7154447609e+00	4.8958197771e+00	6.2508139552e-01
7.6200000000e+02	1.5000000000e+00	-8.1491860481e-01	3.4726744177e+00	7.7154447609e+00	4.8958197761e+00	6.2508139519e-01
7.6220000000e+02	1.5000000000e+00	-8.1491860510e-01	3.4726744161e+00	7.7154447609e+00	4.8958197753e+00	6.2508139490e-01
7.6240000000e+02	1.5000000000e+00	-8.1491860537e-01	3.4726744146e+00	7.7154447609e+00	4.8958197745e+00	6.2508139463e-01
7.6260000000e+02	1.5000000000e+00	-8.1491860561e-01	3.4726744133e+00	7.7154447609e+00	4.8958197739e+00	6.2508139439e-01
7.6280000000e+02	1.5000000000e+00	-8.1491860582e-01	3.4726744121e+00	7.7154447609e+00	4.8958197732e+00	6.2508139418e-01
7.6300000000e+02	1.5000000000e+00	-8.1491860601e-01	3.4726744110e+00	7.7154447609e+00	4.8958197727e+00	6.2508139399e-01
7.6320000000e+02	1.5000000000e+00	-8.1491860618e-01	3.4726744101e+00	7.7154447609e+00	4.8958197722e+00	6.2508139382e-01
7.6340000000e+02	1.5000000000e+00	-8.1491860634e-01	3.4726744092e+00	7.7154447609e+00	4.8958197718e+00	6.2508139366e-01
7.6360000000e+02	1.5000000000e+00	-8.1491860648e-01	3.4726744085e+00	7.7154447609e+00	4.8958197714e+00	6.2508139352e-01
7.6380000000e+02	1.5000000000e+00	-8.1491860660e-01	3.4726744078e+00	7.7154447609e+00	4.8958197710e+00	6.2508139340e-01
7.6400000000e+02	1.5000000000e+00	-8.1491860671e-01	3.4726744072e+00	7.7154447609e+00	4.8958197707e+00	6.2508139329e-01
7.6420000000e+02	1.5000000000e+00	-8.1491860681e-01	3.4726744066e+00	7.7154447609e+00	4.8958197704e+00	6.2508139319e-01
7.6440000000e+02	1.5000000000e+00	-8.1491860690e-01	3.4726744061e+00	7.7154447609e+00	4.8958197702e+00	6.2508139310e-01
7.6460000000e+02	1.5000000000e+00	-8.1491860698e-01	3.4726744057e+00	7.7154447609e+00	4.8958197699e+00	6.2508139302e-01
7.6480000000e+02	1.5000000000e+00	-8.1491860705e-01	3.4726744053e+00	7.7154447609e+00	4.8958197697e+00	6.2508139295e-01
7.6500000000e+02	1.5000000000e+00	-8.1491860711e-01	3.4726744049e+00	7.7154447609e+00	4.8958197695e+00	6.2508139289e-01
7.6520000000e+02	1.5000000000e+00	-8.1491860717e-01	3.4726744046e+00	7.7154447609e+00	4.8958197694e+00	6.2508139283e-01
7.6540000000e+02	1.5000000000e+00	-8.1491860722e-01	3.4726744043e+00	7.7154447609e+00	4.8958197692e+00	6.2508139278e-01
7.6560000000e+02	1.5000000000e+00	-8.1491860727e-01	3.4726744041e+00	7.7154447609e+00	4.8958197691e+00	6.2508139273e-01
7.6580000000e+02	1.5000000000e+00	-8.1491860731e-01	3.4726744038e+00	7.7154447609e+00	4.8958197690e+00	6.2508139269e-01
7.6600000000e+02	1.5000000000e+00	-8.1491860735e-01	3.4726744036e+00	7.7154447609e+00	4.8958197689e+00	6.2508139265e-01
7.6620000000e+02	1.5000000000e+00	-8.1491860738e-01	3.4726744034e+00	7.7154447609e+00	4.8958197688e+00	6.2508139262e-01
7.6640000000e+02	1.5000000000e+00	-8.1491860741e-01	3.4726744033e+00	7.7154447609e+00	4.8958197687e+00	6.2508139259e-01
7.6660000000e+02	1.5000000000e+00	-8.1491860744e-01	3.4726744031e+00	7.7154447609e+00	4.8958197686e+00	6.2508139256e-01
7.6680000000e+02	1.5000000000e+00	-8.1491860746e-01	3.4726744030e+00	7.7154447609e+00	4.8958197685e+00	6.2508139254e-01
7.6700000000e+02	1.5000000000e+00	-8.1491860748e-01	3.4726744029e+00	7.7154447609e+00	4.8958197685e+00	6.2508139252e-01
7.6720000000e+02	1.5000000000e+00	-8.1491860750e-01	3.4726744028e+00	7.7154447609e+00	4.8958197684e+00	6.2508139250e-01
7.6740000000e+02	1.5000000000e+00	-8.1491860752e-01	3.4726744027e+00	7.7154447609e+00	4.8958197684e+00	6.2508139248e-01
7.6760000000e+02	1.5000000000e+00	-8.1491860754e-01	3.4726744026e+00	7.7154447609e+00	4.8958197683e+00	6.2508139246e-01
7.6780000000e+02	1.5000000000e+00	-8.1491860755e-01	3.4726744025e+00	7.7154447609e+00	4.8958197683e+00	6.2508139245e-01
7.6800000000e+02	1.5000000000e+00	-8.1491860756e-01	3.4726744024e+00	7.7154447609e+00	4.8958197683e+00	6.2508139244e-01
7.6820000000e+02	1.5000000000e+00	-8.1491860757e-01	3.4726744024e+00	7.7154447609e+00	4.8958197682e+00	6.2508139243e-01
7.6840000000e+02	1.5000000000e+00	-8.1491860758e-01	3.4726744023e+00	7.7154447609e+00	4.8958197682e+00	6.2508139242e-01
7.6860000000e+02	1.5000000000e+00	-8.1491860759e-01	3.4726744023e+00	7.7154447609e+00	4.8958197682e+00	6.2508139241e-01
7.6880000000e+02	1.5000000000e+00	-8.1491860760e-01	3.4726744022e+00	7.7154447609e+00	4.8958197681e+00	6.2508139240e-01
7.6900000000e+02	1.5000000000e+00	-8.1491860761e-01	3.4726744022e+00	7.7154447609e+00	4.8958197681e+00	6.2508139239e-01
7.6920000000e+02	1.5000000000e+00	-8.1491860762e-01	3.4726744021e+00	7.7154447609e+00	4.8958197681e+00	6.2508139238e-01
7.6940000000e+02	1.5000000000e+00	-8.1491860762e-01	3.4726744021e+00	7.7154447609e+00	4.8958197681e+00	6.2508139238e-01
7.6960000000e+02	1.5000000000e+00	-8.1491860763e-01	3.4726744021e+00	7.7154447609e+00	4.8958197681e+00	6.2508139237e-01
7.6980000000e+02	1.5000000000e+00	-8.1491860763e-01	3.4726744020e+00	7.7154447609e+00	4.8958197681e+00	6.2508139237e-01
7.7000000000e+02	1.5000000000e+00	-8.1491860764e-01	3.4726744020e+00	7.7154447609e+00	4.8958197680e+00	6.2508139236e-01
7.7020000000e+02	1.5000000000e+00	-8.1491860764e-01	3.4726744020e+00	7.7154447609e+00	4.8958197680e+00	6.2508139236e-01
7.7040000000e+02	1.5000000000e+00	-8.1491860764e-01	3.4726744020e+00	7.7154447609e+00	4.8958197680e+00	6.2508139236e-01
7.7060000000e+02	1.5000000000e+00	-8.1491860765e-01	3.4726744020e+00	7.7154447609e+00	4.8958197680e+00	6.2508139235e-01
7.7080000000e+02	1.5000000000e+00	-8.1491860765e-01	3.4726744020e+00	7.7154447609e+00	4.8958197680e+00	6.2508139235e-01
7.7100000000e+02	1.5000000000e+00	-8.1491860765e-01	3.4726744019e+00	7.7154447609e+00	4.8958197680e+00	6.2508139235e-01
7.7120000000e+02	1.5000000000e+00	-8.1491860765e-01	3.4726744019e+00	7.7154447609e+00	4.8958197680e+00	6.2508139235e-01
7.7140000000e+02	1.5000000000e+00	-8.1491860766e-01	3.4726744019e+00	7.7154447609e+00	4.8958197680e+00	6.2508139234e-01
7.7160000000e+02	1.5000000000e+00	-8.1491860766e-01	3.4726744019e+00	7.7154447609e+00	4.8958197680e+00	6.2508139234e-01
7.7180000000e+02	1.5000000000e+00	-8.1491860766e-01	3.4726744019e+00	7.7154447609e+00	4.8958197680e+00	6.2508139234e-01
7.7200000000e+02	1.5000000000e+00	-8.1491860766e-01	3.4726744019e+00	7.7154447609e+00	4.8958197680e+00	6.2508139234e-01
7.7220000000e+02	1.5000000000e+00	-8.1491860766e-01	3.4726744019e+00	7.7154447609e+00	4.8958197680e+00	6.2508139234e-01
7.7240000000e+02	1.5000000000e+00	-8.1491860766e-01	3.4726744019e+00	7.7154447609e+00	4.8958197680e+00	6.2508139234e-01
7.7260000000e+02	1.5000000000e+00	-8.1491860766e-01	3.4726744019e+00	7.7154447609e+00	4.8958197680e+00	6.2508139234e-01
7.7280000000e+02	1.5000000000e+00	-8.1491860766e-01	3.4726744019e+00	7.7154447609e+00	4.8958197680e+00	6.2508139234e-01
7.7300000000e+02	1.5000000000e+00	-8.1491860766e-01	3.4726744019e+00	7.7154447609e+00	4.8958197680e+00	6.2508139234e-01
7.7320000000e+02	1.5000000000e+00	-8.1491860767e-01	3.4726744019e+00	7.7154447609e+00	4.8958197680e+00	6.2508139233e-01
7.7340000000e+02	1.5000000000e+00	-8.1491860767e-01	3.4726744019e+00	7.7154447609e+00	4.8958197680e+00	6.2508139233e-01
7.7360000000e+02	1.5000000000e+00	-8.1491860767e-01	3.4726744019e+00	7.7154447609e+00	4.8958197680e+00	6.2508139233e-01
7.7380000000e+02	1.5000000000e+00	-8.1491860767e-01	3.4726744018e+00	7.7154447609e+00	4.8958197680e+00	6.2508139233e-01
7.7400000000e+02	1.5000000000e+00	-8.1491860767e-01	3.4726744018e+00	7.7154447609e+00	4.8958197680e+00	6.2508139233e-01
7.7420000000e+02	1.5000000000e+00	-8.1491860767e-01	3.4726744018e+00	7.7154447609e+00	4.8958197680e+00	6.2508139233e-01
7.7440000000e+02	1.5000000000e+00	-8.1491860767e-01	3.4726744018e+00	7.7154447609e+00	4.8958197680e+00	6.2508139233e-01
7.7460000000e+02	1.5000000000e+00	-8.1491860767e-01	3.4726744018e+00	7.7154447609e+00	4.8958197680e+00	6.2508139233e-01
7.7480000000e+02	1.5000000000e+00	-8.1491860767e-01	3.4726744018e+00	7.7154447609e+00	4.8958197680e+00	6.2508139233e-01
7.7500000000e+02	1.5000000000e+00	-8.1491860767e-01	3.4726744018e+00	7.7154447609e+00	4.8958197680e+00	6.2508139233e-01
7.7520000000e+02	1.5000000000e+00	-8.1491860767e-01	3.4726744018e+00	7.7154447609e+00	4.8958197680e+00	6.2508139233e-01
7.7540000000e+02	1.5000000000e+00	-8.1491860767e-01	3.4726744018e+00	7.7154447609e+00	4.8958197680e+00	6.2508139233e-01
7.7560000000e+02	1.5000000000e+00	-8.1491860767e-01	3.4726744018e+00	7.7154447609e+00	4.8958197680e+00	6.2508139233e-01
7.7580000000e+02	1.5000000000e+00	-8.1491860767e-01	3.4726744018e+00	7.7154447609e+00	4.8958197679e+00	6.2508139233e-01
7.7600000000e+02	1.5000000000e+00	-8.1491860767e-01	3.4726744018e+00	7.7154447609e+00	4.8958197679e+00	6.2508139233e-01
7.7620000000e+02	1.5000000000e+00	-8.1491860767e-01	3.4726744018e+00	7.7154447609e+00	4.8958197679e+00	6.2508139233e-01
7.7640000000e+02	1.5000000000e+00	-8.1491860767e-01	3.4726744018e+00	7.7154447609e+00	4.8958197679e+00	6.2508139233e-01
7.7660000000e+02	1.5000000000e+00	-8.1491860767e-01	3.4726744018e+00	7.7154447609e+00	4.8958197679e+00	6.2508139233e-01
7.7680000000e+02	1.5000000000e+00	-8.1491860767e-01	3.4726744018e+00	7.7154447609e+00	4.8958197679e+00	6.2508139233e-01
7.7700000000e+02	1.5000000000e+00	-8.1491860767e-01	3.4726744018e+00	7.7154447609e+00	4.8958197679e+00	6.2508139233e-01
7.7720000000e+02	1.5000000000e+00	-8.1491860767e-01	3.4726744018e+00	7.7154447609e+00	4.8958197679e+00	6.2508139233e-01
7.7740000000e+02	1.5000000000e+00	-8.1491860767e-01	3.4726744018e+00	7.7154447609e+00	4.8958197679e+00	6.2508139233e-01
7.7760000000e+02	1.5000000000e+00	-8.1491860767e-01	3.4726744018e+00	7.7154447609e+00	4.8958197679e+00	6.2508139233e-01
7.7780000000e+02	1.5000000000e+00	-8.1491860767e-01	3.4726744018e+00	7.7154447609e+00	4.8958197679e+00	6.2508139233e-01
7.7800000000e+02	1.5000000000e+00	-8.1491860767e-01	3.4726744018e+00	7.7154447609e+00	4.8958197679e+00	6.2508139233e-01
7.7820000000e+02	1.5000000000e+00	-8.1491860767e-01	3.4726744018e+00	7.7154447609e+00	4.8958197679e+00	6.2508139233e-01
7.7840000000e+02	1.5000000000e+00	-8.1491860767e-01	3.4726744018e+00	7.7154447609e+00	4.8958197679e+00	6.2508139233e-01
7.7860000000e+02	1.5000000000e+00	-8.1491860767e-01	3.4726744018e+00	7.7154447609e+00	4.8958197679e+00	6.2508139233e-01
7.7880000000e+02	1.5000000000e+00	-8.1491860767e-01	3.4726744018e+00	7.7154447609e+00	4.8958197679e+00	6.2508139233e-01
7.7900000000e+02	1.5000000000e+00	-8.1491860767e-01	3.4726744018e+00	7.7154447609e+00	4.8958197679e+00	6.2508139233e-01
7.7920000000e+02	1.5000000000e+00	-8.1491860767e-01	3.4726744018e+00	7.7154447609e+00	4.8958197679e+00	6.2508139233e-01
7.7940000000e+02	1.5000000000e+00	-8.1491860767e-01	3.4726744018e+00	7.7154447609e+00	4.8958197679e+00	6.2508139233e-01
7.7960000000e+02	1.5000000000e+00	-8.1491860767e-01	3.4726744018e+00	7.7154447609e+00	4.8958197679e+00	6.2508139233e-01
7.7980000000e+02	1.5000000000e+00	-8.1491860767e-01	3.4726744018e+00	7.7154447609e+00	4.8958197679e+00	6.2508139233e-01
7.8000000000e+02	1.5000000000e+00	-8.1491860767e-01	3.4726744018e+00	7.7154447609e+00	4.8958197679e+00	6.2508139233e-01
7.8020000000e+02	1.5000000000e+00	-8.1491860767e-01	3.4726744018e+00	7.7154447609e+00	4.8958197679e+00	6.2508139233e-01
7.8040000000e+02	1.5000000000e+00	-8.1491860767e-01	3.4726744018e+00	7.7154447609e+00	4.8958197679e+00	6.2508139233e-01
7.8060000000e+02	1.5000000000e+00	-8.1491860767e-01	3.4726744018e+00	7.7154447609e+00	4.8958197679e+00	6.2508139233e-01
7.8080000000e+02	1.5000000000e+00	-8.1491860767e-01	3.4726744018e+00	7.7154447609e+00	4.8958197679e+00	6.2508139233e-01
7.8100000000e+02	1.5000000000e+00	-8.1491860767e-01	3.4726744018e+00	7.7154447609e+00	4.8958197679e+00	6.2508139233e-01
7.8120000000e+02	1.5000000000e+00	-8.1491860767e-01	3.4726744018e+00	7.7154447609e+00	4.8958197679e+00	6.2508139233e-01
7.8140000000e+02	1.5000000000e+00	-8.1491860767e-01	3.4726744018e+00	7.7154447609e+00	4.8958197679e+00	6.2508139233e-01
7.8160000000e+02	1.5000000000e+00	-8.1491860767e-01	3.4726744018e+00	7.7154447609e+00	4.8958197679e+00	6.2508139233e-01
7.8180000000e+02	1.5000000000e+00	-8.1491860767e-01	3.4726744018e+00	7.7154447609e+00	4.8958197679e+00	6.2508139233e-01
7.8200000000e+02	1.5000000000e+00	-8.1491860767e-01	3.4726744018e+00	7.7154447609e+00	4.8958197679e+00	6.2508139233e-01
7.8220000000e+02	1.5000000000e+00	-8.1491860767e-01	3.4726744018e+00	7.7154447609e+00	4.8958197679e+00	6.2508139233e-01
7.8240000000e+02	1.5000000000e+00	-8.1491860767e-01	3.4726744018e+00	7.7154447609e+00	4.8958197679e+00	6.2508139233e-01
7.8260000000e+02	1.5000000000e+00	-8.1491860767e-01	3.4726744018e+00	7.7154447609e+00	4.8958197679e+00	6.2508139233e-01
7.8280000000e+02	1.5000000000e+00	-8.1491860767e-01	3.4726744018e+00	7.7154447609e+00	4.8958197679e+00	6.2508139233e-01
7.8300000000e+02	1.5000000000e+00	-8.1491860767e-01	3.4726744018e+00	7.7154447609e+00	4.8958197679e+00	6.2508139233e-01
7.8320000000e+02	1.5000000000e+00	-8.1491860767e-01	3.4726744018e+00	7.7154447609e+00	4.8958197679e+00	6.2508139233e-01
7.8340000000e+02	1.5000000000e+00	-8.1491860767e-01	3.4726744018e+00	7.7154447609e+00	4.8958197679e+00	6.2508139233e-01
7.8360000000e+02	1.5000000000e+00	-8.1491860767e-01	3.4726744018e+00	7.7154447609e+00	4.8958197679e+00	6.2508139233e-01
7.8380000000e+02	1.5000000000e+00	-8.1491860767e-01	3.4726744018e+00	7.7154447609e+00	4.8958197679e+00	6.2508139233e-01
7.8400000000e+02	1.5000000000e+00	-8.1491860767e-01	3.4726744018e+00	7.7154447609e+00	4.8958197679e+00	6.2508139233e-01
7.8420000000e+02	1.5000000000e+00	-8.1491860767e-01	3.4726744018e+00	7.7154447609e+00	4.8958197679e+00	6.2508139233e-01
7.8440000000e+02	1.5000000000e+00	-8.1491860767e-01	3.4726744018e+00	7.7154447609e+00	4.8958197679e+00	6.2508139233e-01
7.8460000000e+02	1.5000000000e+00	-8.1491860767e-01	3.4726744018e+00	7.7154447609e+00	4.8958197679e+00	6.2508139233e-01
7.8480000000e+02	1.5000000000e+00	-8.1491860767e-01	3.4726744018e+00	7.7154447609e+00	4.8958197679e+00	6.2508139233e-01
7.8500000000e+02	1.5000000000e+00	-8.1491860767e-01	3.4726744018e+00	7.7154447609e+00	4.8958197679e+00	6.2508139233e-01
7.8520000000e+02	1.5000000000e+00	-8.1491860767e-01	3.4726744018e+00	7.7154447609e+00	4.8958197679e+00	6.2508139233e-01
7.8540000000e+02	1.5000000000e+00	-8.1491860767e-01	3.4726744018e+00	7.7154447609e+00	4.8958197679e+00	6.2508139233e-01
7.8560000000e+02	1.5000000000e+00	-8.1491860767e-01	3.4726744018e+00	7.7154447609e+00	4.8958197679e+00	6.2508139233e-01
7.8580000000e+02	1.5000000000e+00	-8.1491860767e-01	3.4726744018e+00	7.7154447609e+00	4.8958197679e+00	6.2508139233e-01
7.8600000000e+02	1.5000000000e+00	-8.1491860767e-01	3.4726744018e+00	7.7154447609e+00	4.8958197679e+00	6.2508139233e-01
7.8620000000e+02	1.5000000000e+00	-8.1491860767e-01	3.4726744018e+00	7.7154447609e+00	4.8958197679e+00	6.2508139233e-01
7.8640000000e+02	1.5000000000e+00	-8.1491860767e-01	3.4726744018e+00	7.7154447609e+00	4.8958197679e+00	6.2508139233e-01
7.8660000000e+02	1.5000000000e+00	-8.1491860767e-01	3.4726744018e+00	7.7154447609e+00	4.8958197679e+00	6.2508139233e-01
7.8680000000e+02	1.5000000000e+00	-8.1491860767e-01	3.4726744018e+00	7.7154447609e+00	4.8958197679e+00	6.2508139233e-01
7.8700000000e+02	1.5000000000e+00	-8.1491860767e-01	3.4726744018e+00	7.7154447609e+00	4.8958197679e+00	6.2508139233e-01
7.8720000000e+02	1.5000000000e+00	-8.1491860767e-01	3.4726744018e+00	7.7154447609e+00	4.8958197679e+00	6.2508139233e-01
7.8740000000e+02	1.5000000000e+00	-8.1491860767e-01	3.4726744018e+00	7.7154447609e+00	4.8958197679e+00	6.2508139233e-01
7.8760000000e+02	1.5000000000e+00	-8.1491860767e-01	3.4726744018e+00	7.7154447609e+00	4.8958197679e+00	6.2508139233e-01
7.8780000000e+02	1.5000000000e+00	-8.1491860767e-01	3.4726744018e+00	7.7154447609e+00	4.8958197679e+00	6.2508139233e-01
7.8800000000e+02	1.5000000000e+00	-8.1491860767e-01	3.4726744018e+00	7.7154447609e+00	4.8958197679e+00	6.2508139233e-01
7.8820000000e+02	1.5000000000e+00	-8.1491860767e-01	3.4726744018e+00	7.7154447609e+00	4.8958197679e+00	6.2508139233e-01
7.8840000000e+02	1.5000000000e+00	-8.1491860767e-01	3.4726744018e+00	7.7154447609e+00	4.8958197679e+00	6.2508139233e-01
7.8860000000e+02	1.5000000000e+00	-8.1491860767e-01	3.4726744018e+00	7.7154447609e+00	4.8958197679e+00	6.2508139233e-01
7.8880000000e+02	1.5000000000e+00	-8.1491860767e-01	3.4726744018e+00	7.7154447609e+00	4.8958197679e+00	6.2508139233e-01
7.8900000000e+02	1.5000000000e+00	-8.1491860767e-01	3.4726744018e+00	7.7154447609e+00	4.8958197679e+00	6.2508139233e-01
7.8920000000e+02	1.5000000000e+00	-8.1491860767e-01	3.4726744018e+00	7.7154447609e+00	4.8958197679e+00	6.2508139233e-01
7.8940000000e+02	1.5000000000e+00	-8.1491860767e-01	3.4726744018e+00	7.7154447609e+00	4.8958197679e+00	6.2508139233e-01
7.8960000000e+02	1.5000000000e+00	-8.1491860767e-01	3.4726744018e+00	7.7154447609e+00	4.8958197679e+00	6.2508139233e-01
7.8980000000e+02	1.5000000000e+00	-8.1491860767e-01	3.4726744018e+00	7.7154447609e+00	4.8958197679e+00	6.2508139233e-01
7.9000000000e+02	1.5000000000e+00	-8.1491860767e-01	3.4726744018e+00	7.7154447609e+00	4.8958197679e+00	6.2508139233e-01
7.9020000000e+02	1.5000000000e+00	-8.1491860767e-01	3.4726744018e+00	7.7154447609e+00	4.8958197679e+00	6.2508139233e-01
7.9040000000e+02	1.5000000000e+00	-8.1491860767e-01	3.4726744018e+00	7.7154447609e+00	4.8958197679e+00	6.2508139233e-01
7.9060000000e+02	1.5000000000e+00	-8.1491860767e-01	3.4726744018e+00	7.7154447609e+00	4.8958197679e+00	6.2508139233e-01
7.9080000000e+02	1.5000000000e+00	-8.1491860767e-01	3.4726744018e+00	7.7154447609e+00	4.8958197679e+00	6.2508139233e-01
7.9100000000e+02	1.5000000000e+00	-8.1491860767e-01	3.4726744018e+00	7.7154447609e+00	4.8958197679e+00	6.2508139233e-01
7.9120000000e+02	1.5000000000e+00	-8.1491860767e-01	3.4726744018e+00	7.7154447609e+00	4.8958197679e+00	6.2508139233e-01
7.9140000000e+02	1.5000000000e+00	-8.1491860767e-01	3.4726744018e+00	7.7154447609e+00	4.8958197679e+00	6.2508139233e-01
7.9160000000e+02	1.5000000000e+00	-8.1491860767e-01	3.4726744018e+00	7.7154447609e+00	4.8958197679e+00	6.2508139233e-01
7.9180000000e+02	1.5000000000e+00	-8.1491860767e-01	3.4726744018e+00	7.7154447609e+00	4.8958197679e+00	6.2508139233e-01
7.9200000000e+02	1.5000000000e+00	-8.1491860767e-01	3.4726744018e+00	7.7154447609e+00	4.8958197679e+00	6.2508139233e-01
7.9220000000e+02	1.5000000000e+00	-8.1491860767e-01	3.4726744018e+00	7.7154447609e+00	4.8958197679e+00	6.2508139233e-01
7.9240000000e+02	1.5000000000e+00	-8.1491860767e-01	3.4726744018e+00	7.7154447609e+00	4.8958197679e+00	6.2508139233e-01
7.9260000000e+02	1.5000000000e+00	-8.1491860767e-01	3.4726744018e+00	7.7154447609e+00	4.8958197679e+00	6.2508139233e-01
7.9280000000e+02	1.5000000000e+00	-8.1491860767e-01	3.4726744018e+00	7.7154447609e+00	4.8958197679e+00	6.2508139233e-01
7.9300000000e+02	1.5000000000e+00	-8.1491860767e-01	3.4726744018e+00	7.7154447609e+00	4.8958197679e+00	6.2508139233e-01
7.9320000000e+02	1.5000000000e+00	-8.1491860767e-01	3.4726744018e+00	7.7154447609e+00	4.8958197679e+00	6.2508139233e-01
7.9340000000e+02	1.5000000000e+00	-8.1491860767e-01	3.4726744018e+00	7.7154447609e+00	4.8958197679e+00	6.2508139233e-01
7.9360000000e+02	1.5000000000e+00	-8.1491860767e-01	3.4726744018e+00	7.7154447609e+00	4.8958197679e+00	6.2508139233e-01
7.9380000000e+02	1.5000000000e+00	-8.1491860767e-01	3.4726744018e+00	7.7154447609e+00	4.8958197679e+00	6.2508139233e-01
7.9400000000e+02	1.5000000000e+00	-8.1491860767e-01	3.4726744018e+00	7.7154447609e+00	4.8958197679e+00	6.2508139233e-01
7.9420000000e+02	1.5000000000e+00	-8.1491860767e-01	3.4726744018e+00	7.7154447609e+00	4.8958197679e+00	6.2508139233e-01
7.9440000000e+02	1.5000000000e+00	-8.1491860767e-01	3.4726744018e+00	7.7154447609e+00	4.8958197679e+00	6.2508139233e-01
7.9460000000e+02	1.5000000000e+00	-8.1491860767e-01	3.4726744018e+00	7.7154447609e+00	4.8958197679e+00	6.2508139233e-01
7.9480000000e+02	1.5000000000e+00	-8.1491860767e-01	3.4726744018e+00	7.7154447609e+00	4.8958197679e+00	6.2508139233e-01
7.9500000000e+02	1.5000000000e+00	-8.1491860767e-01	3.4726744018e+00	7.7154447609e+00	4.8958197679e+00	6.2508139233e-01
7.9520000000e+02	1.5000000000e+00	-8.1491860767e-01	3.4726744018e+00	7.7154447609e+00	4.8958197679e+00	6.2508139233e-01
7.9540000000e+02	1.5000000000e+00	-8.1491860767e-01	3.4726744018e+00	7.7154447609e+00	4.8958197679e+00	6.2508139233e-01
7.9560000000e+02	1.5000000000e+00	-8.1491860767e-01	3.4726744018e+00	7.7154447609e+00	4.8958197679e+00	6.2508139233e-01
7.9580000000e+02	1.5000000000e+00	-8.1491860767e-01	3.4726744018e+00	7.7154447609e+00	4.8958197679e+00	6.2508139233e-01
7.9600000000e+02	1.5000000000e+00	-8.1491860767e-01	3.4726744018e+00	7.7154447609e+00	4.8958197679e+00	6.2508139233e-01
7.9620000000e+02	1.5000000000e+00	-8.1491860767e-01	3.4726744018e+00	7.7154447609e+00	4.8958197679e+00	6.2508139233e-01
7.9640000000e+02	1.5000000000e+00	-8.1491860767e-01	3.4726744018e+00	7.7154447609e+00	4.8958197679e+00	6.2508139233e-01
7.9660000000e+02	1.5000000000e+00	-8.1491860767e-01	3.4726744018e+00	7.7154447609e+00	4.8958197679e+00	6.2508139233e-01
7.9680000000e+02	1.5000000000e+00	-8.1491860767e-01	3.4726744018e+00	7.7154447609e+00	4.8958197679e+00	6.2508139233e-01
7.9700000000e+02	1.5000000000e+00	-8.1491860767e-01	3.4726744018e+00	7.7154447609e+00	4.8958197679e+00	6.2508139233e-01
7.9720000000e+02	1.5000000000e+00	-8.1491860767e-01	3.4726744018e+00	7.7154447609e+00	4.8958197679e+00	6.2508139233e-01
7.9740000000e+02	1.5000000000e+00	-8.1491860767e-01	3.4726744018e+00	7.7154447609e+00	4.8958197679e+00	6.2508139233e-01
7.9760000000e+02	1.5000000000e+00	-8.1491860767e-01	3.4726744018e+00	7.7154447609e+00	4.8958197679e+00	6.2508139233e-01
7.9780000000e+02	1.5000000000e+00	-8.1491860767e-01	3.4726744018e+00	7.7154447609e+00	4.8958197679e+00	6.2508139233e-01
7.9800000000e+02	1.5000000000e+00	-8.1491860767e-01	3.4726744018e+00	7.7154447609e+00	4.8958197679e+00	6.2508139233e-01
7.9820000000e+02	1.5000000000e+00	-8.1491860767e-01	3.4726744018e+00	7.7154447609e+00	4.8958197679e+00	6.2508139233e-01
7.9840000000e+02	1.5000000000e+00	-8.1491860767e-01	3.4726744018e+00	7.7154447609e+00	4.8958197679e+00	6.2508139233e-01
7.9860000000e+02	1.5000000000e+00	-8.1491860767e-01	3.4726744018e+00	7.7154447609e+00	4.8958197679e+00	6.2508139233e-01
7.9880000000e+02	1.5000000000e+00	-8.1491860767e-01	3.4726744018e+00	7.7154447609e+00	4.8958197679e+00	6.2508139233e-01
7.9900000000e+02	1.5000000000e+00	-8.1491860767e-01	3.4726744018e+00	7.7154447609e+00	4.8958197679e+00	6.2508139233e-01
7.9920000000e+02	1.5000000000e+00	-8.1491860767e-01	3.4726744018e+00	7.7154447609e+00	4.8958197679e+00	6.2508139233e-01
7.9940000000e+02	1.5000000000e+00	-8.1491860767e-01	3.4726744018e+00	7.7154447609e+00	4.8958197679e+00	6.2508139233e-01
7.9960000000e+02	1.5000000000e+00	-8.1491860767e-01	3.4726744018e+00	7.7154447609e+00	4.8958197679e+00	6.2508139233e-01
7.9980000000e+02	1.5000000000e+00	-8.1491860767e-01	3.4726744018e+00	7.7154447609e+00	4.8958197679e+00	6.2508139233e-01
8.0000000000e+02	-1.5000000000e+00	-8.1491860767e-01	3.4726744018e+00	7.7154447609e+00	4.8958197679e+00	6.2508139233e-01
8.0020000000e+02	-1.5000000000e+00	-8.0726797131e-01	3.5151779372e+00	7.0375248474e+00	4.4854676237e+00	6.3273202869e-01
8.0040000000e+02	-1.5000000000e+00	-7.8645071134e-01	3.6308293815e+00	6.4442274267e+00	4.1553186390e+00	6.5354928866e-01
8.0060000000e+02	-1.5000000000e+00	-7.5501588148e-01	3.8054673251e+00	5.9249893538e+00	3.8838136751e+00	6.8498411852e-01
8.0080000000e+02	-1.5000000000e+00	-7.1484150579e-01	4.0286583012e+00	5.4705660461e+00	3.6557124675e+00	7.2515849421e-01
8.0100000000e+02	-1.5000000000e+00	-6.6733744056e-01	4.2925697746e+00	5.0728668917e+00	3.4605313679e+00	7.7266255944e-01
8.0120000000e+02	-1.5000000000e+00	-6.1359263395e-01	4.5911520336e+00	4.7248112027e+00	3.2911282354e+00	8.2640736605e-01
8.0140000000e+02	-1.5000000000e+00	-5.5447632282e-01	4.9195759843e+00	4.4202021501e+00	3.1426087947e+00	8.8552367718e-01
8.0160000000e+02	-1.5000000000e+00	-4.9070520878e-01	5.2738599512e+00	4.1536164346e+00	3.0115497843e+00	9.4929479122e-01
8.0180000000e+02	-1.5000000000e+00	-4.2288710432e-01	5.6506271982e+00	3.9203077291e+00	2.8954746984e+00	1.0171128957e+00
8.0200000000e+02	-1.5000000000e+00	-3.5154897591e-01	6.0469501338e+00	3.7161221750e+00	2.7925120834e+00	1.0884510241e+00
8.0220000000e+02	-1.5000000000e+00	-2.7715494587e-01	6.4602503007e+00	3.5374244258e+00	2.7011786175e+00	1.1628450541e+00
8.0240000000e+02	-1.5000000000e+00	-2.0011798410e-01	6.8882334217e+00	3.3810329236e+00	2.6202444152e+00	1.2398820159e+00
8.0260000000e+02	-1.5000000000e+00	-1.2080771374e-01	7.3288460348e+00	3.2441632535e+00	2.5486510237e+00	1.3191922863e+00
8.0280000000e+02	-1.5000000000e+00	-3.9555866103e-02	7.7802451883e+00	3.1243785701e+00	2.4854623651e+00	1.4004441339e+00
8.0300000000e+02	-1.5000000000e+00	4.3339666451e-02	8.2407759247e+00	3.0195462111e+00	2.4298357764e+00	1.4833396665e+00
8.0320000000e+02	-1.5000000000e+00	1.2761160785e-01	8.7089533769e+00	2.9277997276e+00	2.3810049803e+00	1.5676116079e+00
8.0340000000e+02	-1.5000000000e+00	2.1302057141e-01	9.1834476190e+00	2.8475056530e+00	2.3382699057e+00	1.6530205714e+00
8.0360000000e+02	-1.5000000000e+00	2.9935263982e-01	9.6630702212e+00	2.7772344213e+00	2.3009902817e+00	1.7393526398e+00
8.0380000000e+02	-1.5000000000e+00	3.8641715031e-01	1.0146761946e+01	2.7157349143e+00	2.2685811911e+00	1.8264171503e+00
8.0400000000e+02	-1.5000000000e+00	4.7404463360e-01	1.0633581298e+01	2.6619121865e+00	2.2405095575e+00	1.9140446336e+00
8.0420000000e+02	-1.5000000000e+00	5.6208488335e-01	1.1122693796e+01	2.6148079712e+00	2.2162910186e+00	2.0020848833e+00
8.0440000000e+02	-1.5000000000e+00	6.5040514652e-01	1.1613361925e+01	2.5735836188e+00	2.1954869175e+00	2.0904051465e+00
8.0460000000e+02	-1.5000000000e+00	7.3888843245e-01	1.2104935736e+01	2.5375051655e+00	2.1777013049e+00	2.1788884324e+00
8.0480000000e+02	-1.5000000000e+00	8.2743193963e-01	1.2596844109e+01	2.5059302657e+00	2.1625779292e+00	2.2674319396e+00
8.0500000000e+02	-1.5000000000e+00	9.1594560006e-01	1.3088586667e+01	2.4782967559e+00	2.1497972336e+00	2.3559456001e+00
8.0520000000e+02	-1.5000000000e+00	1.0043507394e+00	1.3579726330e+01	2.4541126454e+00	2.1390733959e+00	2.4443507394e+00
8.0540000000e+02	-1.5000000000e+00	1.0925788499e+00	1.4069882500e+01	2.4329473571e+00	2.1301514459e+00	2.5325788499e+00
8.0560000000e+02	-1.5000000000e+00	1.1805704727e+00	1.4558724849e+01	2.4144240616e+00	2.1228044974e+00	2.6205704727e+00
8.0580000000e+02	-1.5000000000e+00	1.2682741831e+00	1.5045967684e+01	2.3982129675e+00	2.1168311167e+00	2.7082741831e+00
8.0600000000e+02	-1.5000000000e+00	1.3556456739e+00	1.5531364855e+01	2.3840254505e+00	2.1120528494e+00	2.7956456739e+00
8.0620000000e+02	-1.5000000000e+00	1.4426469301e+00	1.6014705167e+01	2.3716089142e+00	2.1083119141e+00	2.8826469301e+00
8.0640000000e+02	-1.5000000000e+00	1.5292454882e+00	1.6495808268e+01	2.3607422928e+00	2.1054690700e+00	2.9692454882e+00
8.0660000000e+02	-1.5000000000e+00	1.6154137728e+00	1.6974520960e+01	2.3512321158e+00	2.1034016572e+00	3.0554137728e+00
8.0680000000e+02	-1.5000000000e+00	1.7011285055e+00	1.7450713919e+01	2.3429090626e+00	2.1020018062e+00	3.1411285055e+00
8.0700000000e+02	-1.5000000000e+00	1.7863701774e+00	1.7924278763e+01	2.3356249485e+00	2.1011748109e+00	3.2263701774e+00
8.0720000000e+02	-1.5000000000e+00	1.8711225817e+00	1.8395125454e+01	2.3292500861e+00	2.1008376558e+00	3.3111225817e+00
8.0740000000e+02	-1.5000000000e+00	1.9553723980e+00	1.8863179989e+01	2.3236709767e+00	2.1009176881e+00	3.3953723980e+00
8.0760000000e+02	-1.5000000000e+00	2.0391088251e+00	1.9328382362e+01	2.3187882890e+00	2.1013514249e+00	3.4791088251e+00
8.0780000000e+02	-1.5000000000e+00	2.1223232566e+00	1.9790684759e+01	2.3145150910e+00	2.1020834840e+00	3.5623232566e+00
8.0800000000e+02	-1.5000000000e+00	2.2050089942e+00	2.0250049968e+01	2.3107753021e+00	2.1030656291e+00	3.6450089942e+00
8.0820000000e+02	-1.5000000000e+00	2.2871609954e+00	2.0706449975e+01	2.3075023387e+00	2.1042559183e+00	3.7271609954e+00
8.0840000000e+02	-1.5000000000e+00	2.3687756519e+00	2.1159864733e+01	2.3046379284e+00	2.1056179466e+00	3.8087756519e+00
8.0860000000e+02	-1.5000000000e+00	2.4498505943e+00	2.1610281079e+01	2.3021310730e+00	2.1071201737e+00	3.8898505943e+00
8.0880000000e+02	-1.5000000000e+00	2.5303845208e+00	2.2057691782e+01	2.2999371399e+00	2.1087353272e+00	3.9703845208e+00
8.0900000000e+02	-1.5000000000e+00	2.6103770479e+00	2.2502094710e+01	2.2980170683e+00	2.1104398758e+00	4.0503770479e+00
8.0920000000e+02	-1.5000000000e+00	2.6898285787e+00	2.2943492104e+01	2.2963366728e+00	2.1122135626e+00	4.1298285787e+00
8.0940000000e+02	-1.5000000000e+00	2.7687401884e+00	2.3381889935e+01	2.2948660356e+00	2.1140389938e+00	4.2087401884e+00
8.0960000000e+02	-1.5000000000e+00	2.8471135241e+00	2.3817297356e+01	2.2935789731e+00	2.1159012757e+00	4.2871135241e+00
8.0980000000e+02	-1.5000000000e+00	2.9249507176e+00	2.4249726209e+01	2.2924525703e+00	2.1177876955e+00	4.3649507176e+00
8.1000000000e+02	-1.5000000000e+00	3.0022543094e+00	2.4679190608e+01	2.2914667727e+00	2.1196874405e+00	4.4422543094e+00
8.1020000000e+02	-1.5000000000e+00	3.0790271823e+00	2.5105706568e+01	2.2906040289e+00	2.1215913508e+00	4.5190271823e+00
8.1040000000e+02	-1.5000000000e+00	3.1552725043e+00	2.5529291690e+01	2.2898489785e+00	2.1234917032e+00	4.5952725043e+00
8.1060000000e+02	-1.5000000000e+00	3.2309936787e+00	2.5949964882e+01	2.2891881786e+00	2.1253820208e+00	4.6709936787e+00
8.1080000000e+02	-1.5000000000e+00	3.3061943013e+00	2.6367746118e+01	2.2886098641e+00	2.1272569068e+00	4.7461943013e+00
8.1100000000e+02	-1.5000000000e+00	3.3808781225e+00	2.6782656236e+01	2.2881037387e+00	2.1291118986e+00	4.8208781225e+00
8.1120000000e+02	-1.5000000000e+00	3.4550490158e+00	2.7194716755e+01	2.2876607913e+00	2.1309433406e+00	4.8950490158e+00
8.1140000000e+02	-1.5000000000e+00	3.5287109501e+00	2.7603949723e+01	2.2872731355e+00	2.1327482727e+00	4.9687109501e+00
8.1160000000e+02	-1.5000000000e+00	3.6018679653e+00	2.8010377585e+01	2.2869338695e+00	2.1345243330e+00	5.0418679653e+00
8.1180000000e+02	-1.5000000000e+00	3.6745241530e+00	2.8414023072e+01	2.2866369530e+00	2.1362696735e+00	5.1145241530e+00
8.1200000000e+02	-1.5000000000e+00	3.7466836381e+00	2.8814909100e+01	2.2863770995e+00	2.1379828861e+00	5.1866836381e+00
8.1220000000e+02	-1.5000000000e+00	3.8183505647e+00	2.9213058693e+01	2.2861496827e+00	2.1396629379e+00	5.2583505647e+00
8.1240000000e+02	-1.5000000000e+00	3.8895290832e+00	2.9608494907e+01	2.2859506536e+00	2.1413091159e+00	5.3295290832e+00
8.1260000000e+02	-1.5000000000e+00	3.9602233397e+00	3.0001240776e+01	2.2857764687e+00	2.1429209785e+00	5.4002233397e+00
8.1280000000e+02	-1.5000000000e+00	4.0304374673e+00	3.0391319263e+01	2.2856240266e+00	2.1444983128e+00	5.4704374673e+00
8.1300000000e+02	-1.5000000000e+00	4.1001755783e+00	3.0778753213e+01	2.2854906134e+00	2.1460410988e+00	5.5401755783e+00
8.1320000000e+02	-1.5000000000e+00	4.1694417581e+00	3.1163565323e+01	2.2853738537e+00	2.1475494774e+00	5.6094417581e+00
8.1340000000e+02	-1.5000000000e+00	4.2382400602e+00	3.1545778112e+01	2.2852716688e+00	2.1490237236e+00	5.6782400602e+00
8.1360000000e+02	-1.5000000000e+00	4.3065745020e+00	3.1925413900e+01	2.2851822392e+00	2.1504642225e+00	5.7465745020e+00
8.1380000000e+02	-1.5000000000e+00	4.3744490612e+00	3.2302494785e+01	2.2851039729e+00	2.1518714493e+00	5.8144490612e+00
8.1400000000e+02	-1.5000000000e+00	4.4418676735e+00	3.2677042631e+01	2.2850354763e+00	2.1532459520e+00	5.8818676735e+00
8.1420000000e+02	-1.5000000000e+00	4.5088342301e+00	3.3049079056e+01	2.2849755299e+00	2.1545883362e+00	5.9488342301e+00
8.1440000000e+02	-1.5000000000e+00	4.5753525766e+00	3.3418625425e+01	2.2849230664e+00	2.1558992525e+00	6.0153525766e+00
8.1460000000e+02	-1.5000000000e+00	4.6414265113e+00	3.3785702840e+01	2.2848771517e+00	2.1571793858e+00	6.0814265113e+00
8.1480000000e+02	-1.5000000000e+00	4.7070597849e+00	3.4150332138e+01	2.2848369684e+00	2.1584294455e+00	6.1470597849e+00
8.1500000000e+02	-1.5000000000e+00	4.7722560999e+00	3.4512533888e+01	2.2848018011e+00	2.1596501582e+00	6.2122560999e+00
8.1520000000e+02	-1.5000000000e+00	4.8370191102e+00	3.4872328390e+01	2.2847710236e+00	2.1608422605e+00	6.2770191102e+00
8.1540000000e+02	-1.5000000000e+00	4.9013524216e+00	3.5229735676e+01	2.2847440879e+00	2.1620064941e+00	6.3413524216e+00
8.1560000000e+02	-1.5000000000e+00	4.9652595914e+00	3.5584775508e+01	2.2847205145e+00	2.1631436003e+00	6.4052595914e+00
8.1580000000e+02	-1.5000000000e+00	5.0287441292e+00	3.5937467385e+01	2.2846998837e+00	2.1642543168e+00	6.4687441292e+00
8.1600000000e+02	-1.5000000000e+00	5.0918094973e+00	3.6287830540e+01	2.2846818282e+00	2.1653393742e+00	6.5318094973e+00
8.1620000000e+02	-1.5000000000e+00	5.1544591111e+00	3.6635883950e+01	2.2846660265e+00	2.1663994933e+00	6.5944591111e+00
8.1640000000e+02	-1.5000000000e+00	5.2166963399e+00	3.6981646333e+01	2.2846521973e+00	2.1674353831e+00	6.6566963399e+00
8.1660000000e+02	-1.5000000000e+00	5.2785245079e+00	3.7325136155e+01	2.2846400943e+00	2.1684477391e+00	6.7185245079e+00
8.1680000000e+02	-1.5000000000e+00	5.3399468944e+00	3.7666371636e+01	2.2846295021e+00	2.1694372419e+00	6.7799468944e+00
8.1700000000e+02	-1.5000000000e+00	5.4009667351e+00	3.8005370751e+01	2.2846202321e+00	2.1704045561e+00	6.8409667351e+00
8.1720000000e+02	-1.5000000000e+00	5.4615872227e+00	3.8342151237e+01	2.2846121192e+00	2.1713503298e+00	6.9015872227e+00
8.1740000000e+02	-1.5000000000e+00	5.5218115080e+00	3.8676730600e+01	2.2846050191e+00	2.1722751939e+00	6.9618115080e+00
8.1760000000e+02	-1.5000000000e+00	5.5816427004e+00	3.9009126113e+01	2.2845988052e+00	2.1731797616e+00	7.0216427004e+00
8.1780000000e+02	-1.5000000000e+00	5.6410838692e+00	3.9339354829e+01	2.2845933670e+00	2.1740646286e+00	7.0810838692e+00
8.1800000000e+02	-1.5000000000e+00	5.7001380442e+00	3.9667433579e+01	2.2845886076e+00	2.1749303728e+00	7.1401380442e+00
8.1820000000e+02	-1.5000000000e+00	5.7588082166e+00	3.9993378981e+01	2.2845844423e+00	2.1757775543e+00	7.1988082166e+00
8.1840000000e+02	-1.5000000000e+00	5.8170973400e+00	4.0317207444e+01	2.2845807970e+00	2.1766067157e+00	7.2570973400e+00
8.1860000000e+02	-1.5000000000e+00	5.8750083312e+00	4.0638935173e+01	2.2845776067e+00	2.1774183825e+00	7.3150083312e+00
8.1880000000e+02	-1.5000000000e+00	5.9325440708e+00	4.0958578171e+01	2.2845748146e+00	2.1782130628e+00	7.3725440708e+00
8.1900000000e+02	-1.5000000000e+00	5.9897074045e+00	4.1276152247e+01	2.2845723710e+00	2.1789912483e+00	7.4297074045e+00
8.1920000000e+02	-1.5000000000e+00	6.0465011435e+00	4.1591673019e+01	2.2845702325e+00	2.1797534143e+00	7.4865011435e+00
8.1940000000e+02	-1.5000000000e+00	6.1029280653e+00	4.1905155919e+01	2.2845683609e+00	2.1805000203e+00	7.5429280653e+00
8.1960000000e+02	-1.5000000000e+00	6.1589909148e+00	4.2216616193e+01	2.2845667230e+00	2.1812315101e+00	7.5989909148e+00
8.1980000000e+02	-1.5000000000e+00	6.2146924046e+00	4.2526068914e+01	2.2845652895e+00	2.1819483127e+00	7.6546924046e+00
8.2000000000e+02	-1.5000000000e+00	6.2700352160e+00	4.2833528978e+01	2.2845640349e+00	2.1826508424e+00	7.7100352160e+00
8.2020000000e+02	-1.5000000000e+00	6.3250219999e+00	4.3139011110e+01	2.2845629370e+00	2.1833394994e+00	7.7650219999e+00
8.2040000000e+02	-1.5000000000e+00	6.3796553767e+00	4.3442529871e+01	2.2845619761e+00	2.1840146701e+00	7.8196553767e+00
8.2060000000e+02	-1.5000000000e+00	6.4339379381e+00	4.3744099656e+01	2.2845611351e+00	2.1846767281e+00	7.8739379381e+00
8.2080000000e+02	-1.5000000000e+00	6.4878722466e+00	4.4043734703e+01	2.2845603991e+00	2.1853260336e+00	7.9278722466e+00
8.2100000000e+02	-1.5000000000e+00	6.5414608370e+00	4.4341449094e+01	2.2845597550e+00	2.1859629351e+00	7.9814608370e+00
8.2120000000e+02	-1.5000000000e+00	6.5947062164e+00	4.4637256758e+01	2.2845591913e+00	2.1865877689e+00	8.0347062164e+00
8.2140000000e+02	-1.5000000000e+00	6.6476108654e+00	4.4931171474e+01	2.2845586980e+00	2.1872008598e+00	8.0876108654e+00
8.2160000000e+02	-1.5000000000e+00	6.7001772378e+00	4.5223206877e+01	2.2845582662e+00	2.1878025218e+00	8.1401772378e+00
8.2180000000e+02	-1.5000000000e+00	6.7524077622e+00	4.5513376456e+01	2.2845578883e+00	2.1883930582e+00	8.1924077622e+00
8.2200000000e+02	-1.5000000000e+00	6.8043048414e+00	4.5801693563e+01	2.2845575576e+00	2.1889727619e+00	8.2443048414e+00
8.2220000000e+02	-1.5000000000e+00	6.8558708539e+00	4.6088171411e+01	2.2845572682e+00	2.1895419162e+00	8.2958708539e+00
8.2240000000e+02	-1.5000000000e+00	6.9071081539e+00	4.6372823077e+01	2.2845570149e+00	2.1901007947e+00	8.3471081539e+00
8.2260000000e+02	-1.5000000000e+00	6.9580190717e+00	4.6655661510e+01	2.2845567932e+00	2.1906496621e+00	8.3980190717e+00
8.2280000000e+02	-1.5000000000e+00	7.0086059146e+00	4.6936699525e+01	2.2845565992e+00	2.1911887742e+00	8.4486059146e+00
8.2300000000e+02	-1.5000000000e+00	7.0588709667e+00	4.7215949815e+01	2.2845564295e+00	2.1917183785e+00	8.4988709667e+00
8.2320000000e+02	-1.5000000000e+00	7.1088164900e+00	4.7493424944e+01	2.2845562809e+00	2.1922387141e+00	8.5488164900e+00
8.2340000000e+02	-1.5000000000e+00	7.1584447244e+00	4.7769137358e+01	2.2845561508e+00	2.1927500126e+00	8.5984447244e+00
8.2360000000e+02	-1.5000000000e+00	7.2077578883e+00	4.8043099379e+01	2.2845560370e+00	2.1932524980e+00	8.6477578883e+00
8.2380000000e+02	-1.5000000000e+00	7.2567581788e+00	4.8315323216e+01	2.2845559374e+00	2.1937463871e+00	8.6967581788e+00
8.2400000000e+02	-1.5000000000e+00	7.3054477723e+00	4.8585820957e+01	2.2845558502e+00	2.1942318896e+00	8.7454477723e+00
8.2420000000e+02	-1.5000000000e+00	7.3538288248e+00	4.8854604582e+01	2.2845557739e+00	2.1947092087e+00	8.7938288248e+00
8.2440000000e+02	-1.5000000000e+00	7.4019034720e+00	4.9121685956e+01	2.2845557072e+00	2.1951785411e+00	8.8419034720e+00
8.2460000000e+02	-1.5000000000e+00	7.4496738303e+00	4.9387076835e+01	2.2845556487e+00	2.1956400774e+00	8.8896738303e+00
8.2480000000e+02	-1.5000000000e+00	7.4971419962e+00	4.9650788868e+01	2.2845555976e+00	2.1960940020e+00	8.9371419962e+00
8.2500000000e+02	-1.5000000000e+00	7.5443100476e+00	4.9912833598e+01	2.2845555528e+00	2.1965404940e+00	8.9843100476e+00
8.2520000000e+02	-1.5000000000e+00	7.5911800433e+00	5.0173222463e+01	2.2845555137e+00	2.1969797265e+00	9.0311800433e+00
8.2540000000e+02	-1.5000000000e+00	7.6377540239e+00	5.0431966799e+01	2.2845554794e+00	2.1974118676e+00	9.0777540239e+00
8.2560000000e+02	-1.5000000000e+00	7.6840340117e+00	5.0689077843e+01	2.2845554494e+00	2.1978370803e+00	9.1240340117e+00
8.2580000000e+02	-1.5000000000e+00	7.7300220112e+00	5.0944566729e+01	2.2845554231e+00	2.1982555225e+00	9.1700220112e+00
8.2600000000e+02	-1.5000000000e+00	7.7757200093e+00	5.1198444496e+01	2.2845554002e+00	2.1986673475e+00	9.2157200093e+00
8.2620000000e+02	-1.5000000000e+00	7.8211299757e+00	5.1450722087e+01	2.2845553801e+00	2.1990727040e+00	9.2611299757e+00
8.2640000000e+02	-1.5000000000e+00	7.8662538630e+00	5.1701410350e+01	2.2845553625e+00	2.1994717363e+00	9.3062538630e+00
8.2660000000e+02	-1.5000000000e+00	7.9110936069e+00	5.1950520038e+01	2.2845553471e+00	2.1998645843e+00	9.3510936069e+00
8.2680000000e+02	-1.5000000000e+00	7.9556511266e+00	5.2198061815e+01	2.2845553336e+00	2.2002513841e+00	9.3956511266e+00
8.2700000000e+02	-1.5000000000e+00	7.9999283253e+00	5.2444046252e+01	2.2845553218e+00	2.2006322676e+00	9.4399283253e+00
8.2720000000e+02	-1.5000000000e+00	8.0439270898e+00	5.2688483832e+01	2.2845553115e+00	2.2010073631e+00	9.4839270898e+00
8.2740000000e+02	-1.5000000000e+00	8.0876492912e+00	5.2931384951e+01	2.2845553024e+00	2.2013767951e+00	9.5276492912e+00
8.2760000000e+02	-1.5000000000e+00	8.1310967850e+00	5.3172759917e+01	2.2845552945e+00	2.2017406846e+00	9.5710967850e+00
8.2780000000e+02	-1.5000000000e+00	8.1742714113e+00	5.3412618952e+01	2.2845552876e+00	2.2020991492e+00	9.6142714113e+00
8.2800000000e+02	-1.5000000000e+00	8.2171749951e+00	5.3650972195e+01	2.2845552815e+00	2.2024523032e+00	9.6571749951e+00
8.2820000000e+02	-1.5000000000e+00	8.2598093464e+00	5.3887829702e+01	2.2845552762e+00	2.2028002577e+00	9.6998093464e+00
8.2840000000e+02	-1.5000000000e+00	8.3021762604e+00	5.4123201446e+01	2.2845552716e+00	2.2031431207e+00	9.7421762604e+00
8.2860000000e+02	-1.5000000000e+00	8.3442775177e+00	5.4357097321e+01	2.2845552675e+00	2.2034809973e+00	9.7842775177e+00
8.2880000000e+02	-1.5000000000e+00	8.3861148847e+00	5.4589527137e+01	2.2845552640e+00	2.2038139898e+00	9.8261148847e+00
8.2900000000e+02	-1.5000000000e+00	8.4276901135e+00	5.4820500631e+01	2.2845552609e+00	2.2041421974e+00	9.8676901135e+00
8.2920000000e+02	-1.5000000000e+00	8.4690049422e+00	5.5050027457e+01	2.2845552581e+00	2.2044657171e+00	9.9090049422e+00
8.2940000000e+02	-1.5000000000e+00	8.5100610951e+00	5.5278117195e+01	2.2845552558e+00	2.2047846429e+00	9.9500610951e+00
8.2960000000e+02	-1.5000000000e+00	8.5508602827e+00	5.5504779349e+01	2.2845552537e+00	2.2050990666e+00	9.9908602827e+00
8.2980000000e+02	-1.5000000000e+00	8.5914042024e+00	5.5730023346e+01	2.2845552519e+00	2.2054090773e+00	1.0031404202e+01
8.3000000000e+02	-1.5000000000e+00	8.6316945378e+00	5.5953858543e+01	2.2845552503e+00	2.2057147621e+00	1.0071694538e+01
8.3020000000e+02	-1.5000000000e+00	8.6717329598e+00	5.6176294221e+01	2.2845552489e+00	2.2060162054e+00	1.0111732960e+01
8.3040000000e+02	-1.5000000000e+00	8.7115211259e+00	5.6397339588e+01	2.2845552476e+00	2.2063134899e+00	1.0151521126e+01
8.3060000000e+02	-1.5000000000e+00	8.7510606811e+00	5.6617003784e+01	2.2845552466e+00	2.2066066958e+00	1.0191060681e+01
8.3080000000e+02	-1.5000000000e+00	8.7903532576e+00	5.6835295876e+01	2.2845552456e+00	2.2068959015e+00	1.0230353258e+01
8.3100000000e+02	-1.5000000000e+00	8.8294004750e+00	5.7052224861e+01	2.2845552448e+00	2.2071811831e+00	1.0269400475e+01
8.3120000000e+02	-1.5000000000e+00	8.8682039404e+00	5.7267799669e+01	2.2845552441e+00	2.2074626152e+00	1.0308203940e+01
8.3140000000e+02	-1.5000000000e+00	8.9067652490e+00	5.7482029161e+01	2.2845552435e+00	2.2077402701e+00	1.0346765249e+01
8.3160000000e+02	-1.5000000000e+00	8.9450859836e+00	5.7694922131e+01	2.2845552429e+00	2.2080142186e+00	1.0385085984e+01
8.3180000000e+02	-1.5000000000e+00	8.9831677151e+00	5.7906487306e+01	2.2845552424e+00	2.2082845297e+00	1.0423167715e+01
8.3200000000e+02	-1.5000000000e+00	9.0210120026e+00	5.8116733348e+01	2.2845552420e+00	2.2085512706e+00	1.0461012003e+01
8.3220000000e+02	-1.5000000000e+00	9.0586203935e+00	5.8325668853e+01	2.2845552416e+00	2.2088145069e+00	1.0498620393e+01
8.3240000000e+02	-1.5000000000e+00	9.0959944234e+00	5.8533302352e+01	2.2845552413e+00	2.2090743027e+00	1.0535994423e+01
8.3260000000e+02	-1.5000000000e+00	9.1331356168e+00	5.8739642316e+01	2.2845552410e+00	2.2093307203e+00	1.0573135617e+01
8.3280000000e+02	-1.5000000000e+00	9.1700454866e+00	5.8944697148e+01	2.2845552408e+00	2.2095838209e+00	1.0610045487e+01
8.3300000000e+02	-1.5000000000e+00	9.2067255346e+00	5.9148475192e+01	2.2845552406e+00	2.2098336638e+00	1.0646725535e+01
8.3320000000e+02	-1.5000000000e+00	9.2431772514e+00	5.9350984730e+01	2.2845552404e+00	2.2100803073e+00	1.0683177251e+01
8.3340000000e+02	-1.5000000000e+00	9.2794021169e+00	5.9552233983e+01	2.2845552402e+00	2.2103238081e+00	1.0719402117e+01
8.3360000000e+02	-1.5000000000e+00	9.3154015997e+00	5.9752231109e+01	2.2845552401e+00	2.2105642215e+00	1.0755401600e+01
8.3380000000e+02	-1.5000000000e+00	9.3511771580e+00	5.9950984211e+01	2.2845552400e+00	2.2108016017e+00	1.0791177158e+01
8.3400000000e+02	-1.5000000000e+00	9.3867302392e+00	6.0148501329e+01	2.2845552398e+00	2.2110360015e+00	1.0826730239e+01
8.3420000000e+02	-1.5000000000e+00	9.4220622802e+00	6.0344790446e+01	2.2845552397e+00	2.2112674727e+00	1.0862062280e+01
8.3440000000e+02	-1.5000000000e+00	9.4571747075e+00	6.0539859486e+01	2.2845552397e+00	2.2114960656e+00	1.0897174708e+01
8.3460000000e+02	-1.5000000000e+00	9.4920689373e+00	6.0733716318e+01	2.2845552396e+00	2.2117218296e+00	1.0932068937e+01
8.3480000000e+02	-1.5000000000e+00	9.5267463755e+00	6.0926368753e+01	2.2845552395e+00	2.2119448129e+00	1.0966746376e+01
8.3500000000e+02	-1.5000000000e+00	9.5612084179e+00	6.1117824544e+01	2.2845552395e+00	2.2121650626e+00	1.1001208418e+01
8.3520000000e+02	-1.5000000000e+00	9.5954564503e+00	6.1308091390e+01	2.2845552394e+00	2.2123826248e+00	1.1035456450e+01
8.3540000000e+02	-1.5000000000e+00	9.6294918485e+00	6.1497176936e+01	2.2845552394e+00	2.2125975446e+00	1.1069491848e+01
8.3560000000e+02	-1.5000000000e+00	9.6633159786e+00	6.1685088770e+01	2.2845552393e+00	2.2128098659e+00	1.1103315979e+01
8.3580000000e+02	-1.5000000000e+00	9.6969301969e+00	6.1871834427e+01	2.2845552393e+00	2.2130196318e+00	1.1136930197e+01
8.3600000000e+02	-1.5000000000e+00	9.7303358500e+00	6.2057421389e+01	2.2845552393e+00	2.2132268845e+00	1.1170335850e+01
8.3620000000e+02	-1.5000000000e+00	9.7635342751e+00	6.2241857084e+01	2.2845552392e+00	2.2134316652e+00	1.1203534275e+01
8.3640000000e+02	-1.5000000000e+00	9.7965267998e+00	6.2425148888e+01	2.2845552392e+00	2.2136340142e+00	1.1236526800e+01
8.3660000000e+02	-1.5000000000e+00	9.8293147424e+00	6.2607304124e+01	2.2845552392e+00	2.2138339711e+00	1.1269314742e+01
8.3680000000e+02	-1.5000000000e+00	9.8618994118e+00	6.2788330065e+01	2.2845552392e+00	2.2140315743e+00	1.1301899412e+01
8.3700000000e+02	-1.5000000000e+00	9.8942821078e+00	6.2968233932e+01	2.2845552392e+00	2.2142268617e+00	1.1334282108e+01
8.3720000000e+02	-1.5000000000e+00	9.9264641211e+00	6.3147022895e+01	2.2845552392e+00	2.2144198703e+00	1.1366464121e+01
8.3740000000e+02	-1.5000000000e+00	9.9584467334e+00	6.3324704074e+01	2.2845552391e+00	2.2146106364e+00	1.1398446733e+01
8.3760000000e+02	-1.5000000000e+00	9.9902312173e+00	6.3501284540e+01	2.2845552391e+00	2.2147991953e+00	1.1430231217e+01
8.3780000000e+02	-1.5000000000e+00	1.0021818837e+01	6.3676771314e+01	2.2845552391e+00	2.2149855817e+00	1.1461818837e+01
8.3800000000e+02	-1.5000000000e+00	1.0053210846e+01	6.3851171368e+01	2.2845552391e+00	2.2151698298e+00	1.1493210846e+01
8.3820000000e+02	-1.5000000000e+00	1.0084408493e+01	6.4024491626e+01	2.2845552391e+00	2.2153519728e+00	1.1524408493e+01
8.3840000000e+02	-1.5000000000e+00	1.0115413013e+01	6.4196738963e+01	2.2845552391e+00	2.2155320433e+00	1.1555413013e+01
8.3860000000e+02	-1.5000000000e+00	1.0146225638e+01	6.4367920209e+01	2.2845552391e+00	2.2157100732e+00	1.1586225638e+01
8.3880000000e+02	-1.5000000000e+00	1.0176847586e+01	6.4538042144e+01	2.2845552391e+00	2.2158860939e+00	1.1616847586e+01
8.3900000000e+02	-1.5000000000e+00	1.0207280070e+01	6.4707111503e+01	2.2845552391e+00	2.2160601360e+00	1.1647280070e+01
8.3920000000e+02	-1.5000000000e+00	1.0237524295e+01	6.4875134973e+01	2.2845552391e+00	2.2162322296e+00	1.1677524295e+01
8.3940000000e+02	-1.5000000000e+00	1.0267581456e+01	6.5042119198e+01	2.2845552391e+00	2.2164024042e+00	1.1707581456e+01
8.3960000000e+02	-1.5000000000e+00	1.0297452739e+01	6.5208070772e+01	2.2845552391e+00	2.2165706886e+00	1.1737452739e+01
8.3980000000e+02	-1.5000000000e+00	1.0327139325e+01	6.5372996249e+01	2.2845552391e+00	2.2167371112e+00	1.1767139325e+01
8.4000000000e+02	-1.5000000000e+00	1.0356642384e+01	6.5536902134e+01	2.2845552391e+00	2.2169016996e+00	1.1796642384e+01
8.4020000000e+02	-1.5000000000e+00	1.0385963080e+01	6.5699794890e+01	2.2845552391e+00	2.2170644810e+00	1.1825963080e+01
8.4040000000e+02	-1.5000000000e+00	1.0415102568e+01	6.5861680935e+01	2.2845552391e+00	2.2172254822e+00	1.1855102568e+01
8.4060000000e+02	-1.5000000000e+00	1.0444061996e+01	6.6022566644e+01	2.2845552391e+00	2.2173847293e+00	1.1884061996e+01
8.4080000000e+02	-1.5000000000e+00	1.0472842503e+01	6.6182458347e+01	2.2845552391e+00	2.2175422479e+00	1.1912842503e+01
8.4100000000e+02	-1.5000000000e+00	1.0501445220e+01	6.6341362334e+01	2.2845552391e+00	2.2176980632e+00	1.1941445220e+01
8.4120000000e+02	-1.5000000000e+00	1.0529871273e+01	6.6499284849e+01	2.2845552391e+00	2.2178521999e+00	1.1969871273e+01
8.4140000000e+02	-1.5000000000e+00	1.0558121777e+01	6.6656232096e+01	2.2845552391e+00	2.2180046822e+00	1.1998121777e+01
8.4160000000e+02	-1.5000000000e+00	1.0586197843e+01	6.6812210238e+01	2.2845552391e+00	2.2181555338e+00	1.2026197843e+01
8.4180000000e+02	-1.5000000000e+00	1.0614100571e+01	6.6967225393e+01	2.2845552391e+00	2.2183047780e+00	1.2054100571e+01
8.4200000000e+02	-1.5000000000e+00	1.0641831055e+01	6.7121283641e+01	2.2845552391e+00	2.2184524378e+00	1.2081831055e+01
8.4220000000e+02	-1.5000000000e+00	1.0669390384e+01	6.7274391020e+01	2.2845552391e+00	2.2185985354e+00	1.2109390384e+01
8.4240000000e+02	-1.5000000000e+00	1.0696779635e+01	6.7426553527e+01	2.2845552391e+00	2.2187430931e+00	1.2136779635e+01
8.4260000000e+02	-1.5000000000e+00	1.0723999882e+01	6.7577777120e+01	2.2845552391e+00	2.2188861322e+00	1.2163999882e+01
8.4280000000e+02	-1.5000000000e+00	1.0751052189e+01	6.7728067715e+01	2.2845552391e+00	2.2190276742e+00	1.2191052189e+01
8.4300000000e+02	-1.5000000000e+00	1.0777937614e+01	6.7877431190e+01	2.2845552391e+00	2.2191677398e+00	1.2217937614e+01
8.4320000000e+02	-1.5000000000e+00	1.0804657209e+01	6.8025873384e+01	2.2845552391e+00	2.2193063495e+00	1.2244657209e+01
8.4340000000e+02	-1.5000000000e+00	1.0831212017e+01	6.8173400096e+01	2.2845552391e+00	2.2194435233e+00	1.2271212017e+01
8.4360000000e+02	-1.5000000000e+00	1.0857603076e+01	6.8320017087e+01	2.2845552391e+00	2.2195792810e+00	1.2297603076e+01
8.4380000000e+02	-1.5000000000e+00	1.0883831414e+01	6.8465730080e+01	2.2845552391e+00	2.2197136420e+00	1.2323831414e+01
8.4400000000e+02	-1.5000000000e+00	1.0909898056e+01	6.8610544758e+01	2.2845552391e+00	2.2198466252e+00	1.2349898056e+01
8.4420000000e+02	-1.5000000000e+00	1.0935804018e+01	6.8754466769e+01	2.2845552391e+00	2.2199782493e+00	1.2375804018e+01
8.4440000000e+02	-1.5000000000e+00	1.0961550310e+01	6.8897501721e+01	2.2845552391e+00	2.2201085327e+00	1.2401550310e+01
8.4460000000e+02	-1.5000000000e+00	1.0987137934e+01	6.9039655186e+01	2.2845552391e+00	2.2202374933e+00	1.2427137934e+01
8.4480000000e+02	-1.5000000000e+00	1.1012567886e+01	6.9180932700e+01	2.2845552391e+00	2.2203651490e+00	1.2452567886e+01
8.4500000000e+02	-1.5000000000e+00	1.1037841157e+01	6.9321339761e+01	2.2845552391e+00	2.2204915171e+00	1.2477841157e+01
8.4520000000e+02	-1.5000000000e+00	1.1062958730e+01	6.9460881831e+01	2.2845552391e+00	2.2206166147e+00	1.2502958730e+01
8.4540000000e+02	-1.5000000000e+00	1.1087921580e+01	6.9599564336e+01	2.2845552391e+00	2.2207404586e+00	1.2527921580e+01
8.4560000000e+02	-1.5000000000e+00	1.1112730680e+01	6.9737392666e+01	2.2845552391e+00	2.2208630653e+00	1.2552730680e+01
8.4580000000e+02	-1.5000000000e+00	1.1137386992e+01	6.9874372177e+01	2.2845552391e+00	2.2209844510e+00	1.2577386992e+01
8.4600000000e+02	-1.5000000000e+00	1.1161891474e+01	7.0010508187e+01	2.2845552391e+00	2.2211046317e+00	1.2601891474e+01
8.4620000000e+02	-1.5000000000e+00	1.1186245077e+01	7.0145805981e+01	2.2845552391e+00	2.2212236231e+00	1.2626245077e+01
8.4640000000e+02	-1.5000000000e+00	1.1210448746e+01	7.0280270810e+01	2.2845552391e+00	2.2213414405e+00	1.2650448746e+01
8.4660000000e+02	-1.5000000000e+00	1.1234503420e+01	7.0413907888e+01	2.2845552391e+00	2.2214580991e+00	1.2674503420e+01
8.4680000000e+02	-1.5000000000e+00	1.1258410031e+01	7.0546722397e+01	2.2845552391e+00	2.2215736139e+00	1.2698410031e+01
8.4700000000e+02	-1.5000000000e+00	1.1282169507e+01	7.0678719484e+01	2.2845552391e+00	2.2216879994e+00	1.2722169507e+01
8.4720000000e+02	-1.5000000000e+00	1.1305782767e+01	7.0809904263e+01	2.2845552391e+00	2.2218012700e+00	1.2745782767e+01
8.4740000000e+02	-1.5000000000e+00	1.1329250726e+01	7.0940281813e+01	2.2845552391e+00	2.2219134400e+00	1.2769250726e+01
8.4760000000e+02	-1.5000000000e+00	1.1352574293e+01	7.1069857182e+01	2.2845552391e+00	2.2220245232e+00	1.2792574293e+01
8.4780000000e+02	-1.5000000000e+00	1.1375754369e+01	7.1198635383e+01	2.2845552391e+00	2.2221345333e+00	1.2815754369e+01
8.4800000000e+02	-1.5000000000e+00	1.1398791852e+01	7.1326621399e+01	2.2845552391e+00	2.2222434839e+00	1.2838791852e+01
8.4820000000e+02	-1.5000000000e+00	1.1421687632e+01	7.1453820177e+01	2.2845552391e+00	2.2223513882e+00	1.2861687632e+01
8.4840000000e+02	-1.5000000000e+00	1.1444442594e+01	7.1580236635e+01	2.2845552391e+00	2.2224582591e+00	1.2884442594e+01
8.4860000000e+02	-1.5000000000e+00	1.1467057618e+01	7.1705875657e+01	2.2845552391e+00	2.2225641096e+00	1.2907057618e+01
8.4880000000e+02	-1.5000000000e+00	1.1489533577e+01	7.1830742095e+01	2.2845552391e+00	2.2226689523e+00	1.2929533577e+01
8.4900000000e+02	-1.5000000000e+00	1.1511871339e+01	7.1954840772e+01	2.2845552391e+00	2.2227727995e+00	1.2951871339e+01
8.4920000000e+02	-1.5000000000e+00	1.1534071766e+01	7.2078176478e+01	2.2845552391e+00	2.2228756636e+00	1.2974071766e+01
8.4940000000e+02	-1.5000000000e+00	1.1556135715e+01	7.2200753970e+01	2.2845552391e+00	2.2229775564e+00	1.2996135715e+01
8.4960000000e+02	-1.5000000000e+00	1.1578064036e+01	7.2322577979e+01	2.2845552391e+00	2.2230784900e+00	1.3018064036e+01
8.4980000000e+02	-1.5000000000e+00	1.1599857576e+01	7.2443653199e+01	2.2845552391e+00	2.2231784758e+00	1.3039857576e+01
8.5000000000e+02	-1.5000000000e+00	1.1621517174e+01	7.2563984300e+01	2.2845552391e+00	2.2232775254e+00	1.3061517174e+01
8.5020000000e+02	-1.5000000000e+00	1.1643043665e+01	7.2683575918e+01	2.2845552391e+00	2.2233756501e+00	1.3083043665e+01
8.5040000000e+02	-1.5000000000e+00	1.1664437879e+01	7.2802432660e+01	2.2845552391e+00	2.2234728609e+00	1.3104437879e+01
8.5060000000e+02	-1.5000000000e+00	1.1685700639e+01	7.2920559103e+01	2.2845552391e+00	2.2235691688e+00	1.3125700639e+01
8.5080000000e+02	-1.5000000000e+00	1.1706832763e+01	7.3037959794e+01	2.2845552391e+00	2.2236645846e+00	1.3146832763e+01
8.5100000000e+02	-1.5000000000e+00	1.1727835065e+01	7.3154639253e+01	2.2845552391e+00	2.2237591189e+00	1.3167835065e+01
8.5120000000e+02	-1.5000000000e+00	1.1748708354e+01	7.3270601967e+01	2.2845552391e+00	2.2238527821e+00	1.3188708354e+01
8.5140000000e+02	-1.5000000000e+00	1.1769453432e+01	7.3385852398e+01	2.2845552391e+00	2.2239455844e+00	1.3209453432e+01
8.5160000000e+02	-1.5000000000e+00	1.1790071096e+01	7.3500394977e+01	2.2845552391e+00	2.2240375361e+00	1.3230071096e+01
8.5180000000e+02	-1.5000000000e+00	1.1810562139e+01	7.3614234107e+01	2.2845552391e+00	2.2241286470e+00	1.3250562139e+01
8.5200000000e+02	-1.5000000000e+00	1.1830927349e+01	7.3727374163e+01	2.2845552391e+00	2.2242189270e+00	1.3270927349e+01
8.5220000000e+02	-1.5000000000e+00	1.1851167508e+01	7.3839819490e+01	2.2845552391e+00	2.2243083858e+00	1.3291167508e+01
8.5240000000e+02	-1.5000000000e+00	1.1871283394e+01	7.3951574409e+01	2.2845552391e+00	2.2243970328e+00	1.3311283394e+01
8.5260000000e+02	-1.5000000000e+00	1.1891275778e+01	7.4062643210e+01	2.2845552391e+00	2.2244848775e+00	1.3331275778e+01
8.5280000000e+02	-1.5000000000e+00	1.1911145428e+01	7.4173030156e+01	2.2845552391e+00	2.2245719291e+00	1.3351145428e+01
8.5300000000e+02	-1.5000000000e+00	1.1930893107e+01	7.4282739484e+01	2.2845552391e+00	2.2246581967e+00	1.3370893107e+01
8.5320000000e+02	-1.5000000000e+00	1.1950519572e+01	7.4391775402e+01	2.2845552391e+00	2.2247436893e+00	1.3390519572e+01
8.5340000000e+02	-1.5000000000e+00	1.1970025577e+01	7.4500142093e+01	2.2845552391e+00	2.2248284156e+00	1.3410025577e+01
8.5360000000e+02	-1.5000000000e+00	1.1989411868e+01	7.4607843712e+01	2.2845552391e+00	2.2249123845e+00	1.3429411868e+01
8.5380000000e+02	-1.5000000000e+00	1.2008679190e+01	7.4714884387e+01	2.2845552391e+00	2.2249956045e+00	1.3448679190e+01
8.5400000000e+02	-1.5000000000e+00	1.2027828280e+01	7.4821268220e+01	2.2845552391e+00	2.2250780841e+00	1.3467828280e+01
8.5420000000e+02	-1.5000000000e+00	1.2046859872e+01	7.4926999289e+01	2.2845552391e+00	2.2251598315e+00	1.3486859872e+01
8.5440000000e+02	-1.5000000000e+00	1.2065774696e+01	7.5032081642e+01	2.2845552391e+00	2.2252408550e+00	1.3505774696e+01
8.5460000000e+02	-1.5000000000e+00	1.2084573475e+01	7.5136519304e+01	2.2845552391e+00	2.2253211627e+00	1.3524573475e+01
8.5480000000e+02	-1.5000000000e+00	1.2103256929e+01	7.5240316274e+01	2.2845552391e+00	2.2254007625e+00	1.3543256929e+01
8.5500000000e+02	-1.5000000000e+00	1.2121825774e+01	7.5343476524e+01	2.2845552391e+00	2.2254796624e+00	1.3561825774e+01
8.5520000000e+02	-1.5000000000e+00	1.2140280720e+01	7.5446004002e+01	2.2845552391e+00	2.2255578700e+00	1.3580280720e+01
8.5540000000e+02	-1.5000000000e+00	1.2158622474e+01	7.5547902631e+01	2.2845552391e+00	2.2256353931e+00	1.3598622474e+01
8.5560000000e+02	-1.5000000000e+00	1.2176851736e+01	7.5649176308e+01	2.2845552391e+00	2.2257122391e+00	1.3616851736e+01
8.5580000000e+02	-1.5000000000e+00	1.2194969203e+01	7.5749828907e+01	2.2845552391e+00	2.2257884155e+00	1.3634969203e+01
8.5600000000e+02	-1.5000000000e+00	1.2212975569e+01	7.5849864274e+01	2.2845552391e+00	2.2258639296e+00	1.3652975569e+01
8.5620000000e+02	-1.5000000000e+00	1.2230871522e+01	7.5949286234e+01	2.2845552391e+00	2.2259387886e+00	1.3670871522e+01
8.5640000000e+02	-1.5000000000e+00	1.2248657745e+01	7.6048098586e+01	2.2845552391e+00	2.2260129996e+00	1.3688657745e+01
8.5660000000e+02	-1.5000000000e+00	1.2266334919e+01	7.6146305105e+01	2.2845552391e+00	2.2260865697e+00	1.3706334919e+01
8.5680000000e+02	-1.5000000000e+00	1.2283903718e+01	7.6243909543e+01	2.2845552391e+00	2.2261595057e+00	1.3723903718e+01
8.5700000000e+02	-1.5000000000e+00	1.2301364813e+01	7.6340915627e+01	2.2845552391e+00	2.2262318146e+00	1.3741364813e+01
8.5720000000e+02	-1.5000000000e+00	1.2318718871e+01	7.6437327061e+01	2.2845552391e+00	2.2263035029e+00	1.3758718871e+01
8.5740000000e+02	-1.5000000000e+00	1.2335966554e+01	7.6533147524e+01	2.2845552391e+00	2.2263745775e+00	1.3775966554e+01
8.5760000000e+02	-1.5000000000e+00	1.2353108521e+01	7.6628380675e+01	2.2845552391e+00	2.2264450448e+00	1.3793108521e+01
8.5780000000e+02	-1.5000000000e+00	1.2370145426e+01	7.6723030146e+01	2.2845552391e+00	2.2265149112e+00	1.3810145426e+01
8.5800000000e+02	-1.5000000000e+00	1.2387077919e+01	7.6817099548e+01	2.2845552391e+00	2.2265841832e+00	1.3827077919e+01
8.5820000000e+02	-1.5000000000e+00	1.2403906645e+01	7.6910592470e+01	2.2845552391e+00	2.2266528671e+00	1.3843906645e+01
8.5840000000e+02	-1.5000000000e+00	1.2420632246e+01	7.7003512476e+01	2.2845552391e+00	2.2267209690e+00	1.3860632246e+01
8.5860000000e+02	-1.5000000000e+00	1.2437255360e+01	7.7095863110e+01	2.2845552391e+00	2.2267884950e+00	1.3877255360e+01
8.5880000000e+02	-1.5000000000e+00	1.2453776620e+01	7.7187647891e+01	2.2845552391e+00	2.2268554513e+00	1.3893776620e+01
8.5900000000e+02	-1.5000000000e+00	1.2470196657e+01	7.7278870317e+01	2.2845552391e+00	2.2269218437e+00	1.3910196657e+01
8.5920000000e+02	-1.5000000000e+00	1.2486516096e+01	7.7369533864e+01	2.2845552391e+00	2.2269876781e+00	1.3926516096e+01
8.5940000000e+02	-1.5000000000e+00	1.2502735558e+01	7.7459641987e+01	2.2845552391e+00	2.2270529604e+00	1.3942735558e+01
8.5960000000e+02	-1.5000000000e+00	1.2518855661e+01	7.7549198117e+01	2.2845552391e+00	2.2271176962e+00	1.3958855661e+01
8.5980000000e+02	-1.5000000000e+00	1.2534877020e+01	7.7638205664e+01	2.2845552391e+00	2.2271818912e+00	1.3974877020e+01
8.6000000000e+02	-1.5000000000e+00	1.2550800243e+01	7.7726668018e+01	2.2845552391e+00	2.2272455510e+00	1.3990800243e+01
8.6020000000e+02	-1.5000000000e+00	1.2566625938e+01	7.7814588547e+01	2.2845552391e+00	2.2273086810e+00	1.4006625938e+01
8.6040000000e+02	-1.5000000000e+00	1.2582354707e+01	7.7901970595e+01	2.2845552391e+00	2.2273712867e+00	1.4022354707e+01
8.6060000000e+02	-1.5000000000e+00	1.2597987148e+01	7.7988817490e+01	2.2845552391e+00	2.2274333735e+00	1.4037987148e+01
8.6080000000e+02	-1.5000000000e+00	1.2613523856e+01	7.8075132534e+01	2.2845552391e+00	2.2274949466e+00	1.4053523856e+01
8.6100000000e+02	-1.5000000000e+00	1.2628965422e+01	7.8160919012e+01	2.2845552391e+00	2.2275560113e+00	1.4068965422e+01
8.6120000000e+02	-1.5000000000e+00	1.2644312433e+01	7.8246180185e+01	2.2845552391e+00	2.2276165727e+00	1.4084312433e+01
8.6140000000e+02	-1.5000000000e+00	1.2659565474e+01	7.8330919298e+01	2.2845552391e+00	2.2276766359e+00	1.4099565474e+01
8.6160000000e+02	-1.5000000000e+00	1.2674725123e+01	7.8415139570e+01	2.2845552391e+00	2.2277362060e+00	1.4114725123e+01
8.6180000000e+02	-1.5000000000e+00	1.2689791957e+01	7.8498844204e+01	2.2845552391e+00	2.2277952877e+00	1.4129791957e+01
8.6200000000e+02	-1.5000000000e+00	1.2704766549e+01	7.8582036382e+01	2.2845552391e+00	2.2278538862e+00	1.4144766549e+01
8.6220000000e+02	-1.5000000000e+00	1.2719649467e+01	7.8664719264e+01	2.2845552391e+00	2.2279120062e+00	1.4159649467e+01
8.6240000000e+02	-1.5000000000e+00	1.2734441279e+01	7.8746895992e+01	2.2845552391e+00	2.2279696524e+00	1.4174441279e+01
8.6260000000e+02	-1.5000000000e+00	1.2749142544e+01	7.8828569688e+01	2.2845552391e+00	2.2280268297e+00	1.4189142544e+01
8.6280000000e+02	-1.5000000000e+00	1.2763753822e+01	7.8909743455e+01	2.2845552391e+00	2.2280835425e+00	1.4203753822e+01
8.6300000000e+02	-1.5000000000e+00	1.2778275667e+01	7.8990420374e+01	2.2845552391e+00	2.2281397956e+00	1.4218275667e+01
8.6320000000e+02	-1.5000000000e+00	1.2792708632e+01	7.9070603510e+01	2.2845552391e+00	2.2281955935e+00	1.4232708632e+01
8.6340000000e+02	-1.5000000000e+00	1.2807053263e+01	7.9150295906e+01	2.2845552391e+00	2.2282509406e+00	1.4247053263e+01
8.6360000000e+02	-1.5000000000e+00	1.2821310106e+01	7.9229500588e+01	2.2845552391e+00	2.2283058414e+00	1.4261310106e+01
8.6380000000e+02	-1.5000000000e+00	1.2835479701e+01	7.9308220561e+01	2.2845552391e+00	2.2283603003e+00	1.4275479701e+01
8.6400000000e+02	-1.5000000000e+00	1.2849562586e+01	7.9386458814e+01	2.2845552391e+00	2.2284143215e+00	1.4289562586e+01
8.6420000000e+02	-1.5000000000e+00	1.2863559296e+01	7.9464218313e+01	2.2845552391e+00	2.2284679093e+00	1.4303559296e+01
8.6440000000e+02	-1.5000000000e+00	1.2877470362e+01	7.9541502010e+01	2.2845552391e+00	2.2285210679e+00	1.4317470362e+01
8.6460000000e+02	-1.5000000000e+00	1.2891296310e+01	7.9618312836e+01	2.2845552391e+00	2.2285738016e+00	1.4331296310e+01
8.6480000000e+02	-1.5000000000e+00	1.2905037667e+01	7.9694653704e+01	2.2845552391e+00	2.2286261143e+00	1.4345037667e+01
8.6500000000e+02	-1.5000000000e+00	1.2918694951e+01	7.9770527508e+01	2.2845552391e+00	2.2286780102e+00	1.4358694951e+01
8.6520000000e+02	-1.5000000000e+00	1.2932268683e+01	7.9845937125e+01	2.2845552391e+00	2.2287294933e+00	1.4372268683e+01
8.6540000000e+02	-1.5000000000e+00	1.2945759375e+01	7.9920885415e+01	2.2845552391e+00	2.2287805675e+00	1.4385759375e+01
8.6560000000e+02	-1.5000000000e+00	1.2959167539e+01	7.9995375217e+01	2.2845552391e+00	2.2288312368e+00	1.4399167539e+01
8.6580000000e+02	-1.5000000000e+00	1.2972493684e+01	8.0069409356e+01	2.2845552391e+00	2.2288815049e+00	1.4412493684e+01
8.6600000000e+02	-1.5000000000e+00	1.2985738314e+01	8.0142990635e+01	2.2845552391e+00	2.2289313758e+00	1.4425738314e+01
8.6620000000e+02	-1.5000000000e+00	1.2998901932e+01	8.0216121844e+01	2.2845552391e+00	2.2289808532e+00	1.4438901932e+01
8.6640000000e+02	-1.5000000000e+00	1.3011985035e+01	8.0288805752e+01	2.2845552391e+00	2.2290299409e+00	1.4451985035e+01
8.6660000000e+02	-1.5000000000e+00	1.3024988120e+01	8.0361045113e+01	2.2845552391e+00	2.2290786424e+00	1.4464988120e+01
8.6680000000e+02	-1.5000000000e+00	1.3037911679e+01	8.0432842663e+01	2.2845552391e+00	2.2291269616e+00	1.4477911679e+01
8.6700000000e+02	-1.5000000000e+00	1.3050756202e+01	8.0504201120e+01	2.2845552391e+00	2.2291749019e+00	1.4490756202e+01
8.6720000000e+02	-1.5000000000e+00	1.3063522174e+01	8.0575123187e+01	2.2845552391e+00	2.2292224669e+00	1.4503522174e+01
8.6740000000e+02	-1.5000000000e+00	1.3076210079e+01	8.0645611548e+01	2.2845552391e+00	2.2292696602e+00	1.4516210079e+01
8.6760000000e+02	-1.5000000000e+00	1.3088820397e+01	8.0715668871e+01	2.2845552391e+00	2.2293164851e+00	1.4528820397e+01
8.6780000000e+02	-1.5000000000e+00	1.3101353605e+01	8.0785297808e+01	2.2845552391e+00	2.2293629453e+00	1.4541353605e+01
8.6800000000e+02	-1.5000000000e+00	1.3113810179e+01	8.0854500995e+01	2.2845552391e+00	2.2294090439e+00	1.4553810179e+01
8.6820000000e+02	-1.5000000000e+00	1.3126190589e+01	8.0923281049e+01	2.2845552391e+00	2.2294547845e+00	1.4566190589e+01
8.6840000000e+02	-1.5000000000e+00	1.3138495303e+01	8.0991640573e+01	2.2845552391e+00	2.2295001703e+00	1.4578495303e+01
8.6860000000e+02	-1.5000000000e+00	1.3150724788e+01	8.1059582153e+01	2.2845552391e+00	2.2295452046e+00	1.4590724788e+01
8.6880000000e+02	-1.5000000000e+00	1.3162879505e+01	8.1127108359e+01	2.2845552391e+00	2.2295898906e+00	1.4602879505e+01
8.6900000000e+02	-1.5000000000e+00	1.3174959914e+01	8.1194221745e+01	2.2845552391e+00	2.2296342315e+00	1.4614959914e+01
8.6920000000e+02	-1.5000000000e+00	1.3186966473e+01	8.1260924849e+01	2.2845552391e+00	2.2296782306e+00	1.4626966473e+01
8.6940000000e+02	-1.5000000000e+00	1.3198899635e+01	8.1327220193e+01	2.2845552391e+00	2.2297218909e+00	1.4638899635e+01
8.6960000000e+02	-1.5000000000e+00	1.3210759851e+01	8.1393110283e+01	2.2845552391e+00	2.2297652155e+00	1.4650759851e+01
8.6980000000e+02	-1.5000000000e+00	1.3222547570e+01	8.1458597611e+01	2.2845552391e+00	2.2298082075e+00	1.4662547570e+01
8.7000000000e+02	-1.5000000000e+00	1.3234263237e+01	8.1523684651e+01	2.2845552391e+00	2.2298508699e+00	1.4674263237e+01
8.7020000000e+02	-1.5000000000e+00	1.3245907296e+01	8.1588373865e+01	2.2845552391e+00	2.2298932057e+00	1.4685907296e+01
8.7040000000e+02	-1.5000000000e+00	1.3257480185e+01	8.1652667695e+01	2.2845552391e+00	2.2299352179e+00	1.4697480185e+01
8.7060000000e+02	-1.5000000000e+00	1.3268982343e+01	8.1716568572e+01	2.2845552391e+00	2.2299769094e+00	1.4708982343e+01
8.7080000000e+02	-1.5000000000e+00	1.3280414204e+01	8.1780078911e+01	2.2845552391e+00	2.2300182831e+00	1.4720414204e+01
8.7100000000e+02	-1.5000000000e+00	1.3291776200e+01	8.1843201109e+01	2.2845552391e+00	2.2300593418e+00	1.4731776200e+01
8.7120000000e+02	-1.5000000000e+00	1.3303068760e+01	8.1905937553e+01	2.2845552391e+00	2.2301000883e+00	1.4743068760e+01
8.7140000000e+02	-1.5000000000e+00	1.3314292310e+01	8.1968290611e+01	2.2845552391e+00	2.2301405255e+00	1.4754292310e+01
8.7160000000e+02	-1.5000000000e+00	1.3325447275e+01	8.2030262638e+01	2.2845552391e+00	2.2301806562e+00	1.4765447275e+01
8.7180000000e+02	-1.5000000000e+00	1.3336534075e+01	8.2091855974e+01	2.2845552391e+00	2.2302204830e+00	1.4776534075e+01
8.7200000000e+02	-1.5000000000e+00	1.3347553130e+01	8.2153072946e+01	2.2845552391e+00	2.2302600087e+00	1.4787553130e+01
8.7220000000e+02	-1.5000000000e+00	1.3358504855e+01	8.2213915864e+01	2.2845552391e+00	2.2302992360e+00	1.4798504855e+01
8.7240000000e+02	-1.5000000000e+00	1.3369389664e+01	8.2274387024e+01	2.2845552391e+00	2.2303381674e+00	1.4809389664e+01
8.7260000000e+02	-1.5000000000e+00	1.3380207968e+01	8.2334488711e+01	2.2845552391e+00	2.2303768057e+00	1.4820207968e+01
8.7280000000e+02	-1.5000000000e+00	1.3390960174e+01	8.2394223191e+01	2.2845552391e+00	2.2304151533e+00	1.4830960174e+01
8.7300000000e+02	-1.5000000000e+00	1.3401646690e+01	8.2453592720e+01	2.2845552391e+00	2.2304532130e+00	1.4841646690e+01
8.7320000000e+02	-1.5000000000e+00	1.3412267917e+01	8.2512599538e+01	2.2845552391e+00	2.2304909871e+00	1.4852267917e+01
8.7340000000e+02	-1.5000000000e+00	1.3422824257e+01	8.2571245871e+01	2.2845552391e+00	2.2305284782e+00	1.4862824257e+01
8.7360000000e+02	-1.5000000000e+00	1.3433316108e+01	8.2629533931e+01	2.2845552391e+00	2.2305656888e+00	1.4873316108e+01
8.7380000000e+02	-1.5000000000e+00	1.3443743865e+01	8.2687465919e+01	2.2845552391e+00	2.2306026213e+00	1.4883743865e+01
8.7400000000e+02	-1.5000000000e+00	1.3454107923e+01	8.2745044018e+01	2.2845552391e+00	2.2306392782e+00	1.4894107923e+01
8.7420000000e+02	-1.5000000000e+00	1.3464408672e+01	8.2802270401e+01	2.2845552391e+00	2.2306756618e+00	1.4904408672e+01
8.7440000000e+02	-1.5000000000e+00	1.3474646501e+01	8.2859147226e+01	2.2845552391e+00	2.2307117746e+00	1.4914646501e+01
8.7460000000e+02	-1.5000000000e+00	1.3484821795e+01	8.2915676637e+01	2.2845552391e+00	2.2307476189e+00	1.4924821795e+01
8.7480000000e+02	-1.5000000000e+00	1.3494934938e+01	8.2971860767e+01	2.2845552391e+00	2.2307831969e+00	1.4934934938e+01
8.7500000000e+02	-1.5000000000e+00	1.3504986312e+01	8.3027701733e+01	2.2845552391e+00	2.2308185111e+00	1.4944986312e+01
8.7520000000e+02	-1.5000000000e+00	1.3514976295e+01	8.3083201641e+01	2.2845552391e+00	2.2308535636e+00	1.4954976295e+01
8.7540000000e+02	-1.5000000000e+00	1.3524905265e+01	8.3138362583e+01	2.2845552391e+00	2.2308883568e+00	1.4964905265e+01
8.7560000000e+02	-1.5000000000e+00	1.3534773595e+01	8.3193186638e+01	2.2845552391e+00	2.2309228929e+00	1.4974773595e+01
8.7580000000e+02	-1.5000000000e+00	1.3544581657e+01	8.3247675873e+01	2.2845552391e+00	2.2309571740e+00	1.4984581657e+01
8.7600000000e+02	-1.5000000000e+00	1.3554329821e+01	8.3301832341e+01	2.2845552391e+00	2.2309912024e+00	1.4994329821e+01
8.7620000000e+02	-1.5000000000e+00	1.3564018455e+01	8.3355658082e+01	2.2845552391e+00	2.2310249801e+00	1.5004018455e+01
8.7640000000e+02	-1.5000000000e+00	1.3573647923e+01	8.3409155126e+01	2.2845552391e+00	2.2310585095e+00	1.5013647923e+01
8.7660000000e+02	-1.5000000000e+00	1.3583218588e+01	8.3462325487e+01	2.2845552391e+00	2.2310917924e+00	1.5023218588e+01
8.7680000000e+02	-1.5000000000e+00	1.3592730810e+01	8.3515171168e+01	2.2845552391e+00	2.2311248312e+00	1.5032730810e+01
8.7700000000e+02	-1.5000000000e+00	1.3602184949e+01	8.3567694162e+01	2.2845552391e+00	2.2311576277e+00	1.5042184949e+01
8.7720000000e+02	-1.5000000000e+00	1.3611581360e+01	8.3619896445e+01	2.2845552391e+00	2.2311901841e+00	1.5051581360e+01
8.7740000000e+02	-1.5000000000e+00	1.3620920397e+01	8.3671779984e+01	2.2845552391e+00	2.2312225024e+00	1.5060920397e+01
8.7760000000e+02	-1.5000000000e+00	1.3630202412e+01	8.3723346733e+01	2.2845552391e+00	2.2312545847e+00	1.5070202412e+01
8.7780000000e+02	-1.5000000000e+00	1.3639427754e+01	8.3774598635e+01	2.2845552391e+00	2.2312864328e+00	1.5079427754e+01
8.7800000000e+02	-1.5000000000e+00	1.3648596771e+01	8.3825537618e+01	2.2845552391e+00	2.2313180488e+00	1.5088596771e+01
8.7820000000e+02	-1.5000000000e+00	1.3657709808e+01	8.3876165601e+01	2.2845552391e+00	2.2313494346e+00	1.5097709808e+01
8.7840000000e+02	-1.5000000000e+00	1.3666767208e+01	8.3926484490e+01	2.2845552391e+00	2.2313805921e+00	1.5106767208e+01
8.7860000000e+02	-1.5000000000e+00	1.3675769312e+01	8.3976496180e+01	2.2845552391e+00	2.2314115233e+00	1.5115769312e+01
8.7880000000e+02	-1.5000000000e+00	1.3684716459e+01	8.4026202552e+01	2.2845552391e+00	2.2314422300e+00	1.5124716459e+01
8.7900000000e+02	-1.5000000000e+00	1.3693608986e+01	8.4075605479e+01	2.2845552391e+00	2.2314727141e+00	1.5133608986e+01
8.7920000000e+02	-1.5000000000e+00	1.3702447227e+01	8.4124706819e+01	2.2845552391e+00	2.2315029774e+00	1.5142447227e+01
8.7940000000e+02	-1.5000000000e+00	1.3711231516e+01	8.4173508420e+01	2.2845552391e+00	2.2315330219e+00	1.5151231516e+01
8.7960000000e+02	-1.5000000000e+00	1.3719962181e+01	8.4222012119e+01	2.2845552391e+00	2.2315628492e+00	1.5159962181e+01
8.7980000000e+02	-1.5000000000e+00	1.3728639553e+01	8.4270219742e+01	2.2845552391e+00	2.2315924613e+00	1.5168639553e+01
8.8000000000e+02	-1.5000000000e+00	1.3737263958e+01	8.4318133101e+01	2.2845552391e+00	2.2316218598e+00	1.5177263958e+01
8.8020000000e+02	-1.5000000000e+00	1.3745835720e+01	8.4365754000e+01	2.2845552391e+00	2.2316510465e+00	1.5185835720e+01
8.8040000000e+02	-1.5000000000e+00	1.3754355161e+01	8.4413084229e+01	2.2845552391e+00	2.2316800232e+00	1.5194355161e+01
8.8060000000e+02	-1.5000000000e+00	1.3762822603e+01	8.4460125571e+01	2.2845552391e+00	2.2317087917e+00	1.5202822603e+01
8.8080000000e+02	-1.5000000000e+00	1.3771238363e+01	8.4506879794e+01	2.2845552391e+00	2.2317373535e+00	1.5211238363e+01
8.8100000000e+02	-1.5000000000e+00	1.3779602758e+01	8.4553348657e+01	2.2845552391e+00	2.2317657104e+00	1.5219602758e+01
8.8120000000e+02	-1.5000000000e+00	1.3787916103e+01	8.4599533907e+01	2.2845552391e+00	2.2317938641e+00	1.5227916103e+01
8.8140000000e+02	-1.5000000000e+00	1.3796178711e+01	8.4645437281e+01	2.2845552391e+00	2.2318218163e+00	1.5236178711e+01
8.8160000000e+02	-1.5000000000e+00	1.3804390891e+01	8.4691060506e+01	2.2845552391e+00	2.2318495685e+00	1.5244390891e+01
8.8180000000e+02	-1.5000000000e+00	1.3812552954e+01	8.4736405298e+01	2.2845552391e+00	2.2318771224e+00	1.5252552954e+01
8.8200000000e+02	-1.5000000000e+00	1.3820665205e+01	8.4781473360e+01	2.2845552391e+00	2.2319044796e+00	1.5260665205e+01
8.8220000000e+02	-1.5000000000e+00	1.3828727950e+01	8.4826266389e+01	2.2845552391e+00	2.2319316418e+00	1.5268727950e+01
8.8240000000e+02	-1.5000000000e+00	1.3836741492e+01	8.4870786067e+01	2.2845552391e+00	2.2319586104e+00	1.5276741492e+01
8.8260000000e+02	-1.5000000000e+00	1.3844706132e+01	8.4915034068e+01	2.2845552391e+00	2.2319853871e+00	1.5284706132e+01
8.8280000000e+02	-1.5000000000e+00	1.3852622170e+01	8.4959012056e+01	2.2845552391e+00	2.2320119733e+00	1.5292622170e+01
8.8300000000e+02	-1.5000000000e+00	1.3860489903e+01	8.5002721683e+01	2.2845552391e+00	2.2320383707e+00	1.5300489903e+01
8.8320000000e+02	-1.5000000000e+00	1.3868309627e+01	8.5046164593e+01	2.2845552391e+00	2.2320645808e+00	1.5308309627e+01
8.8340000000e+02	-1.5000000000e+00	1.3876081635e+01	8.5089342418e+01	2.2845552391e+00	2.2320906050e+00	1.5316081635e+01
8.8360000000e+02	-1.5000000000e+00	1.3883806221e+01	8.5132256781e+01	2.2845552391e+00	2.2321164449e+00	1.5323806221e+01
8.8380000000e+02	-1.5000000000e+00	1.3891483673e+01	8.5174909295e+01	2.2845552391e+00	2.2321421019e+00	1.5331483673e+01
8.8400000000e+02	-1.5000000000e+00	1.3899114281e+01	8.5217301562e+01	2.2845552391e+00	2.2321675775e+00	1.5339114281e+01
8.8420000000e+02	-1.5000000000e+00	1.3906698331e+01	8.5259435175e+01	2.2845552391e+00	2.2321928731e+00	1.5346698331e+01
8.8440000000e+02	-1.5000000000e+00	1.3914236109e+01	8.5301311716e+01	2.2845552391e+00	2.2322179902e+00	1.5354236109e+01
8.8460000000e+02	-1.5000000000e+00	1.3921727897e+01	8.5342932761e+01	2.2845552391e+00	2.2322429302e+00	1.5361727897e+01
8.8480000000e+02	-1.5000000000e+00	1.3929173977e+01	8.5384299871e+01	2.2845552391e+00	2.2322676945e+00	1.5369173977e+01
8.8500000000e+02	-1.5000000000e+00	1.3936574628e+01	8.5425414601e+01	2.2845552391e+00	2.2322922844e+00	1.5376574628e+01
8.8520000000e+02	-1.5000000000e+00	1.3943930129e+01	8.5466278495e+01	2.2845552391e+00	2.2323167015e+00	1.5383930129e+01
8.8540000000e+02	-1.5000000000e+00	1.3951240756e+01	8.5506893088e+01	2.2845552391e+00	2.2323409469e+00	1.5391240756e+01
8.8560000000e+02	-1.5000000000e+00	1.3958506783e+01	8.5547259906e+01	2.2845552391e+00	2.2323650222e+00	1.5398506783e+01
8.8580000000e+02	-1.5000000000e+00	1.3965728484e+01	8.5587380464e+01	2.2845552391e+00	2.2323889286e+00	1.5405728484e+01
8.8600000000e+02	-1.5000000000e+00	1.3972906129e+01	8.5627256270e+01	2.2845552391e+00	2.2324126675e+00	1.5412906129e+01
8.8620000000e+02	-1.5000000000e+00	1.3980039988e+01	8.5666888820e+01	2.2845552391e+00	2.2324362402e+00	1.5420039988e+01
8.8640000000e+02	-1.5000000000e+00	1.3987130328e+01	8.5706279602e+01	2.2845552391e+00	2.2324596480e+00	1.5427130328e+01
8.8660000000e+02	-1.5000000000e+00	1.3994177417e+01	8.5745430097e+01	2.2845552391e+00	2.2324828921e+00	1.5434177417e+01
8.8680000000e+02	-1.5000000000e+00	1.4001181519e+01	8.5784341773e+01	2.2845552391e+00	2.2325059739e+00	1.5441181519e+01
8.8700000000e+02	-1.5000000000e+00	1.4008142896e+01	8.5823016091e+01	2.2845552391e+00	2.2325288947e+00	1.5448142896e+01
8.8720000000e+02	-1.5000000000e+00	1.4015061811e+01	8.5861454504e+01	2.2845552391e+00	2.2325516557e+00	1.5455061811e+01
8.8740000000e+02	-1.5000000000e+00	1.4021938522e+01	8.5899658455e+01	2.2845552391e+00	2.2325742580e+00	1.5461938522e+01
8.8760000000e+02	-1.5000000000e+00	1.4028773288e+01	8.5937629376e+01	2.2845552391e+00	2.2325967031e+00	1.5468773288e+01
8.8780000000e+02	-1.5000000000e+00	1.4035566365e+01	8.5975368694e+01	2.2845552391e+00	2.2326189921e+00	1.5475566365e+01
8.8800000000e+02	-1.5000000000e+00	1.4042318009e+01	8.6012877826e+01	2.2845552391e+00	2.2326411261e+00	1.5482318009e+01
8.8820000000e+02	-1.5000000000e+00	1.4049028472e+01	8.6050158178e+01	2.2845552391e+00	2.2326631065e+00	1.5489028472e+01
8.8840000000e+02	-1.5000000000e+00	1.4055698007e+01	8.6087211150e+01	2.2845552391e+00	2.2326849344e+00	1.5495698007e+01
8.8860000000e+02	-1.5000000000e+00	1.4062326864e+01	8.6124038132e+01	2.2845552391e+00	2.2327066110e+00	1.5502326864e+01
8.8880000000e+02	-1.5000000000e+00	1.4068915291e+01	8.6160640507e+01	2.2845552391e+00	2.2327281374e+00	1.5508915291e+01
8.8900000000e+02	-1.5000000000e+00	1.4075463537e+01	8.6197019648e+01	2.2845552391e+00	2.2327495148e+00	1.5515463537e+01
8.8920000000e+02	-1.5000000000e+00	1.4081971845e+01	8.6233176919e+01	2.2845552391e+00	2.2327707444e+00	1.5521971845e+01
8.8940000000e+02	-1.5000000000e+00	1.4088440462e+01	8.6269113678e+01	2.2845552391e+00	2.2327918273e+00	1.5528440462e+01
8.8960000000e+02	-1.5000000000e+00	1.4094869629e+01	8.6304831272e+01	2.2845552391e+00	2.2328127646e+00	1.5534869629e+01
8.8980000000e+02	-1.5000000000e+00	1.4101259588e+01	8.6340331042e+01	2.2845552391e+00	2.2328335574e+00	1.5541259588e+01
8.9000000000e+02	-1.5000000000e+00	1.4107610577e+01	8.6375614319e+01	2.2845552391e+00	2.2328542069e+00	1.5547610577e+01
8.9020000000e+02	-1.5000000000e+00	1.4113922837e+01	8.6410682427e+01	2.2845552391e+00	2.2328747141e+00	1.5553922837e+01
8.9040000000e+02	-1.5000000000e+00	1.4120196603e+01	8.6445536681e+01	2.2845552391e+00	2.2328950802e+00	1.5560196603e+01
8.9060000000e+02	-1.5000000000e+00	1.4126432110e+01	8.6480178389e+01	2.2845552391e+00	2.2329153061e+00	1.5566432110e+01
8.9080000000e+02	-1.5000000000e+00	1.4132629593e+01	8.6514608850e+01	2.2845552391e+00	2.2329353931e+00	1.5572629593e+01
8.9100000000e+02	-1.5000000000e+00	1.4138789284e+01	8.6548829355e+01	2.2845552391e+00	2.2329553420e+00	1.5578789284e+01
8.9120000000e+02	-1.5000000000e+00	1.4144911414e+01	8.6582841187e+01	2.2845552391e+00	2.2329751541e+00	1.5584911414e+01
8.9140000000e+02	-1.5000000000e+00	1.4150996212e+01	8.6616645623e+01	2.2845552391e+00	2.2329948302e+00	1.5590996212e+01
8.9160000000e+02	-1.5000000000e+00	1.4157043907e+01	8.6650243929e+01	2.2845552391e+00	2.2330143715e+00	1.5597043907e+01
8.9180000000e+02	-1.5000000000e+00	1.4163054726e+01	8.6683637366e+01	2.2845552391e+00	2.2330337790e+00	1.5603054726e+01
8.9200000000e+02	-1.5000000000e+00	1.4169028893e+01	8.6716827185e+01	2.2845552391e+00	2.2330530537e+00	1.5609028893e+01
8.9220000000e+02	-1.5000000000e+00	1.4174966634e+01	8.6749814632e+01	2.2845552391e+00	2.2330721966e+00	1.5614966634e+01
8.9240000000e+02	-1.5000000000e+00	1.4180868170e+01	8.6782600942e+01	2.2845552391e+00	2.2330912086e+00	1.5620868170e+01
8.9260000000e+02	-1.5000000000e+00	1.4186733722e+01	8.6815187345e+01	2.2845552391e+00	2.2331100908e+00	1.5626733722e+01
8.9280000000e+02	-1.5000000000e+00	1.4192563511e+01	8.6847575063e+01	2.2845552391e+00	2.2331288442e+00	1.5632563511e+01
8.9300000000e+02	-1.5000000000e+00	1.4198357756e+01	8.6879765310e+01	2.2845552391e+00	2.2331474697e+00	1.5638357756e+01
8.9320000000e+02	-1.5000000000e+00	1.4204116673e+01	8.6911759293e+01	2.2845552391e+00	2.2331659682e+00	1.5644116673e+01
8.9340000000e+02	-1.5000000000e+00	1.4209840478e+01	8.6943558210e+01	2.2845552391e+00	2.2331843408e+00	1.5649840478e+01
8.9360000000e+02	-1.5000000000e+00	1.4215529386e+01	8.6975163254e+01	2.2845552391e+00	2.2332025884e+00	1.5655529386e+01
8.9380000000e+02	-1.5000000000e+00	1.4221183610e+01	8.7006575609e+01	2.2845552391e+00	2.2332207118e+00	1.5661183610e+01
8.9400000000e+02	-1.5000000000e+00	1.4226803362e+01	8.7037796453e+01	2.2845552391e+00	2.2332387122e+00	1.5666803362e+01
8.9420000000e+02	-1.5000000000e+00	1.4232388852e+01	8.7068826956e+01	2.2845552391e+00	2.2332565902e+00	1.5672388852e+01
8.9440000000e+02	-1.5000000000e+00	1.4237940290e+01	8.7099668280e+01	2.2845552391e+00	2.2332743469e+00	1.5677940290e+01
8.9460000000e+02	-1.5000000000e+00	1.4243457885e+01	8.7130321582e+01	2.2845552391e+00	2.2332919832e+00	1.5683457885e+01
8.9480000000e+02	-1.5000000000e+00	1.4248941842e+01	8.7160788010e+01	2.2845552391e+00	2.2333095000e+00	1.5688941842e+01
8.9500000000e+02	-1.5000000000e+00	1.4254392367e+01	8.7191068705e+01	2.2845552391e+00	2.2333268981e+00	1.5694392367e+01
8.9520000000e+02	-1.5000000000e+00	1.4259809665e+01	8.7221164803e+01	2.2845552391e+00	2.2333441785e+00	1.5699809665e+01
8.9540000000e+02	-1.5000000000e+00	1.4265193938e+01	8.7251077431e+01	2.2845552391e+00	2.2333613419e+00	1.5705193938e+01
8.9560000000e+02	-1.5000000000e+00	1.4270545388e+01	8.7280807709e+01	2.2845552391e+00	2.2333783894e+00	1.5710545388e+01
8.9580000000e+02	-1.5000000000e+00	1.4275864215e+01	8.7310356753e+01	2.2845552391e+00	2.2333953216e+00	1.5715864215e+01
8.9600000000e+02	-1.5000000000e+00	1.4281150620e+01	8.7339725668e+01	2.2845552391e+00	2.2334121396e+00	1.5721150620e+01
8.9620000000e+02	-1.5000000000e+00	1.4286404800e+01	8.7368915554e+01	2.2845552391e+00	2.2334288441e+00	1.5726404800e+01
8.9640000000e+02	-1.5000000000e+00	1.4291626951e+01	8.7397927507e+01	2.2845552391e+00	2.2334454359e+00	1.5731626951e+01
8.9660000000e+02	-1.5000000000e+00	1.4296817270e+01	8.7426762611e+01	2.2845552391e+00	2.2334619159e+00	1.5736817270e+01
8.9680000000e+02	-1.5000000000e+00	1.4301975951e+01	8.7455421948e+01	2.2845552391e+00	2.2334782850e+00	1.5741975951e+01
8.9700000000e+02	-1.5000000000e+00	1.4307103186e+01	8.7483906591e+01	2.2845552391e+00	2.2334945439e+00	1.5747103186e+01
8.9720000000e+02	-1.5000000000e+00	1.4312199169e+01	8.7512217606e+01	2.2845552391e+00	2.2335106934e+00	1.5752199169e+01
8.9740000000e+02	-1.5000000000e+00	1.4317264090e+01	8.7540356054e+01	2.2845552391e+00	2.2335267344e+00	1.5757264090e+01
8.9760000000e+02	-1.5000000000e+00	1.4322298138e+01	8.7568322990e+01	2.2845552391e+00	2.2335426676e+00	1.5762298138e+01
8.9780000000e+02	-1.5000000000e+00	1.4327301503e+01	8.7596119459e+01	2.2845552391e+00	2.2335584938e+00	1.5767301503e+01
8.9800000000e+02	-1.5000000000e+00	1.4332274371e+01	8.7623746505e+01	2.2845552391e+00	2.2335742139e+00	1.5772274371e+01
8.9820000000e+02	-1.5000000000e+00	1.4337216929e+01	8.7651205160e+01	2.2845552391e+00	2.2335898285e+00	1.5777216929e+01
8.9840000000e+02	-1.5000000000e+00	1.4342129362e+01	8.7678496453e+01	2.2845552391e+00	2.2336053385e+00	1.5782129362e+01
8.9860000000e+02	-1.5000000000e+00	1.4347011853e+01	8.7705621406e+01	2.2845552391e+00	2.2336207446e+00	1.5787011853e+01
8.9880000000e+02	-1.5000000000e+00	1.4351864586e+01	8.7732581036e+01	2.2845552391e+00	2.2336360476e+00	1.5791864586e+01
8.9900000000e+02	-1.5000000000e+00	1.4356687743e+01	8.7759376350e+01	2.2845552391e+00	2.2336512482e+00	1.5796687743e+01
8.9920000000e+02	-1.5000000000e+00	1.4361481504e+01	8.7786008354e+01	2.2845552391e+00	2.2336663471e+00	1.5801481504e+01
8.9940000000e+02	-1.5000000000e+00	1.4366246048e+01	8.7812478043e+01	2.2845552391e+00	2.2336813452e+00	1.5806246048e+01
8.9960000000e+02	-1.5000000000e+00	1.4370981554e+01	8.7838786408e+01	2.2845552391e+00	2.2336962431e+00	1.5810981554e+01
8.9980000000e+02	-1.5000000000e+00	1.4375688198e+01	8.7864934436e+01	2.2845552391e+00	2.2337110415e+00	1.5815688198e+01
9.0000000000e+02	1.5000000000e+00	1.4380366159e+01	8.7890923104e+01	2.2845552391e+00	2.2337257413e+00	1.5820366159e+01
9.0020000000e+02	1.5000000000e+00	1.4372844630e+01	8.7849136835e+01	2.9624751526e+00	2.8965318334e+00	1.5812844630e+01
9.0040000000e+02	1.5000000000e+00	1.4343099903e+01	8.7683888351e+01	3.5557725733e+00	3.4764768907e+00	1.5783099903e+01
9.0060000000e+02	1.5000000000e+00	1.4294049932e+01	8.7411388510e+01	4.0750106462e+00	3.9838587088e+00	1.5734049932e+01
9.0080000000e+02	1.5000000000e+00	1.4228248982e+01	8.7045827678e+01	4.5294339539e+00	4.4277013052e+00	1.5668248982e+01
9.0100000000e+02	1.5000000000e+00	1.4147932669e+01	8.6599625941e+01	4.9271331083e+00	4.8159106724e+00	1.5587932669e+01
9.0120000000e+02	1.5000000000e+00	1.4055057476e+01	8.6083652645e+01	5.2751887973e+00	5.1554120024e+00	1.5495057476e+01
9.0140000000e+02	1.5000000000e+00	1.3951335409e+01	8.5507418938e+01	5.5797978499e+00	5.4522704261e+00	1.5391335409e+01
9.0160000000e+02	1.5000000000e+00	1.3838264383e+01	8.4879246571e+01	5.8463835654e+00	5.7117971412e+00	1.5278264383e+01
9.0180000000e+02	1.5000000000e+00	1.3717154852e+01	8.4206415844e+01	6.0796922709e+00	5.9386426237e+00	1.5157154852e+01
9.0200000000e+02	1.5000000000e+00	1.3589153144e+01	8.3495295244e+01	6.2838778250e+00	6.1368784420e+00	1.5029153144e+01
9.0220000000e+02	1.5000000000e+00	1.3455261902e+01	8.2751455013e+01	6.4625755742e+00	6.3100690344e+00	1.4895261902e+01
9.0240000000e+02	1.5000000000e+00	1.3316357993e+01	8.1979766628e+01	6.6189670764e+00	6.4613346527e+00	1.4756357993e+01
9.0260000000e+02	1.5000000000e+00	1.3173208186e+01	8.1184489920e+01	6.7558367465e+00	6.5934065446e+00	1.4613208186e+01
9.0280000000e+02	1.5000000000e+00	1.3026482887e+01	8.0369349374e+01	6.8756214299e+00	6.7086753151e+00	1.4466482887e+01
9.0300000000e+02	1.5000000000e+00	1.2876768167e+01	7.9537600930e+01	6.9804537889e+00	6.8092333039e+00	1.4316768167e+01
9.0320000000e+02	1.5000000000e+00	1.2724576285e+01	7.8692090473e+01	7.0722002724e+00	6.8969117099e+00	1.4164576285e+01
9.0340000000e+02	1.5000000000e+00	1.2570354908e+01	7.7835305045e+01	7.1524943470e+00	6.9733131102e+00	1.4010354908e+01
9.0360000000e+02	1.5000000000e+00	1.2414495181e+01	7.6969417670e+01	7.2227655787e+00	7.0398399401e+00	1.3854495181e+01
9.0380000000e+02	1.5000000000e+00	1.2257338788e+01	7.6096326598e+01	7.2842650857e+00	7.0977194336e+00	1.3697338788e+01
9.0400000000e+02	1.5000000000e+00	1.2099184138e+01	7.5217689655e+01	7.3380878135e+00	7.1480254626e+00	1.3539184138e+01
9.0420000000e+02	1.5000000000e+00	1.1940291777e+01	7.4334954316e+01	7.3851920288e+00	7.1916976566e+00	1.3380291777e+01
9.0440000000e+02	1.5000000000e+00	1.1780889123e+01	7.3449384019e+01	7.4264163812e+00	7.2295581436e+00	1.3220889123e+01
9.0460000000e+02	1.5000000000e+00	1.1621174616e+01	7.2562081202e+01	7.4624948345e+00	7.2623262042e+00	1.3061174616e+01
9.0480000000e+02	1.5000000000e+00	1.1461321344e+01	7.1674007466e+01	7.4940697343e+00	7.2906310999e+00	1.2901321344e+01
9.0500000000e+02	1.5000000000e+00	1.1301480220e+01	7.0786001223e+01	7.5217032441e+00	7.3150233024e+00	1.2741480220e+01
9.0520000000e+02	1.5000000000e+00	1.1141782765e+01	6.9898793140e+01	7.5458873546e+00	7.3359843221e+00	1.2581782765e+01
9.0540000000e+02	1.5000000000e+00	1.0982343538e+01	6.9013019654e+01	7.5670526429e+00	7.3539353109e+00	1.2422343538e+01
9.0560000000e+02	1.5000000000e+00	1.0823262266e+01	6.8129234809e+01	7.5855759384e+00	7.3692445908e+00	1.2263262266e+01
9.0580000000e+02	1.5000000000e+00	1.0664625709e+01	6.7247920606e+01	7.6017870325e+00	7.3822342440e+00	1.2104625709e+01
9.0600000000e+02	1.5000000000e+00	1.0506509293e+01	6.6369496070e+01	7.6159745495e+00	7.3931858795e+00	1.1946509293e+01
9.0620000000e+02	1.5000000000e+00	1.0348978532e+01	6.5494325178e+01	7.6283910858e+00	7.4023456793e+00	1.1788978532e+01
9.0640000000e+02	1.5000000000e+00	1.0192090285e+01	6.4622723805e+01	7.6392577072e+00	7.4099288154e+00	1.1632090285e+01
9.0660000000e+02	1.5000000000e+00	1.0035893844e+01	6.3754965800e+01	7.6487678842e+00	7.4161233138e+00	1.1475893844e+01
9.0680000000e+02	1.5000000000e+00	9.8804318950e+00	6.2891288306e+01	7.6570909374e+00	7.4210934365e+00	1.1320431895e+01
9.0700000000e+02	1.5000000000e+00	9.7257413545e+00	6.2031896414e+01	7.6643750515e+00	7.4249826399e+00	1.1165741354e+01
9.0720000000e+02	1.5000000000e+00	9.5718541036e+00	6.1176967242e+01	7.6707499139e+00	7.4279161645e+00	1.1011854104e+01
9.0740000000e+02	1.5000000000e+00	9.4187976307e+00	6.0326653504e+01	7.6763290233e+00	7.4300032993e+00	1.0858797631e+01
9.0760000000e+02	1.5000000000e+00	9.2665955934e+00	5.9481086630e+01	7.6812117110e+00	7.4313393638e+00	1.0706595593e+01
9.0780000000e+02	1.5000000000e+00	9.1152683112e+00	5.8640379507e+01	7.6854849090e+00	7.4320074416e+00	1.0555268311e+01
9.0800000000e+02	1.5000000000e+00	8.9648331970e+00	5.7804628872e+01	7.6892246979e+00	7.4320798968e+00	1.0404833197e+01
9.0820000000e+02	1.5000000000e+00	8.8153051346e+00	5.6973917414e+01	7.6924976613e+00	7.4316197004e+00	1.0255305135e+01
9.0840000000e+02	1.5000000000e+00	8.6666968095e+00	5.6148315608e+01	7.6953620716e+00	7.4306815906e+00	1.0106696809e+01
9.0860000000e+02	1.5000000000e+00	8.5190189994e+00	5.5327883330e+01	7.6978689270e+00	7.4293130872e+00	9.9590189994e+00
9.0880000000e+02	1.5000000000e+00	8.3722808281e+00	5.4512671267e+01	7.7000628601e+00	7.4275553786e+00	9.8122808281e+00
9.0900000000e+02	1.5000000000e+00	8.2264899884e+00	5.3702722158e+01	7.7019829317e+00	7.4254440972e+00	9.6664899884e+00
9.0920000000e+02	1.5000000000e+00	8.0816529377e+00	5.2898071876e+01	7.7036633272e+00	7.4230099977e+00	9.5216529377e+00
9.0940000000e+02	1.5000000000e+00	7.9377750696e+00	5.2098750386e+01	7.7051339644e+00	7.4202795488e+00	9.3777750696e+00
9.0960000000e+02	1.5000000000e+00	7.7948608644e+00	5.1304782580e+01	7.7064210269e+00	7.4172754511e+00	9.2348608644e+00
9.0980000000e+02	1.5000000000e+00	7.6529140219e+00	5.0516189011e+01	7.7075474297e+00	7.4140170889e+00	9.0929140219e+00
9.1000000000e+02	1.5000000000e+00	7.5119375775e+00	4.9732986542e+01	7.7085332273e+00	7.4105209245e+00	8.9519375775e+00
9.1020000000e+02	1.5000000000e+00	7.3719340048e+00	4.8955188915e+01	7.7093959711e+00	7.4068008426e+00	8.8119340048e+00
9.1040000000e+02	1.5000000000e+00	7.2329053059e+00	4.8182807255e+01	7.7101510215e+00	7.4028684503e+00	8.6729053059e+00
9.1060000000e+02	1.5000000000e+00	7.0948530916e+00	4.7415850509e+01	7.7108118214e+00	7.3987333388e+00	8.5348530916e+00
9.1080000000e+02	1.5000000000e+00	6.9577786512e+00	4.6654325840e+01	7.7113901359e+00	7.3944033109e+00	8.3977786512e+00
9.1100000000e+02	1.5000000000e+00	6.8216830157e+00	4.5898238976e+01	7.7118962613e+00	7.3898845787e+00	8.2616830157e+00
9.1120000000e+02	1.5000000000e+00	6.6865670125e+00	4.5147594514e+01	7.7123392087e+00	7.3851819364e+00	8.1265670125e+00
9.1140000000e+02	1.5000000000e+00	6.5524313157e+00	4.4402396198e+01	7.7127268645e+00	7.3802989083e+00	7.9924313157e+00
9.1160000000e+02	1.5000000000e+00	6.4192764892e+00	4.3662647162e+01	7.7130661305e+00	7.3752378787e+00	7.8592764892e+00
9.1180000000e+02	1.5000000000e+00	6.2871030272e+00	4.2928350151e+01	7.7133630470e+00	7.3700002028e+00	7.7271030272e+00
9.1200000000e+02	1.5000000000e+00	6.1559113890e+00	4.2199507717e+01	7.7136229005e+00	7.3645863026e+00	7.5959113890e+00
9.1220000000e+02	1.5000000000e+00	6.0257020317e+00	4.1476122398e+01	7.7138503173e+00	7.3589957492e+00	7.4657020317e+00
9.1240000000e+02	1.5000000000e+00	5.8964754392e+00	4.0758196884e+01	7.7140493464e+00	7.3532273329e+00	7.3364754392e+00
9.1260000000e+02	1.5000000000e+00	5.7682321491e+00	4.0045734162e+01	7.7142235313e+00	7.3472791226e+00	7.2082321491e+00
9.1280000000e+02	1.5000000000e+00	5.6409727773e+00	3.9338737651e+01	7.7143759734e+00	7.3411485160e+00	7.0809727773e+00
9.1300000000e+02	1.5000000000e+00	5.5146980407e+00	3.8637211337e+01	7.7145093866e+00	7.3348322811e+00	6.9546980407e+00
9.1320000000e+02	1.5000000000e+00	5.3894087788e+00	3.7941159882e+01	7.7146261463e+00	7.3283265912e+00	6.8294087788e+00
9.1340000000e+02	1.5000000000e+00	5.2651059738e+00	3.7250588744e+01	7.7147283312e+00	7.3216270515e+00	6.7051059738e+00
9.1360000000e+02	1.5000000000e+00	5.1417907695e+00	3.6565504275e+01	7.7148177608e+00	7.3147287223e+00	6.5817907695e+00
9.1380000000e+02	1.5000000000e+00	5.0194644896e+00	3.5885913831e+01	7.7148960271e+00	7.3076261346e+00	6.4594644896e+00
9.1400000000e+02	1.5000000000e+00	4.8981286558e+00	3.5211825865e+01	7.7149645237e+00	7.3003133023e+00	6.3381286558e+00
9.1420000000e+02	1.5000000000e+00	4.7777850043e+00	3.4543250024e+01	7.7150244701e+00	7.2927837299e+00	6.2177850043e+00
9.1440000000e+02	1.5000000000e+00	4.6584355036e+00	3.3880197242e+01	7.7150769336e+00	7.2850304163e+00	6.0984355036e+00
9.1460000000e+02	1.5000000000e+00	4.5400823704e+00	3.3222679835e+01	7.7151228483e+00	7.2770458545e+00	5.9800823704e+00
9.1480000000e+02	1.5000000000e+00	4.4227280869e+00	3.2570711594e+01	7.7151630316e+00	7.2688220293e+00	5.8627280869e+00
9.1500000000e+02	1.5000000000e+00	4.3063754173e+00	3.1924307874e+01	7.7151981989e+00	7.2603504109e+00	5.7463754173e+00
9.1520000000e+02	1.5000000000e+00	4.1910274249e+00	3.1283485694e+01	7.7152289764e+00	7.2516219464e+00	5.6310274249e+00
9.1540000000e+02	1.5000000000e+00	4.0766874890e+00	3.0648263828e+01	7.7152559121e+00	7.2426270487e+00	5.5166874890e+00
9.1560000000e+02	1.5000000000e+00	3.9633593226e+00	3.0018662903e+01	7.7152794855e+00	7.2333555832e+00	5.4033593226e+00
9.1580000000e+02	1.5000000000e+00	3.8510469904e+00	2.9394705502e+01	7.7153001163e+00	7.2237968521e+00	5.2910469904e+00
9.1600000000e+02	1.5000000000e+00	3.7397549272e+00	2.8776416262e+01	7.7153181718e+00	7.2139395768e+00	5.1797549272e+00
9.1620000000e+02	1.5000000000e+00	3.6294879564e+00	2.8163821980e+01	7.7153339735e+00	7.2037718791e+00	5.0694879564e+00
9.1640000000e+02	1.5000000000e+00	3.5202513106e+00	2.7556951725e+01	7.7153478027e+00	7.1932812598e+00	4.9602513106e+00
9.1660000000e+02	1.5000000000e+00	3.4120506506e+00	2.6955836948e+01	7.7153599057e+00	7.1824545768e+00	4.8520506506e+00
9.1680000000e+02	1.5000000000e+00	3.3048920873e+00	2.6360511596e+01	7.7153704979e+00	7.1712780211e+00	4.7448920873e+00
9.1700000000e+02	1.5000000000e+00	3.1987822029e+00	2.5771012238e+01	7.7153797679e+00	7.1597370926e+00	4.6387822029e+00
9.1720000000e+02	1.5000000000e+00	3.0937280735e+00	2.5187378186e+01	7.7153878808e+00	7.1478165741e+00	4.5337280735e+00
9.1740000000e+02	1.5000000000e+00	2.9897372923e+00	2.4609651624e+01	7.7153949809e+00	7.1355005058e+00	4.4297372923e+00
9.1760000000e+02	1.5000000000e+00	2.8868179936e+00	2.4037877742e+01	7.7154011948e+00	7.1227721587e+00	4.3268179936e+00
9.1780000000e+02	1.5000000000e+00	2.7849788779e+00	2.3472104877e+01	7.7154066330e+00	7.1096140085e+00	4.2249788779e+00
9.1800000000e+02	1.5000000000e+00	2.6842292370e+00	2.2912384650e+01	7.7154113924e+00	7.0960077102e+00	4.1242292370e+00
9.1820000000e+02	1.5000000000e+00	2.5845789809e+00	2.2358772116e+01	7.7154155577e+00	7.0819340734e+00	4.0245789809e+00
9.1840000000e+02	1.5000000000e+00	2.4860386645e+00	2.1811325914e+01	7.7154192030e+00	7.0673730395e+00	3.9260386645e+00
9.1860000000e+02	1.5000000000e+00	2.3886195156e+00	2.1270108420e+01	7.7154223933e+00	7.0523036614e+00	3.8286195156e+00
9.1880000000e+02	1.5000000000e+00	2.2923334626e+00	2.0735185903e+01	7.7154251854e+00	7.0367040860e+00	3.7323334626e+00
9.1900000000e+02	1.5000000000e+00	2.1971931636e+00	2.0206628687e+01	7.7154276290e+00	7.0205515415e+00	3.6371931636e+00
9.1920000000e+02	1.5000000000e+00	2.1032120350e+00	1.9684511305e+01	7.7154297675e+00	7.0038223295e+00	3.5432120350e+00
9.1940000000e+02	1.5000000000e+00	2.0104042799e+00	1.9168912666e+01	7.7154316391e+00	6.9864918243e+00	3.4504042799e+00
9.1960000000e+02	1.5000000000e+00	1.9187849173e+00	1.8659916207e+01	7.7154332770e+00	6.9685344804e+00	3.3587849173e+00
9.1980000000e+02	1.5000000000e+00	1.8283698090e+00	1.8157610050e+01	7.7154347105e+00	6.9499238497e+00	3.2683698090e+00
9.2000000000e+02	1.5000000000e+00	1.7391756874e+00	1.7662087152e+01	7.7154359651e+00	6.9306326118e+00	3.1791756874e+00
9.2020000000e+02	1.5000000000e+00	1.6512201803e+00	1.7173445446e+01	7.7154370630e+00	6.9106326178e+00	3.0912201803e+00
9.2040000000e+02	1.5000000000e+00	1.5645218343e+00	1.6691787968e+01	7.7154380239e+00	6.8898949526e+00	3.0045218343e+00
9.2060000000e+02	1.5000000000e+00	1.4791001355e+00	1.6217222975e+01	7.7154388649e+00	6.8683900172e+00	2.9191001355e+00
9.2080000000e+02	1.5000000000e+00	1.3949755265e+00	1.5749864036e+01	7.7154396009e+00	6.8460876346e+00	2.8349755265e+00
9.2100000000e+02	1.5000000000e+00	1.3121694192e+00	1.5289830107e+01	7.7154402450e+00	6.8229571845e+00	2.7521694192e+00
9.2120000000e+02	1.5000000000e+00	1.2307042020e+00	1.4837245567e+01	7.7154408087e+00	6.7989677694e+00	2.6707042020e+00
9.2140000000e+02	1.5000000000e+00	1.1506032403e+00	1.4392240224e+01	7.7154413020e+00	6.7740884184e+00	2.5906032403e+00
9.2160000000e+02	1.5000000000e+00	1.0718908689e+00	1.3954949272e+01	7.7154417338e+00	6.7482883318e+00	2.5118908689e+00
9.2180000000e+02	1.5000000000e+00	9.9459237542e-01	1.3525513197e+01	7.7154421117e+00	6.7215371742e+00	2.4345923754e+00
9.2200000000e+02	1.5000000000e+00	9.1873397138e-01	1.3104077619e+01	7.7154424424e+00	6.6938054200e+00	2.3587339714e+00
9.2220000000e+02	1.5000000000e+00	8.4434275079e-01	1.2690793060e+01	7.7154427318e+00	6.6650647569e+00	2.2843427508e+00
9.2240000000e+02	1.5000000000e+00	7.7144663308e-01	1.2285814628e+01	7.7154429851e+00	6.6352885541e+00	2.2114466331e+00
9.2260000000e+02	1.5000000000e+00	7.0007428836e-01	1.1889301602e+01	7.7154432068e+00	6.6044523985e+00	2.1400742884e+00
9.2280000000e+02	1.5000000000e+00	6.3025504263e-01	1.1501416904e+01	7.7154434008e+00	6.5725347037e+00	2.0702550426e+00
9.2300000000e+02	1.5000000000e+00	5.6201876034e-01	1.1122326446e+01	7.7154435705e+00	6.5395173959e+00	2.0020187603e+00
9.2320000000e+02	1.5000000000e+00	4.9539570158e-01	1.0752198342e+01	7.7154437191e+00	6.5053866745e+00	1.9353957016e+00
9.2340000000e+02	1.5000000000e+00	4.3041635159e-01	1.0391201953e+01	7.7154438492e+00	6.4701338497e+00	1.8704163516e+00
9.2360000000e+02	1.5000000000e+00	3.6711121984e-01	1.0039506777e+01	7.7154439630e+00	6.4337562484e+00	1.8071112198e+00
9.2380000000e+02	1.5000000000e+00	3.0551060677e-01	9.6972811487e+00	7.7154440626e+00	6.3962581826e+00	1.7455106068e+00
9.2400000000e+02	1.5000000000e+00	2.4564433612e-01	9.3646907562e+00	7.7154441498e+00	6.3576519643e+00	1.6856443361e+00
9.2420000000e+02	1.5000000000e+00	1.8754145209e-01	9.0418969560e+00	7.7154442261e+00	6.3179589467e+00	1.6275414521e+00
9.2440000000e+02	1.5000000000e+00	1.3122988059e-01	8.7290548922e+00	7.7154442928e+00	6.2772105676e+00	1.5712298806e+00
9.2460000000e+02	1.5000000000e+00	7.6736055816e-02	8.4263114212e+00	7.7154443513e+00	6.2354493579e+00	1.5167360558e+00
9.2480000000e+02	1.5000000000e+00	2.4084513832e-02	8.1338028546e+00	7.7154444024e+00	6.1927298769e+00	1.4640845138e+00
9.2500000000e+02	1.5000000000e+00	-2.6702542797e-02	7.8516525400e+00	7.7154444472e+00	6.1491195254e+00	1.4132974572e+00
9.2520000000e+02	1.5000000000e+00	-7.5605704020e-02	7.5799683110e+00	7.7154444863e+00	6.1046991820e+00	1.3643942960e+00
9.2540000000e+02	1.5000000000e+00	-1.2260882738e-01	7.3188398479e+00	7.7154445206e+00	6.0595636070e+00	1.3173911726e+00
9.2560000000e+02	1.5000000000e+00	-1.6769951966e-01	7.0683360019e+00	7.7154445506e+00	6.0138215519e+00	1.2723004803e+00
9.2580000000e+02	1.5000000000e+00	-2.1086961340e-01	6.8285021478e+00	7.7154445769e+00	5.9675955199e+00	1.2291303866e+00
9.2600000000e+02	1.5000000000e+00	-2.5211562506e-01	6.5993576386e+00	7.7154445998e+00	5.9210211268e+00	1.1878843749e+00
9.2620000000e+02	1.5000000000e+00	-2.9143917958e-01	6.3808934468e+00	7.7154446199e+00	5.8742460248e+00	1.1485608204e+00
9.2640000000e+02	1.5000000000e+00	-3.2884738570e-01	6.1730700794e+00	7.7154446375e+00	5.8274283689e+00	1.1111526143e+00
9.2660000000e+02	1.5000000000e+00	-3.6435314572e-01	5.9758158571e+00	7.7154446529e+00	5.7807348274e+00	1.0756468543e+00
9.2680000000e+02	1.5000000000e+00	-3.9797538420e-01	5.7890256433e+00	7.7154446664e+00	5.7343381661e+00	1.0420246158e+00
9.2700000000e+02	1.5000000000e+00	-4.2973918173e-01	5.6125601015e+00	7.7154446782e+00	5.6884144610e+00	1.0102608183e+00
9.2720000000e+02	1.5000000000e+00	-4.5967580238e-01	5.4462455423e+00	7.7154446885e+00	5.6431400231e+00	9.8032419762e-01
9.2740000000e+02	1.5000000000e+00	-4.8782260708e-01	5.2898744051e+00	7.7154446976e+00	5.5986881477e+00	9.5217739292e-01
9.2760000000e+02	1.5000000000e+00	-5.1422284952e-01	5.1432063916e+00	7.7154447055e+00	5.5552258115e+00	9.2577715048e-01
9.2780000000e+02	1.5000000000e+00	-5.3892535598e-01	5.0059702446e+00	7.7154447124e+00	5.5129104615e+00	9.0107464402e-01
9.2800000000e+02	1.5000000000e+00	-5.6198409544e-01	4.8778661365e+00	7.7154447185e+00	5.4718870320e+00	8.7801590456e-01
9.2820000000e+02	1.5000000000e+00	-5.8345765135e-01	4.7585686036e+00	7.7154447238e+00	5.4322853223e+00	8.5654234865e-01
9.2840000000e+02	1.5000000000e+00	-6.0340861061e-01	4.6477299411e+00	7.7154447284e+00	5.3942178444e+00	8.3659138939e-01
9.2860000000e+02	1.5000000000e+00	-6.2190288862e-01	4.5449839521e+00	7.7154447325e+00	5.3577782236e+00	8.1809711138e-01
9.2880000000e+02	1.5000000000e+00	-6.3900901179e-01	4.4499499345e+00	7.7154447360e+00	5.3230402013e+00	8.0099098821e-01
9.2900000000e+02	1.5000000000e+00	-6.5479737948e-01	4.3622367806e+00	7.7154447391e+00	5.2900572520e+00	7.8520262052e-01
9.2920000000e+02	1.5000000000e+00	-6.6933952747e-01	4.2814470696e+00	7.7154447419e+00	5.2588627930e+00	7.7066047253e-01
9.2940000000e+02	1.5000000000e+00	-6.8270741322e-01	4.2071810377e+00	7.7154447442e+00	5.2294709350e+00	7.5729258678e-01
9.2960000000e+02	1.5000000000e+00	-6.9497274093e-01	4.1390403282e+00	7.7154447463e+00	5.2018776955e+00	7.4502725907e-01
9.2980000000e+02	1.5000000000e+00	-7.0620634116e-01	4.0766314380e+00	7.7154447481e+00	5.1760625832e+00	7.3379365884e-01
9.3000000000e+02	1.5000000000e+00	-7.1647761620e-01	4.0195687989e+00	7.7154447497e+00	5.1519904534e+00	7.2352238380e-01
9.3020000000e+02	1.5000000000e+00	-7.2585405862e-01	3.9674774521e+00	7.7154447511e+00	5.1296135308e+00	7.1414594138e-01
9.3040000000e+02	1.5000000000e+00	-7.3440084701e-01	3.9199952944e+00	7.7154447524e+00	5.1088735074e+00	7.0559915299e-01
9.3060000000e+02	1.5000000000e+00	-7.4218051935e-01	3.8767748925e+00	7.7154447534e+00	5.0897036303e+00	6.9781948065e-01
9.3080000000e+02	1.5000000000e+00	-7.4925272218e-01	3.8374848768e+00	7.7154447544e+00	5.0720307097e+00	6.9074727782e-01
9.3100000000e+02	1.5000000000e+00	-7.5567403095e-01	3.8018109392e+00	7.7154447552e+00	5.0557769942e+00	6.8432596905e-01
9.3120000000e+02	1.5000000000e+00	-7.6149783584e-01	3.7694564675e+00	7.7154447559e+00	5.0408618730e+00	6.7850216416e-01
9.3140000000e+02	1.5000000000e+00	-7.6677428586e-01	3.7401428563e+00	7.7154447565e+00	5.0272033836e+00	6.7322571414e-01
9.3160000000e+02	1.5000000000e+00	-7.7155028370e-01	3.7136095350e+00	7.7154447571e+00	5.0147195116e+00	6.6844971630e-01
9.3180000000e+02	1.5000000000e+00	-7.7586952354e-01	3.6896137581e+00	7.7154447576e+00	5.0033292834e+00	6.6413047646e-01
9.3200000000e+02	1.5000000000e+00	-7.7977256420e-01	3.6679301989e+00	7.7154447580e+00	4.9929536590e+00	6.6022743580e-01
9.3220000000e+02	1.5000000000e+00	-7.8329693053e-01	3.6483503860e+00	7.7154447584e+00	4.9835162372e+00	6.5670306947e-01
9.3240000000e+02	1.5000000000e+00	-7.8647723635e-01	3.6306820203e+00	7.7154447587e+00	4.9749437924e+00	6.5352276365e-01
9.3260000000e+02	1.5000000000e+00	-7.8934532323e-01	3.6147482043e+00	7.7154447590e+00	4.9671666605e+00	6.5065467677e-01
9.3280000000e+02	1.5000000000e+00	-7.9193040987e-01	3.6003866118e+00	7.7154447592e+00	4.9601189955e+00	6.4806959013e-01
9.3300000000e+02	1.5000000000e+00	-7.9425924773e-01	3.5874486237e+00	7.7154447594e+00	4.9537389151e+00	6.4574075227e-01
9.3320000000e+02	1.5000000000e+00	-7.9635627931e-01	3.5757984483e+00	7.7154447596e+00	4.9479685564e+00	6.4364372069e-01
9.3340000000e+02	1.5000000000e+00	-7.9824379608e-01	3.5653122440e+00	7.7154447598e+00	4.9427540565e+00	6.4175620392e-01
9.3360000000e+02	1.5000000000e+00	-7.9994209365e-01	3.5558772575e+00	7.7154447599e+00	4.9380454754e+00	6.4005790635e-01
9.3380000000e+02	1.5000000000e+00	-8.0146962250e-01	3.5473909861e+00	7.7154447600e+00	4.9337966738e+00	6.3853037750e-01
9.3400000000e+02	1.5000000000e+00	-8.0284313268e-01	3.5397603740e+00	7.7154447602e+00	4.9299651584e+00	6.3715686732e-01
9.3420000000e+02	1.5000000000e+00	-8.0407781170e-01	3.5329010461e+00	7.7154447603e+00	4.9265119035e+00	6.3592218830e-01
9.3440000000e+02	1.5000000000e+00	-8.0518741494e-01	3.5267365837e+00	7.7154447603e+00	4.9234011579e+00	6.3481258506e-01
9.3460000000e+02	1.5000000000e+00	-8.0618438810e-01	3.5211978439e+00	7.7154447604e+00	4.9206002435e+00	6.3381561190e-01
9.3480000000e+02	1.5000000000e+00	-8.0707998169e-01	3.5162223239e+00	7.7154447605e+00	4.9180793508e+00	6.3292001831e-01
9.3500000000e+02	1.5000000000e+00	-8.0788435749e-01	3.5117535695e+00	7.7154447605e+00	4.9158113360e+00	6.3211564251e-01
9.3520000000e+02	1.5000000000e+00	-8.0860668712e-01	3.5077406271e+00	7.7154447606e+00	4.9137715218e+00	6.3139331288e-01
9.3540000000e+02	1.5000000000e+00	-8.0925524305e-01	3.5041375386e+00	7.7154447606e+00	4.9119375058e+00	6.3074475695e-01
9.3560000000e+02	1.5000000000e+00	-8.0983748228e-01	3.5009028762e+00	7.7154447607e+00	4.9102889765e+00	6.3016251772e-01
9.3580000000e+02	1.5000000000e+00	-8.1036012313e-01	3.4979993159e+00	7.7154447607e+00	4.9088075397e+00	6.2963987687e-01
9.3600000000e+02	1.5000000000e+00	-8.1082921549e-01	3.4953932473e+00	7.7154447607e+00	4.9074765541e+00	6.2917078451e-01
9.3620000000e+02	1.5000000000e+00	-8.1125020495e-01	3.4930544170e+00	7.7154447608e+00	4.9062809786e+00	6.2874979505e-01
9.3640000000e+02	1.5000000000e+00	-8.1162799125e-01	3.4909556042e+00	7.7154447608e+00	4.9052072295e+00	6.2837200875e-01
9.3660000000e+02	1.5000000000e+00	-8.1196698147e-01	3.4890723252e+00	7.7154447608e+00	4.9042430481e+00	6.2803301853e-01
9.3680000000e+02	1.5000000000e+00	-8.1227113829e-01	3.4873825651e+00	7.7154447608e+00	4.9033773792e+00	6.2772886171e-01
9.3700000000e+02	1.5000000000e+00	-8.1254402381e-01	3.4858665344e+00	7.7154447608e+00	4.9026002585e+00	6.2745597619e-01
9.3720000000e+02	1.5000000000e+00	-8.1278883924e-01	3.4845064486e+00	7.7154447608e+00	4.9019027099e+00	6.2721116076e-01
9.3740000000e+02	1.5000000000e+00	-8.1300846079e-01	3.4832863290e+00	7.7154447609e+00	4.9012766515e+00	6.2699153921e-01
9.3760000000e+02	1.5000000000e+00	-8.1320547212e-01	3.4821918215e+00	7.7154447609e+00	4.9007148090e+00	6.2679452788e-01
9.3780000000e+02	1.5000000000e+00	-8.1338219373e-01	3.4812100348e+00	7.7154447609e+00	4.9002106385e+00	6.2661780627e-01
9.3800000000e+02	1.5000000000e+00	-8.1354070937e-01	3.4803293924e+00	7.7154447609e+00	4.8997582543e+00	6.2645929063e-01
9.3820000000e+02	1.5000000000e+00	-8.1368288991e-01	3.4795395005e+00	7.7154447609e+00	4.8993523647e+00	6.2631711009e-01
9.3840000000e+02	1.5000000000e+00	-8.1381041492e-01	3.4788310282e+00	7.7154447609e+00	4.8989882135e+00	6.2618958508e-01
9.3860000000e+02	1.5000000000e+00	-8.1392479198e-01	3.4781956001e+00	7.7154447609e+00	4.8986615264e+00	6.2607520802e-01
9.3880000000e+02	1.5000000000e+00	-8.1402737423e-01	3.4776256987e+00	7.7154447609e+00	4.8983684635e+00	6.2597262577e-01
9.3900000000e+02	1.5000000000e+00	-8.1411937598e-01	3.4771145779e+00	7.7154447609e+00	4.8981055758e+00	6.2588062402e-01
9.3920000000e+02	1.5000000000e+00	-8.1420188695e-01	3.4766561836e+00	7.7154447609e+00	4.8978697654e+00	6.2579811305e-01
9.3940000000e+02	1.5000000000e+00	-8.1427588491e-01	3.4762450839e+00	7.7154447609e+00	4.8976582511e+00	6.2572411509e-01
9.3960000000e+02	1.5000000000e+00	-8.1434224715e-01	3.4758764047e+00	7.7154447609e+00	4.8974685355e+00	6.2565775285e-01
9.3980000000e+02	1.5000000000e+00	-8.1440176078e-01	3.4755457734e+00	7.7154447609e+00	4.8972983769e+00	6.2559823922e-01
9.4000000000e+02	1.5000000000e+00	-8.1445513190e-01	3.4752492672e+00	7.7154447609e+00	4.8971457632e+00	6.2554486810e-01
9.4020000000e+02	1.5000000000e+00	-8.1450299396e-01	3.4749833669e+00	7.7154447609e+00	4.8970088886e+00	6.2549700604e-01
9.4040000000e+02	1.5000000000e+00	-8.1454591518e-01	3.4747449157e+00	7.7154447609e+00	4.8968861322e+00	6.2545408482e-01
9.4060000000e+02	1.5000000000e+00	-8.1458440527e-01	3.4745310819e+00	7.7154447609e+00	4.8967760401e+00	6.2541559473e-01
9.4080000000e+02	1.5000000000e+00	-8.1461892140e-01	3.4743393255e+00	7.7154447609e+00	4.8966773071e+00	6.2538107860e-01
9.4100000000e+02	1.5000000000e+00	-8.1464987366e-01	3.4741673685e+00	7.7154447609e+00	4.8965887627e+00	6.2535012634e-01
9.4120000000e+02	1.5000000000e+00	-8.1467762984e-01	3.4740131675e+00	7.7154447609e+00	4.8965093566e+00	6.2532237016e-01
9.4140000000e+02	1.5000000000e+00	-8.1470251982e-01	3.4738748899e+00	7.7154447609e+00	4.8964381464e+00	6.2529748018e-01
9.4160000000e+02	1.5000000000e+00	-8.1472483946e-01	3.4737508919e+00	7.7154447609e+00	4.8963742869e+00	6.2527516054e-01
9.4180000000e+02	1.5000000000e+00	-8.1474485409e-01	3.4736396995e+00	7.7154447609e+00	4.8963170198e+00	6.2525514591e-01
9.4200000000e+02	1.5000000000e+00	-8.1476280168e-01	3.4735399906e+00	7.7154447609e+00	4.8962656651e+00	6.2523719832e-01
9.4220000000e+02	1.5000000000e+00	-8.1477889566e-01	3.4734505797e+00	7.7154447609e+00	4.8962196127e+00	6.2522110434e-01
9.4240000000e+02	1.5000000000e+00	-8.1479332741e-01	3.4733704033e+00	7.7154447609e+00	4.8961783154e+00	6.2520667259e-01
9.4260000000e+02	1.5000000000e+00	-8.1480626857e-01	3.4732985079e+00	7.7154447609e+00	4.8961412825e+00	6.2519373143e-01
9.4280000000e+02	1.5000000000e+00	-8.1481787307e-01	3.4732340385e+00	7.7154447609e+00	4.8961080738e+00	6.2518212693e-01
9.4300000000e+02	1.5000000000e+00	-8.1482827895e-01	3.4731762281e+00	7.7154447609e+00	4.8960782946e+00	6.2517172105e-01
9.4320000000e+02	1.5000000000e+00	-8.1483760998e-01	3.4731243890e+00	7.7154447609e+00	4.8960515908e+00	6.2516239002e-01
9.4340000000e+02	1.5000000000e+00	-8.1484597717e-01	3.4730779046e+00	7.7154447609e+00	4.8960276449e+00	6.2515402283e-01
9.4360000000e+02	1.5000000000e+00	-8.1485348007e-01	3.4730362218e+00	7.7154447609e+00	4.8960061721e+00	6.2514651993e-01
9.4380000000e+02	1.5000000000e+00	-8.1486020795e-01	3.4729988447e+00	7.7154447609e+00	4.8959869171e+00	6.2513979205e-01
9.4400000000e+02	1.5000000000e+00	-8.1486624086e-01	3.4729653286e+00	7.7154447609e+00	4.8959696509e+00	6.2513375914e-01
9.4420000000e+02	1.5000000000e+00	-8.1487165057e-01	3.4729352746e+00	7.7154447609e+00	4.8959541681e+00	6.2512834943e-01
9.4440000000e+02	1.5000000000e+00	-8.1487650145e-01	3.4729083253e+00	7.7154447609e+00	4.8959402846e+00	6.2512349855e-01
9.4460000000e+02	1.5000000000e+00	-8.1488085124e-01	3.4728841598e+00	7.7154447609e+00	4.8959278351e+00	6.2511914876e-01
9.4480000000e+02	1.5000000000e+00	-8.1488475169e-01	3.4728624906e+00	7.7154447609e+00	4.8959166715e+00	6.2511524831e-01
9.4500000000e+02	1.5000000000e+00	-8.1488824921e-01	3.4728430600e+00	7.7154447609e+00	4.8959066611e+00	6.2511175079e-01
9.4520000000e+02	1.5000000000e+00	-8.1489138542e-01	3.4728256365e+00	7.7154447609e+00	4.8958976848e+00	6.2510861458e-01
9.4540000000e+02	1.5000000000e+00	-8.1489419766e-01	3.4728100130e+00	7.7154447609e+00	4.8958896357e+00	6.2510580234e-01
9.4560000000e+02	1.5000000000e+00	-8.1489671937e-01	3.4727960035e+00	7.7154447609e+00	4.8958824180e+00	6.2510328063e-01
9.4580000000e+02	1.5000000000e+00	-8.1489898059e-01	3.4727834412e+00	7.7154447609e+00	4.8958759460e+00	6.2510101941e-01
9.4600000000e+02	1.5000000000e+00	-8.1490100820e-01	3.4727721767e+00	7.7154447609e+00	4.8958701425e+00	6.2509899180e-01
9.4620000000e+02	1.5000000000e+00	-8.1490282636e-01	3.4727620758e+00	7.7154447609e+00	4.8958649385e+00	6.2509717364e-01
9.4640000000e+02	1.5000000000e+00	-8.1490445668e-01	3.4727530184e+00	7.7154447609e+00	4.8958602721e+00	6.2509554332e-01
9.4660000000e+02	1.5000000000e+00	-8.1490591859e-01	3.4727448967e+00	7.7154447609e+00	4.8958560878e+00	6.2509408141e-01
9.4680000000e+02	1.5000000000e+00	-8.1490722947e-01	3.4727376141e+00	7.7154447609e+00	4.8958523357e+00	6.2509277053e-01
9.4700000000e+02	1.5000000000e+00	-8.1490840492e-01	3.4727310838e+00	7.7154447609e+00	4.8958489712e+00	6.2509159508e-01
9.4720000000e+02	1.5000000000e+00	-8.1490945895e-01	3.4727252281e+00	7.7154447609e+00	4.8958459543e+00	6.2509054105e-01
9.4740000000e+02	1.5000000000e+00	-8.1491040409e-01	3.4727199773e+00	7.7154447609e+00	4.8958432491e+00	6.2508959591e-01
9.4760000000e+02	1.5000000000e+00	-8.1491125158e-01	3.4727152690e+00	7.7154447609e+00	4.8958408233e+00	6.2508874842e-01
9.4780000000e+02	1.5000000000e+00	-8.1491201153e-01	3.4727110471e+00	7.7154447609e+00	4.8958386481e+00	6.2508798847e-01
9.4800000000e+02	1.5000000000e+00	-8.1491269296e-01	3.4727072613e+00	7.7154447609e+00	4.8958366977e+00	6.2508730704e-01
9.4820000000e+02	1.5000000000e+00	-8.1491330400e-01	3.4727038667e+00	7.7154447609e+00	4.8958349487e+00	6.2508669600e-01
9.4840000000e+02	1.5000000000e+00	-8.1491385192e-01	3.4727008227e+00	7.7154447609e+00	4.8958333804e+00	6.2508614808e-01
9.4860000000e+02	1.5000000000e+00	-8.1491434322e-01	3.4726980932e+00	7.7154447609e+00	4.8958319741e+00	6.2508565678e-01
9.4880000000e+02	1.5000000000e+00	-8.1491478378e-01	3.4726956457e+00	7.7154447609e+00	4.8958307131e+00	6.2508521622e-01
9.4900000000e+02	1.5000000000e+00	-8.1491517882e-01	3.4726934510e+00	7.7154447609e+00	4.8958295824e+00	6.2508482118e-01
9.4920000000e+02	1.5000000000e+00	-8.1491553305e-01	3.4726914831e+00	7.7154447609e+00	4.8958285685e+00	6.2508446695e-01
9.4940000000e+02	1.5000000000e+00	-8.1491585068e-01	3.4726897184e+00	7.7154447609e+00	4.8958276593e+00	6.2508414932e-01
9.4960000000e+02	1.5000000000e+00	-8.1491613550e-01	3.4726881361e+00	7.7154447609e+00	4.8958268441e+00	6.2508386450e-01
9.4980000000e+02	1.5000000000e+00	-8.1491639090e-01	3.4726867172e+00	7.7154447609e+00	4.8958261131e+00	6.2508360910e-01
9.5000000000e+02	1.5000000000e+00	-8.1491661991e-01	3.4726854449e+00	7.7154447609e+00	4.8958254576e+00	6.2508338009e-01
9.5020000000e+02	1.5000000000e+00	-8.1491682526e-01	3.4726843041e+00	7.7154447609e+00	4.8958248698e+00	6.2508317474e-01
9.5040000000e+02	1.5000000000e+00	-8.1491700940e-01	3.4726832811e+00	7.7154447609e+00	4.8958243427e+00	6.2508299060e-01
9.5060000000e+02	1.5000000000e+00	-8.1491717452e-01	3.4726823638e+00	7.7154447609e+00	4.8958238701e+00	6.2508282548e-01
9.5080000000e+02	1.5000000000e+00	-8.1491732258e-01	3.4726815412e+00	7.7154447609e+00	4.8958234463e+00	6.2508267742e-01
9.5100000000e+02	1.5000000000e+00	-8.1491745534e-01	3.4726808037e+00	7.7154447609e+00	4.8958230663e+00	6.2508254466e-01
9.5120000000e+02	1.5000000000e+00	-8.1491757438e-01	3.4726801423e+00	7.7154447609e+00	4.8958227256e+00	6.2508242562e-01
9.5140000000e+02	1.5000000000e+00	-8.1491768113e-01	3.4726795493e+00	7.7154447609e+00	4.8958224200e+00	6.2508231887e-01
9.5160000000e+02	1.5000000000e+00	-8.1491777685e-01	3.4726790175e+00	7.7154447609e+00	4.8958221460e+00	6.2508222315e-01
9.5180000000e+02	1.5000000000e+00	-8.1491786268e-01	3.4726785407e+00	7.7154447609e+00	4.8958219003e+00	6.2508213732e-01
9.5200000000e+02	1.5000000000e+00	-8.1491793965e-01	3.4726781131e+00	7.7154447609e+00	4.8958216801e+00	6.2508206035e-01
9.5220000000e+02	1.5000000000e+00	-8.1491800866e-01	3.4726777297e+00	7.7154447609e+00	4.8958214825e+00	6.2508199134e-01
9.5240000000e+02	1.5000000000e+00	-8.1491807054e-01	3.4726773859e+00	7.7154447609e+00	4.8958213054e+00	6.2508192946e-01
9.5260000000e+02	1.5000000000e+00	-8.1491812603e-01	3.4726770776e+00	7.7154447609e+00	4.8958211466e+00	6.2508187397e-01
9.5280000000e+02	1.5000000000e+00	-8.1491817579e-01	3.4726768012e+00	7.7154447609e+00	4.8958210041e+00	6.2508182421e-01
9.5300000000e+02	1.5000000000e+00	-8.1491822041e-01	3.4726765533e+00	7.7154447609e+00	4.8958208764e+00	6.2508177959e-01
9.5320000000e+02	1.5000000000e+00	-8.1491826042e-01	3.4726763310e+00	7.7154447609e+00	4.8958207619e+00	6.2508173958e-01
9.5340000000e+02	1.5000000000e+00	-8.1491829629e-01	3.4726761317e+00	7.7154447609e+00	4.8958206592e+00	6.2508170371e-01
9.5360000000e+02	1.5000000000e+00	-8.1491832846e-01	3.4726759530e+00	7.7154447609e+00	4.8958205671e+00	6.2508167154e-01
9.5380000000e+02	1.5000000000e+00	-8.1491835730e-01	3.4726757928e+00	7.7154447609e+00	4.8958204846e+00	6.2508164270e-01
9.5400000000e+02	1.5000000000e+00	-8.1491838317e-01	3.4726756491e+00	7.7154447609e+00	4.8958204105e+00	6.2508161683e-01
9.5420000000e+02	1.5000000000e+00	-8.1491840636e-01	3.4726755202e+00	7.7154447609e+00	4.8958203442e+00	6.2508159364e-01
9.5440000000e+02	1.5000000000e+00	-8.1491842716e-01	3.4726754047e+00	7.7154447609e+00	4.8958202846e+00	6.2508157284e-01
9.5460000000e+02	1.5000000000e+00	-8.1491844581e-01	3.4726753011e+00	7.7154447609e+00	4.8958202313e+00	6.2508155419e-01
9.5480000000e+02	1.5000000000e+00	-8.1491846253e-01	3.4726752082e+00	7.7154447609e+00	4.8958201834e+00	6.2508153747e-01
9.5500000000e+02	1.5000000000e+00	-8.1491847752e-01	3.4726751249e+00	7.7154447609e+00	4.8958201405e+00	6.2508152248e-01
9.5520000000e+02	1.5000000000e+00	-8.1491849097e-01	3.4726750502e+00	7.7154447609e+00	4.8958201020e+00	6.2508150903e-01
9.5540000000e+02	1.5000000000e+00	-8.1491850303e-01	3.4726749832e+00	7.7154447609e+00	4.8958200675e+00	6.2508149697e-01
9.5560000000e+02	1.5000000000e+00	-8.1491851384e-01	3.4726749231e+00	7.7154447609e+00	4.8958200365e+00	6.2508148616e-01
9.5580000000e+02	1.5000000000e+00	-8.1491852353e-01	3.4726748693e+00	7.7154447609e+00	4.8958200088e+00	6.2508147647e-01
9.5600000000e+02	1.5000000000e+00	-8.1491853222e-01	3.4726748210e+00	7.7154447609e+00	4.8958199839e+00	6.2508146778e-01
9.5620000000e+02	1.5000000000e+00	-8.1491854002e-01	3.4726747777e+00	7.7154447609e+00	4.8958199616e+00	6.2508145998e-01
9.5640000000e+02	1.5000000000e+00	-8.1491854701e-01	3.4726747388e+00	7.7154447609e+00	4.8958199416e+00	6.2508145299e-01
9.5660000000e+02	1.5000000000e+00	-8.1491855327e-01	3.4726747040e+00	7.7154447609e+00	4.8958199236e+00	6.2508144673e-01
9.5680000000e+02	1.5000000000e+00	-8.1491855889e-01	3.4726746728e+00	7.7154447609e+00	4.8958199076e+00	6.2508144111e-01
9.5700000000e+02	1.5000000000e+00	-8.1491856393e-01	3.4726746448e+00	7.7154447609e+00	4.8958198931e+00	6.2508143607e-01
9.5720000000e+02	1.5000000000e+00	-8.1491856845e-01	3.4726746197e+00	7.7154447609e+00	4.8958198802e+00	6.2508143155e-01
9.5740000000e+02	1.5000000000e+00	-8.1491857250e-01	3.4726745972e+00	7.7154447609e+00	4.8958198686e+00	6.2508142750e-01
9.5760000000e+02	1.5000000000e+00	-8.1491857614e-01	3.4726745770e+00	7.7154447609e+00	4.8958198582e+00	6.2508142386e-01
9.5780000000e+02	1.5000000000e+00	-8.1491857939e-01	3.4726745589e+00	7.7154447609e+00	4.8958198489e+00	6.2508142061e-01
9.5800000000e+02	1.5000000000e+00	-8.1491858232e-01	3.4726745427e+00	7.7154447609e+00	4.8958198405e+00	6.2508141768e-01
9.5820000000e+02	1.5000000000e+00	-8.1491858494e-01	3.4726745281e+00	7.7154447609e+00	4.8958198330e+00	6.2508141506e-01
9.5840000000e+02	1.5000000000e+00	-8.1491858728e-01	3.4726745151e+00	7.7154447609e+00	4.8958198263e+00	6.2508141272e-01
9.5860000000e+02	1.5000000000e+00	-8.1491858939e-01	3.4726745034e+00	7.7154447609e+00	4.8958198203e+00	6.2508141061e-01
9.5880000000e+02	1.5000000000e+00	-8.1491859128e-01	3.4726744929e+00	7.7154447609e+00	4.8958198149e+00	6.2508140872e-01
9.5900000000e+02	1.5000000000e+00	-8.1491859297e-01	3.4726744835e+00	7.7154447609e+00	4.8958198100e+00	6.2508140703e-01
9.5920000000e+02	1.5000000000e+00	-8.1491859449e-01	3.4726744750e+00	7.7154447609e+00	4.8958198057e+00	6.2508140551e-01
9.5940000000e+02	1.5000000000e+00	-8.1491859585e-01	3.4726744675e+00	7.7154447609e+00	4.8958198018e+00	6.2508140415e-01
9.5960000000e+02	1.5000000000e+00	-8.1491859707e-01	3.4726744607e+00	7.7154447609e+00	4.8958197983e+00	6.2508140293e-01
9.5980000000e+02	1.5000000000e+00	-8.1491859817e-01	3.4726744546e+00	7.7154447609e+00	4.8958197951e+00	6.2508140183e-01
9.6000000000e+02	1.5000000000e+00	-8.1491859915e-01	3.4726744492e+00	7.7154447609e+00	4.8958197923e+00	6.2508140085e-01
9.6020000000e+02	1.5000000000e+00	-8.1491860003e-01	3.4726744443e+00	7.7154447609e+00	4.8958197898e+00	6.2508139997e-01
9.6040000000e+02	1.5000000000e+00	-8.1491860082e-01	3.4726744399e+00	7.7154447609e+00	4.8958197876e+00	6.2508139918e-01
9.6060000000e+02	1.5000000000e+00	-8.1491860153e-01	3.4726744360e+00	7.7154447609e+00	4.8958197855e+00	6.2508139847e-01
9.6080000000e+02	1.5000000000e+00	-8.1491860216e-01	3.4726744324e+00	7.7154447609e+00	4.8958197837e+00	6.2508139784e-01
9.6100000000e+02	1.5000000000e+00	-8.1491860273e-01	3.4726744293e+00	7.7154447609e+00	4.8958197821e+00	6.2508139727e-01
9.6120000000e+02	1.5000000000e+00	-8.1491860324e-01	3.4726744264e+00	7.7154447609e+00	4.8958197806e+00	6.2508139676e-01
9.6140000000e+02	1.5000000000e+00	-8.1491860370e-01	3.4726744239e+00	7.7154447609e+00	4.8958197793e+00	6.2508139630e-01
9.6160000000e+02	1.5000000000e+00	-8.1491860411e-01	3.4726744216e+00	7.7154447609e+00	4.8958197781e+00	6.2508139589e-01
9.6180000000e+02	1.5000000000e+00	-8.1491860448e-01	3.4726744196e+00	7.7154447609e+00	4.8958197771e+00	6.2508139552e-01
9.6200000000e+02	1.5000000000e+00	-8.1491860481e-01	3.4726744177e+00	7.7154447609e+00	4.8958197761e+00	6.2508139519e-01
9.6220000000e+02	1.5000000000e+00	-8.1491860510e-01	3.4726744161e+00	7.7154447609e+00	4.8958197753e+00	6.2508139490e-01
9.6240000000e+02	1.5000000000e+00	-8.1491860537e-01	3.4726744146e+00	7.7154447609e+00	4.8958197745e+00	6.2508139463e-01
9.6260000000e+02	1.5000000000e+00	-8.1491860561e-01	3.4726744133e+00	7.7154447609e+00	4.8958197739e+00	6.2508139439e-01
9.6280000000e+02	1.5000000000e+00	-8.1491860582e-01	3.4726744121e+00	7.7154447609e+00	4.8958197732e+00	6.2508139418e-01
9.6300000000e+02	1.5000000000e+00	-8.1491860601e-01	3.4726744110e+00	7.7154447609e+00	4.8958197727e+00	6.2508139399e-01
9.6320000000e+02	1.5000000000e+00	-8.1491860618e-01	3.4726744101e+00	7.7154447609e+00	4.8958197722e+00	6.2508139382e-01
9.6340000000e+02	1.5000000000e+00	-8.1491860634e-01	3.4726744092e+00	7.7154447609e+00	4.8958197718e+00	6.2508139366e-01
9.6360000000e+02	1.5000000000e+00	-8.1491860648e-01	3.4726744085e+00	7.7154447609e+00	4.8958197714e+00	6.2508139352e-01
9.6380000000e+02	1.5000000000e+00	-8.1491860660e-01	3.4726744078e+00	7.7154447609e+00	4.8958197710e+00	6.2508139340e-01
9.6400000000e+02	1.5000000000e+00	-8.1491860671e-01	3.4726744072e+00	7.7154447609e+00	4.8958197707e+00	6.2508139329e-01
9.6420000000e+02	1.5000000000e+00	-8.1491860681e-01	3.4726744066e+00	7.7154447609e+00	4.8958197704e+00	6.2508139319e-01
9.6440000000e+02	1.5000000000e+00	-8.1491860690e-01	3.4726744061e+00	7.7154447609e+00	4.8958197702e+00	6.2508139310e-01
9.6460000000e+02	1.5000000000e+00	-8.1491860698e-01	3.4726744057e+00	7.7154447609e+00	4.8958197699e+00	6.2508139302e-01
9.6480000000e+02	1.5000000000e+00	-8.1491860705e-01	3.4726744053e+00	7.7154447609e+00	4.8958197697e+00	6.2508139295e-01
9.6500000000e+02	1.5000000000e+00	-8.1491860711e-01	3.4726744049e+00	7.7154447609e+00	4.8958197695e+00	6.2508139289e-01
9.6520000000e+02	1.5000000000e+00	-8.1491860717e-01	3.4726744046e+00	7.7154447609e+00	4.8958197694e+00	6.2508139283e-01
9.6540000000e+02	1.5000000000e+00	-8.1491860722e-01	3.4726744043e+00	7.7154447609e+00	4.8958197692e+00	6.2508139278e-01
9.6560000000e+02	1.5000000000e+00	-8.1491860727e-01	3.4726744041e+00	7.7154447609e+00	4.8958197691e+00	6.2508139273e-01
9.6580000000e+02	1.5000000000e+00	-8.1491860731e-01	3.4726744038e+00	7.7154447609e+00	4.8958197690e+00	6.2508139269e-01
9.6600000000e+02	1.5000000000e+00	-8.1491860735e-01	3.4726744036e+00	7.7154447609e+00	4.8958197689e+00	6.2508139265e-01
9.6620000000e+02	1.5000000000e+00	-8.1491860738e-01	3.4726744034e+00	7.7154447609e+00	4.8958197688e+00	6.2508139262e-01
9.6640000000e+02	1.5000000000e+00	-8.1491860741e-01	3.4726744033e+00	7.7154447609e+00	4.8958197687e+00	6.2508139259e-01
9.6660000000e+02	1.5000000000e+00	-8.1491860744e-01	3.4726744031e+00	7.7154447609e+00	4.8958197686e+00	6.2508139256e-01
9.6680000000e+02	1.5000000000e+00	-8.1491860746e-01	3.4726744030e+00	7.7154447609e+00	4.8958197685e+00	6.2508139254e-01
9.6700000000e+02	1.5000000000e+00	-8.1491860748e-01	3.4726744029e+00	7.7154447609e+00	4.8958197685e+00	6.2508139252e-01
9.6720000000e+02	1.5000000000e+00	-8.1491860750e-01	3.4726744028e+00	7.7154447609e+00	4.8958197684e+00	6.2508139250e-01
9.6740000000e+02	1.5000000000e+00	-8.1491860752e-01	3.4726744027e+00	7.7154447609e+00	4.8958197684e+00	6.2508139248e-01
9.6760000000e+02	1.5000000000e+00	-8.1491860754e-01	3.4726744026e+00	7.7154447609e+00	4.8958197683e+00	6.2508139246e-01
9.6780000000e+02	1.5000000000e+00	-8.1491860755e-01	3.4726744025e+00	7.7154447609e+00	4.8958197683e+00	6.2508139245e-01
9.6800000000e+02	1.5000000000e+00	-8.1491860756e-01	3.4726744024e+00	7.7154447609e+00	4.8958197683e+00	6.2508139244e-01
9.6820000000e+02	1.5000000000e+00	-8.1491860757e-01	3.4726744024e+00	7.7154447609e+00	4.8958197682e+00	6.2508139243e-01
9.6840000000e+02	1.5000000000e+00	-8.1491860758e-01	3.4726744023e+00	7.7154447609e+00	4.8958197682e+00	6.2508139242e-01
9.6860000000e+02	1.5000000000e+00	-8.1491860759e-01	3.4726744023e+00	7.7154447609e+00	4.8958197682e+00	6.2508139241e-01
9.6880000000e+02	1.5000000000e+00	-8.1491860760e-01	3.4726744022e+00	7.7154447609e+00	4.8958197681e+00	6.2508139240e-01
9.6900000000e+02	1.5000000000e+00	-8.1491860761e-01	3.4726744022e+00	7.7154447609e+00	4.8958197681e+00	6.2508139239e-01
9.6920000000e+02	1.5000000000e+00	-8.1491860762e-01	3.4726744021e+00	7.7154447609e+00	4.8958197681e+00	6.2508139238e-01
9.6940000000e+02	1.5000000000e+00	-8.1491860762e-01	3.4726744021e+00	7.7154447609e+00	4.8958197681e+00	6.2508139238e-01
9.6960000000e+02	1.5000000000e+00	-8.1491860763e-01	3.4726744021e+00	7.7154447609e+00	4.8958197681e+00	6.2508139237e-01
9.6980000000e+02	1.5000000000e+00	-8.1491860763e-01	3.4726744020e+00	7.7154447609e+00	4.8958197681e+00	6.2508139237e-01
9.7000000000e+02	1.5000000000e+00	-8.1491860764e-01	3.4726744020e+00	7.7154447609e+00	4.8958197680e+00	6.2508139236e-01
9.7020000000e+02	1.5000000000e+00	-8.1491860764e-01	3.4726744020e+00	7.7154447609e+00	4.8958197680e+00	6.2508139236e-01
9.7040000000e+02	1.5000000000e+00	-8.1491860764e-01	3.4726744020e+00	7.7154447609e+00	4.8958197680e+00	6.2508139236e-01
9.7060000000e+02	1.5000000000e+00	-8.1491860765e-01	3.4726744020e+00	7.7154447609e+00	4.8958197680e+00	6.2508139235e-01
9.7080000000e+02	1.5000000000e+00	-8.1491860765e-01	3.4726744020e+00	7.7154447609e+00	4.8958197680e+00	6.2508139235e-01
9.7100000000e+02	1.5000000000e+00	-8.1491860765e-01	3.4726744019e+00	7.7154447609e+00	4.8958197680e+00	6.2508139235e-01
9.7120000000e+02	1.5000000000e+00	-8.1491860765e-01	3.4726744019e+00	7.7154447609e+00	4.8958197680e+00	6.2508139235e-01
9.7140000000e+02	1.5000000000e+00	-8.1491860766e-01	3.4726744019e+00	7.7154447609e+00	4.8958197680e+00	6.2508139234e-01
9.7160000000e+02	1.5000000000e+00	-8.1491860766e-01	3.4726744019e+00	7.7154447609e+00	4.8958197680e+00	6.2508139234e-01
9.7180000000e+02	1.5000000000e+00	-8.1491860766e-01	3.4726744019e+00	7.7154447609e+00	4.8958197680e+00	6.2508139234e-01
9.7200000000e+02	1.5000000000e+00	-8.1491860766e-01	3.4726744019e+00	7.7154447609e+00	4.8958197680e+00	6.2508139234e-01
9.7220000000e+02	1.5000000000e+00	-8.1491860766e-01	3.4726744019e+00	7.7154447609e+00	4.8958197680e+00	6.2508139234e-01
9.7240000000e+02	1.5000000000e+00	-8.1491860766e-01	3.4726744019e+00	7.7154447609e+00	4.8958197680e+00	6.2508139234e-01
9.7260000000e+02	1.5000000000e+00	-8.1491860766e-01	3.4726744019e+00	7.7154447609e+00	4.8958197680e+00	6.2508139234e-01
9.7280000000e+02	1.5000000000e+00	-8.1491860766e-01	3.4726744019e+00	7.7154447609e+00	4.8958197680e+00	6.2508139234e-01
9.7300000000e+02	1.5000000000e+00	-8.1491860766e-01	3.4726744019e+00	7.7154447609e+00	4.8958197680e+00	6.2508139234e-01
9.7320000000e+02	1.5000000000e+00	-8.1491860767e-01	3.4726744019e+00	7.7154447609e+00	4.8958197680e+00	6.2508139233e-01
9.7340000000e+02	1.5000000000e+00	-8.1491860767e-01	3.4726744019e+00	7.7154447609e+00	4.8958197680e+00	6.2508139233e-01
9.7360000000e+02	1.5000000000e+00	-8.1491860767e-01	3.4726744019e+00	7.7154447609e+00	4.8958197680e+00	6.2508139233e-01
9.7380000000e+02	1.5000000000e+00	-8.1491860767e-01	3.4726744018e+00	7.7154447609e+00	4.8958197680e+00	6.2508139233e-01
9.7400000000e+02	1.5000000000e+00	-8.1491860767e-01	3.4726744018e+00	7.7154447609e+00	4.8958197680e+00	6.2508139233e-01
9.7420000000e+02	1.5000000000e+00	-8.1491860767e-01	3.4726744018e+00	7.7154447609e+00	4.8958197680e+00	6.2508139233e-01
9.7440000000e+02	1.5000000000e+00	-8.1491860767e-01	3.4726744018e+00	7.7154447609e+00	4.8958197680e+00	6.2508139233e-01
9.7460000000e+02	1.5000000000e+00	-8.1491860767e-01	3.4726744018e+00	7.7154447609e+00	4.8958197680e+00	6.2508139233e-01
9.7480000000e+02	1.5000000000e+00	-8.1491860767e-01	3.4726744018e+00	7.7154447609e+00	4.8958197680e+00	6.2508139233e-01
9.7500000000e+02	1.5000000000e+00	-8.1491860767e-01	3.4726744018e+00	7.7154447609e+00	4.8958197680e+00	6.2508139233e-01
9.7520000000e+02	1.5000000000e+00	-8.1491860767e-01	3.4726744018e+00	7.7154447609e+00	4.8958197680e+00	6.2508139233e-01
9.7540000000e+02	1.5000000000e+00	-8.1491860767e-01	3.4726744018e+00	7.7154447609e+00	4.8958197680e+00	6.2508139233e-01
9.7560000000e+02	1.5000000000e+00	-8.1491860767e-01	3.4726744018e+00	7.7154447609e+00	4.8958197680e+00	6.2508139233e-01
9.7580000000e+02	1.5000000000e+00	-8.1491860767e-01	3.4726744018e+00	7.7154447609e+00	4.8958197679e+00	6.2508139233e-01
9.7600000000e+02	1.5000000000e+00	-8.1491860767e-01	3.4726744018e+00	7.7154447609e+00	4.8958197679e+00	6.2508139233e-01
9.7620000000e+02	1.5000000000e+00	-8.1491860767e-01	3.4726744018e+00	7.7154447609e+00	4.8958197679e+00	6.2508139233e-01
9.7640000000e+02	1.5000000000e+00	-8.1491860767e-01	3.4726744018e+00	7.7154447609e+00	4.8958197679e+00	6.2508139233e-01
9.7660000000e+02	1.5000000000e+00	-8.1491860767e-01	3.4726744018e+00	7.7154447609e+00	4.8958197679e+00	6.2508139233e-01
9.7680000000e+02	1.5000000000e+00	-8.1491860767e-01	3.4726744018e+00	7.7154447609e+00	4.8958197679e+00	6.2508139233e-01
9.7700000000e+02	1.5000000000e+00	-8.1491860767e-01	3.4726744018e+00	7.7154447609e+00	4.8958197679e+00	6.2508139233e-01
9.7720000000e+02	1.5000000000e+00	-8.1491860767e-01	3.4726744018e+00	7.7154447609e+00	4.8958197679e+00	6.2508139233e-01
9.7740000000e+02	1.5000000000e+00	-8.1491860767e-01	3.4726744018e+00	7.7154447609e+00	4.8958197679e+00	6.2508139233e-01
9.7760000000e+02	1.5000000000e+00	-8.1491860767e-01	3.4726744018e+00	7.7154447609e+00	4.8958197679e+00	6.2508139233e-01
9.7780000000e+02	1.5000000000e+00	-8.1491860767e-01	3.4726744018e+00	7.7154447609e+00	4.8958197679e+00	6.2508139233e-01
9.7800000000e+02	1.5000000000e+00	-8.1491860767e-01	3.4726744018e+00	7.7154447609e+00	4.8958197679e+00	6.2508139233e-01
9.7820000000e+02	1.5000000000e+00	-8.1491860767e-01	3.4726744018e+00	7.7154447609e+00	4.8958197679e+00	6.2508139233e-01
9.7840000000e+02	1.5000000000e+00	-8.1491860767e-01	3.4726744018e+00	7.7154447609e+00	4.8958197679e+00	6.2508139233e-01
9.7860000000e+02	1.5000000000e+00	-8.1491860767e-01	3.4726744018e+00	7.7154447609e+00	4.8958197679e+00	6.2508139233e-01
9.7880000000e+02	1.5000000000e+00	-8.1491860767e-01	3.4726744018e+00	7.7154447609e+00	4.8958197679e+00	6.2508139233e-01
9.7900000000e+02	1.5000000000e+00	-8.1491860767e-01	3.4726744018e+00	7.7154447609e+00	4.8958197679e+00	6.2508139233e-01
9.7920000000e+02	1.5000000000e+00	-8.1491860767e-01	3.4726744018e+00	7.7154447609e+00	4.8958197679e+00	6.2508139233e-01
9.7940000000e+02	1.5000000000e+00	-8.1491860767e-01	3.4726744018e+00	7.7154447609e+00	4.8958197679e+00	6.2508139233e-01
9.7960000000e+02	1.5000000000e+00	-8.1491860767e-01	3.4726744018e+00	7.7154447609e+00	4.8958197679e+00	6.2508139233e-01
9.7980000000e+02	1.5000000000e+00	-8.1491860767e-01	3.4726744018e+00	7.7154447609e+00	4.8958197679e+00	6.2508139233e-01
9.8000000000e+02	1.5000000000e+00	-8.1491860767e-01	3.4726744018e+00	7.7154447609e+00	4.8958197679e+00	6.2508139233e-01
9.8020000000e+02	1.5000000000e+00	-8.1491860767e-01	3.4726744018e+00	7.7154447609e+00	4.8958197679e+00	6.2508139233e-01
9.8040000000e+02	1.5000000000e+00	-8.1491860767e-01	3.4726744018e+00	7.7154447609e+00	4.8958197679e+00	6.2508139233e-01
9.8060000000e+02	1.5000000000e+00	-8.1491860767e-01	3.4726744018e+00	7.7154447609e+00	4.8958197679e+00	6.2508139233e-01
9.8080000000e+02	1.5000000000e+00	-8.1491860767e-01	3.4726744018e+00	7.7154447609e+00	4.8958197679e+00	6.2508139233e-01
9.8100000000e+02	1.5000000000e+00	-8.1491860767e-01	3.4726744018e+00	7.7154447609e+00	4.8958197679e+00	6.2508139233e-01
9.8120000000e+02	1.5000000000e+00	-8.1491860767e-01	3.4726744018e+00	7.7154447609e+00	4.8958197679e+00	6.2508139233e-01
9.8140000000e+02	1.5000000000e+00	-8.1491860767e-01	3.4726744018e+00	7.7154447609e+00	4.8958197679e+00	6.2508139233e-01
9.8160000000e+02	1.5000000000e+00	-8.1491860767e-01	3.4726744018e+00	7.7154447609e+00	4.8958197679e+00	6.2508139233e-01
9.8180000000e+02	1.5000000000e+00	-8.1491860767e-01	3.4726744018e+00	7.7154447609e+00	4.8958197679e+00	6.2508139233e-01
9.8200000000e+02	1.5000000000e+00	-8.1491860767e-01	3.4726744018e+00	7.7154447609e+00	4.8958197679e+00	6.2508139233e-01
9.8220000000e+02	1.5000000000e+00	-8.1491860767e-01	3.4726744018e+00	7.7154447609e+00	4.8958197679e+00	6.2508139233e-01
9.8240000000e+02	1.5000000000e+00	-8.1491860767e-01	3.4726744018e+00	7.7154447609e+00	4.8958197679e+00	6.2508139233e-01
9.8260000000e+02	1.5000000000e+00	-8.1491860767e-01	3.4726744018e+00	7.7154447609e+00	4.8958197679e+00	6.2508139233e-01
9.8280000000e+02	1.5000000000e+00	-8.1491860767e-01	3.4726744018e+00	7.7154447609e+00	4.8958197679e+00	6.2508139233e-01
9.8300000000e+02	1.5000000000e+00	-8.1491860767e-01	3.4726744018e+00	7.7154447609e+00	4.8958197679e+00	6.2508139233e-01
9.8320000000e+02	1.5000000000e+00	-8.1491860767e-01	3.4726744018e+00	7.7154447609e+00	4.8958197679e+00	6.2508139233e-01
9.8340000000e+02	1.5000000000e+00	-8.1491860767e-01	3.4726744018e+00	7.7154447609e+00	4.8958197679e+00	6.2508139233e-01
9.8360000000e+02	1.5000000000e+00	-8.1491860767e-01	3.4726744018e+00	7.7154447609e+00	4.8958197679e+00	6.2508139233e-01
9.8380000000e+02	1.5000000000e+00	-8.1491860767e-01	3.4726744018e+00	7.7154447609e+00	4.8958197679e+00	6.2508139233e-01
9.8400000000e+02	1.5000000000e+00	-8.1491860767e-01	3.4726744018e+00	7.7154447609e+00	4.8958197679e+00	6.2508139233e-01
9.8420000000e+02	1.5000000000e+00	-8.1491860767e-01	3.4726744018e+00	7.7154447609e+00	4.8958197679e+00	6.2508139233e-01
9.8440000000e+02	1.5000000000e+00	-8.1491860767e-01	3.4726744018e+00	7.7154447609e+00	4.8958197679e+00	6.2508139233e-01
9.8460000000e+02	1.5000000000e+00	-8.1491860767e-01	3.4726744018e+00	7.7154447609e+00	4.8958197679e+00	6.2508139233e-01
9.8480000000e+02	1.5000000000e+00	-8.1491860767e-01	3.4726744018e+00	7.7154447609e+00	4.8958197679e+00	6.2508139233e-01
9.8500000000e+02	1.5000000000e+00	-8.1491860767e-01	3.4726744018e+00	7.7154447609e+00	4.8958197679e+00	6.2508139233e-01
9.8520000000e+02	1.5000000000e+00	-8.1491860767e-01	3.4726744018e+00	7.7154447609e+00	4.8958197679e+00	6.2508139233e-01
9.8540000000e+02	1.5000000000e+00	-8.1491860767e-01	3.4726744018e+00	7.7154447609e+00	4.8958197679e+00	6.2508139233e-01
9.8560000000e+02	1.5000000000e+00	-8.1491860767e-01	3.4726744018e+00	7.7154447609e+00	4.8958197679e+00	6.2508139233e-01
9.8580000000e+02	1.5000000000e+00	-8.1491860767e-01	3.4726744018e+00	7.7154447609e+00	4.8958197679e+00	6.2508139233e-01
9.8600000000e+02	1.5000000000e+00	-8.1491860767e-01	3.4726744018e+00	7.7154447609e+00	4.8958197679e+00	6.2508139233e-01
9.8620000000e+02	1.5000000000e+00	-8.1491860767e-01	3.4726744018e+00	7.7154447609e+00	4.8958197679e+00	6.2508139233e-01
9.8640000000e+02	1.5000000000e+00	-8.1491860767e-01	3.4726744018e+00	7.7154447609e+00	4.8958197679e+00	6.2508139233e-01
9.8660000000e+02	1.5000000000e+00	-8.1491860767e-01	3.4726744018e+00	7.7154447609e+00	4.8958197679e+00	6.2508139233e-01
9.8680000000e+02	1.5000000000e+00	-8.1491860767e-01	3.4726744018e+00	7.7154447609e+00	4.8958197679e+00	6.2508139233e-01
9.8700000000e+02	1.5000000000e+00	-8.1491860767e-01	3.4726744018e+00	7.7154447609e+00	4.8958197679e+00	6.2508139233e-01
9.8720000000e+02	1.5000000000e+00	-8.1491860767e-01	3.4726744018e+00	7.7154447609e+00	4.8958197679e+00	6.2508139233e-01
9.8740000000e+02	1.5000000000e+00	-8.1491860767e-01	3.4726744018e+00	7.7154447609e+00	4.8958197679e+00	6.2508139233e-01
9.8760000000e+02	1.5000000000e+00	-8.1491860767e-01	3.4726744018e+00	7.7154447609e+00	4.8958197679e+00	6.2508139233e-01
9.8780000000e+02	1.5000000000e+00	-8.1491860767e-01	3.4726744018e+00	7.7154447609e+00	4.8958197679e+00	6.2508139233e-01
9.8800000000e+02	1.5000000000e+00	-8.1491860767e-01	3.4726744018e+00	7.7154447609e+00	4.8958197679e+00	6.2508139233e-01
9.8820000000e+02	1.5000000000e+00	-8.1491860767e-01	3.4726744018e+00	7.7154447609e+00	4.8958197679e+00	6.2508139233e-01
9.8840000000e+02	1.5000000000e+00	-8.1491860767e-01	3.4726744018e+00	7.7154447609e+00	4.8958197679e+00	6.2508139233e-01
9.8860000000e+02	1.5000000000e+00	-8.1491860767e-01	3.4726744018e+00	7.7154447609e+00	4.8958197679e+00	6.2508139233e-01
9.8880000000e+02	1.5000000000e+00	-8.1491860767e-01	3.4726744018e+00	7.7154447609e+00	4.8958197679e+00	6.2508139233e-01
9.8900000000e+02	1.5000000000e+00	-8.1491860767e-01	3.4726744018e+00	7.7154447609e+00	4.8958197679e+00	6.2508139233e-01
9.8920000000e+02	1.5000000000e+00	-8.1491860767e-01	3.4726744018e+00	7.7154447609e+00	4.8958197679e+00	6.2508139233e-01
9.8940000000e+02	1.5000000000e+00	-8.1491860767e-01	3.4726744018e+00	7.7154447609e+00	4.8958197679e+00	6.2508139233e-01
9.8960000000e+02	1.5000000000e+00	-8.1491860767e-01	3.4726744018e+00	7.7154447609e+00	4.8958197679e+00	6.2508139233e-01
9.8980000000e+02	1.5000000000e+00	-8.1491860767e-01	3.4726744018e+00	7.7154447609e+00	4.8958197679e+00	6.2508139233e-01
9.9000000000e+02	1.5000000000e+00	-8.1491860767e-01	3.4726744018e+00	7.7154447609e+00	4.8958197679e+00	6.2508139233e-01
9.9020000000e+02	1.5000000000e+00	-8.1491860767e-01	3.4726744018e+00	7.7154447609e+00	4.8958197679e+00	6.2508139233e-01
9.9040000000e+02	1.5000000000e+00	-8.1491860767e-01	3.4726744018e+00	7.7154447609e+00	4.8958197679e+00	6.2508139233e-01
9.9060000000e+02	1.5000000000e+00	-8.1491860767e-01	3.4726744018e+00	7.7154447609e+00	4.8958197679e+00	6.2508139233e-01
9.9080000000e+02	1.5000000000e+00	-8.1491860767e-01	3.4726744018e+00	7.7154447609e+00	4.8958197679e+00	6.2508139233e-01
9.9100000000e+02	1.5000000000e+00	-8.1491860767e-01	3.4726744018e+00	7.7154447609e+00	4.8958197679e+00	6.2508139233e-01
9.9120000000e+02	1.5000000000e+00	-8.1491860767e-01	3.4726744018e+00	7.7154447609e+00	4.8958197679e+00	6.2508139233e-01
9.9140000000e+02	1.5000000000e+00	-8.1491860767e-01	3.4726744018e+00	7.7154447609e+00	4.8958197679e+00	6.2508139233e-01
9.9160000000e+02	1.5000000000e+00	-8.1491860767e-01	3.4726744018e+00	7.7154447609e+00	4.8958197679e+00	6.2508139233e-01
9.9180000000e+02	1.5000000000e+00	-8.1491860767e-01	3.4726744018e+00	7.7154447609e+00	4.8958197679e+00	6.2508139233e-01
9.9200000000e+02	1.5000000000e+00	-8.1491860767e-01	3.4726744018e+00	7.7154447609e+00	4.8958197679e+00	6.2508139233e-01
9.9220000000e+02	1.5000000000e+00	-8.1491860767e-01	3.4726744018e+00	7.7154447609e+00	4.8958197679e+00	6.2508139233e-01
9.9240000000e+02	1.5000000000e+00	-8.1491860767e-01	3.4726744018e+00	7.7154447609e+00	4.8958197679e+00	6.2508139233e-01
9.9260000000e+02	1.5000000000e+00	-8.1491860767e-01	3.4726744018e+00	7.7154447609e+00	4.8958197679e+00	6.2508139233e-01
9.9280000000e+02	1.5000000000e+00	-8.1491860767e-01	3.4726744018e+00	7.7154447609e+00	4.8958197679e+00	6.2508139233e-01
9.9300000000e+02	1.5000000000e+00	-8.1491860767e-01	3.4726744018e+00	7.7154447609e+00	4.8958197679e+00	6.2508139233e-01
9.9320000000e+02	1.5000000000e+00	-8.1491860767e-01	3.4726744018e+00	7.7154447609e+00	4.8958197679e+00	6.2508139233e-01
9.9340000000e+02	1.5000000000e+00	-8.1491860767e-01	3.4726744018e+00	7.7154447609e+00	4.8958197679e+00	6.2508139233e-01
9.9360000000e+02	1.5000000000e+00	-8.1491860767e-01	3.4726744018e+00	7.7154447609e+00	4.8958197679e+00	6.2508139233e-01
9.9380000000e+02	1.5000000000e+00	-8.1491860767e-01	3.4726744018e+00	7.7154447609e+00	4.8958197679e+00	6.2508139233e-01
9.9400000000e+02	1.5000000000e+00	-8.1491860767e-01	3.4726744018e+00	7.7154447609e+00	4.8958197679e+00	6.2508139233e-01
9.9420000000e+02	1.5000000000e+00	-8.1491860767e-01	3.4726744018e+00	7.7154447609e+00	4.8958197679e+00	6.2508139233e-01
9.9440000000e+02	1.5000000000e+00	-8.1491860767e-01	3.4726744018e+00	7.7154447609e+00	4.8958197679e+00	6.2508139233e-01
9.9460000000e+02	1.5000000000e+00	-8.1491860767e-01	3.4726744018e+00	7.7154447609e+00	4.8958197679e+00	6.2508139233e-01
9.9480000000e+02	1.5000000000e+00	-8.1491860767e-01	3.4726744018e+00	7.7154447609e+00	4.8958197679e+00	6.2508139233e-01
9.9500000000e+02	1.5000000000e+00	-8.1491860767e-01	3.4726744018e+00	7.7154447609e+00	4.8958197679e+00	6.2508139233e-01
9.9520000000e+02	1.5000000000e+00	-8.1491860767e-01	3.4726744018e+00	7.7154447609e+00	4.8958197679e+00	6.2508139233e-01
9.9540000000e+02	1.5000000000e+00	-8.1491860767e-01	3.4726744018e+00	7.7154447609e+00	4.8958197679e+00	6.2508139233e-01
9.9560000000e+02	1.5000000000e+00	-8.1491860767e-01	3.4726744018e+00	7.7154447609e+00	4.8958197679e+00	6.2508139233e-01
9.9580000000e+02	1.5000000000e+00	-8.1491860767e-01	3.4726744018e+00	7.7154447609e+00	4.8958197679e+00	6.2508139233e-01
9.9600000000e+02	1.5000000000e+00	-8.1491860767e-01	3.4726744018e+00	7.7154447609e+00	4.8958197679e+00	6.2508139233e-01
9.9620000000e+02	1.5000000000e+00	-8.1491860767e-01	3.4726744018e+00	7.7154447609e+00	4.8958197679e+00	6.2508139233e-01
9.9640000000e+02	1.5000000000e+00	-8.1491860767e-01	3.4726744018e+00	7.7154447609e+00	4.8958197679e+00	6.2508139233e-01
9.9660000000e+02	1.5000000000e+00	-8.1491860767e-01	3.4726744018e+00	7.7154447609e+00	4.8958197679e+00	6.2508139233e-01
9.9680000000e+02	1.5000000000e+00	-8.1491860767e-01	3.4726744018e+00	7.7154447609e+00	4.8958197679e+00	6.2508139233e-01
9.9700000000e+02	1.5000000000e+00	-8.1491860767e-01	3.4726744018e+00	7.7154447609e+00	4.8958197679e+00	6.2508139233e-01
9.9720000000e+02	1.5000000000e+00	-8.1491860767e-01	3.4726744018e+00	7.7154447609e+00	4.8958197679e+00	6.2508139233e-01
9.9740000000e+02	1.5000000000e+00	-8.1491860767e-01	3.4726744018e+00	7.7154447609e+00	4.8958197679e+00	6.2508139233e-01
9.9760000000e+02	1.5000000000e+00	-8.1491860767e-01	3.4726744018e+00	7.7154447609e+00	4.8958197679e+00	6.2508139233e-01
9.9780000000e+02	1.5000000000e+00	-8.1491860767e-01	3.4726744018e+00	7.7154447609e+00	4.8958197679e+00	6.2508139233e-01
9.9800000000e+02	1.5000000000e+00	-8.1491860767e-01	3.4726744018e+00	7.7154447609e+00	4.8958197679e+00	6.2508139233e-01
9.9820000000e+02	1.5000000000e+00	-8.1491860767e-01	3.4726744018e+00	7.7154447609e+00	4.8958197679e+00	6.2508139233e-01
9.9840000000e+02	1.5000000000e+00	-8.1491860767e-01	3.4726744018e+00	7.7154447609e+00	4.8958197679e+00	6.2508139233e-01
9.9860000000e+02	1.5000000000e+00	-8.1491860767e-01	3.4726744018e+00	7.7154447609e+00	4.8958197679e+00	6.2508139233e-01
9.9880000000e+02	1.5000000000e+00	-8.1491860767e-01	3.4726744018e+00	7.7154447609e+00	4.8958197679e+00	6.2508139233e-01
9.9900000000e+02	1.5000000000e+00	-8.1491860767e-01	3.4726744018e+00	7.7154447609e+00	4.8958197679e+00	6.2508139233e-01
9.9920000000e+02	1.5000000000e+00	-8.1491860767e-01	3.4726744018e+00	7.7154447609e+00	4.8958197679e+00	6.2508139233e-01
9.9940000000e+02	1.5000000000e+00	-8.1491860767e-01	3.4726744018e+00	7.7154447609e+00	4.8958197679e+00	6.2508139233e-01
9.9960000000e+02	1.5000000000e+00	-8.1491860767e-01	3.4726744018e+00	7.7154447609e+00	4.8958197679e+00	6.2508139233e-01
9.9980000000e+02	1.5000000000e+00	-8.1491860767e-01	3.4726744018e+00	7.7154447609e+00	4.8958197679e+00	6.2508139233e-01
1.0000000000e+03	-1.5000000000e+00	-8.1491860767e-01	3.4726744018e+00	7.7154447609e+00	4.8958197679e+00	6.2508139233e-01
